# This file uses centimeters as units for non-parametric coordinates.

mtllib muadDib.mtl
g default
v 56.140602 47.962086 80.462207
v 52.521002 53.570889 83.105311
v 43.999699 45.251184 94.760306
v 49.859801 34.765485 88.683706
v -49.179199 58.532784 85.335711
v -52.521002 53.570889 83.105311
v -43.999699 45.251184 94.760306
v -38.951001 55.378785 96.960208
v 78.397900 41.357992 51.334406
v 64.697999 41.028488 69.777406
v 62.760001 26.293690 69.612603
v 79.667097 26.868091 48.327003
v -56.140602 47.962086 80.462207
v -64.697999 41.028488 69.777406
v -62.760001 26.293690 69.612603
v -49.859801 34.765485 88.683706
v 85.722601 49.213292 41.478007
v 92.643398 36.625395 33.811206
v 84.929800 68.482699 26.399910
v 86.849701 58.253092 33.196709
v 95.801198 50.357696 18.471008
v 87.869298 69.002496 6.819011
v -85.722601 49.213292 41.478007
v -86.849701 58.253092 33.196709
v -95.801198 50.357696 18.471008
v -92.643398 36.625395 33.811206
v -84.929800 68.482699 26.399910
v -87.869298 69.002496 6.819011
v -79.667097 26.868091 48.327003
v -78.397900 41.357992 51.334406
v 49.179199 58.532784 85.335711
v 48.340100 66.713284 83.041512
v 35.857400 67.114785 95.141511
v 38.951001 55.378785 96.960208
v -48.506600 76.052587 81.759710
v -32.925600 80.374083 92.294813
v -39.541799 102.517485 78.470819
v -53.151798 92.009085 74.341115
v 39.541799 102.517485 78.470819
v 53.151798 92.009085 74.341115
v 61.124098 99.784388 62.419616
v 54.121602 114.239588 59.117020
v -54.121602 114.239588 59.117020
v -61.124098 99.784388 62.419616
v 70.244300 115.379697 35.719020
v 70.625198 100.765888 46.349917
v -70.244300 115.379697 35.719020
v -70.625198 100.765888 46.349917
v 79.546899 88.231994 28.796914
v 80.054599 97.419099 14.364616
v -79.546899 88.231994 28.796914
v -80.054599 97.419099 14.364616
v 31.975499 80.852082 92.770912
v 48.506600 76.052587 81.759710
v -48.340100 66.713284 83.041512
v -35.857400 67.114785 95.141511
v -22.755900 68.124182 104.751610
v -22.366500 88.273987 93.504312
v 22.755900 68.124182 104.751610
v 29.005399 52.850580 109.649405
v -29.229701 112.928092 76.480216
v 29.229701 112.928092 76.480216
v 22.366500 88.273987 93.504312
v -35.384101 37.432984 108.444709
v -29.075399 52.917481 109.541103
v 35.384101 37.432984 108.444709
v 43.499801 21.718884 99.748204
v -60.397100 16.568889 71.071902
v -43.499801 21.718884 99.748204
v 60.397100 16.568889 71.071902
v -78.835201 17.511792 46.201804
v 78.835201 17.511792 46.201804
v -97.114998 26.910596 27.342506
v 97.114998 26.910596 27.342506
v -100.033998 48.178600 8.815408
v 100.033998 48.178600 8.815408
v -87.983501 73.310799 -5.704988
v 87.983501 73.310799 -5.704988
v -80.707401 113.749100 -10.357682
v 80.707401 113.749100 -10.357682
v -62.955499 140.336392 17.142123
v 62.955499 140.336392 17.142123
v -43.723401 130.538992 51.526222
v 43.723401 130.538992 51.526222
v 81.977898 144.416801 -24.786477
v 67.803502 162.499596 -9.401974
v -67.803502 162.499596 -9.401974
v 85.558599 135.677204 -56.496181
v 87.167197 139.512009 -40.732278
v 84.026003 106.631809 -32.819683
v 84.805900 104.449710 -53.456885
v -84.026003 106.631809 -32.819683
v -87.167197 139.512009 -40.732278
v -85.558599 135.677204 -56.496181
v -84.805900 104.449710 -53.456885
v 81.756902 132.887616 -85.775878
v 80.221403 102.791811 -80.075581
v 74.895900 101.786509 -92.775281
v 77.888000 131.142013 -100.193384
v -74.895900 101.786509 -92.775281
v -80.221403 102.791811 -80.075581
v -81.756902 132.887616 -85.775878
v 55.418998 111.253922 -102.185887
v 64.885098 138.503414 -108.766879
v -64.885098 138.503414 -108.766879
v -55.418998 111.253922 -102.185887
v 38.192701 161.306609 -83.837876
v 47.804001 149.874919 -103.102576
v 29.737800 126.300910 -91.739181
v 21.960500 143.535114 -74.299574
v -47.804001 149.874919 -103.102576
v -38.192701 161.306609 -83.837876
v -21.960500 143.535114 -74.299574
v -29.737800 126.300910 -91.739181
v 37.183601 168.871008 -62.299272
v 20.870399 154.116007 -50.590174
v -20.870399 154.116007 -50.590174
v 24.209601 157.184403 -27.336175
v 40.929499 171.631903 -42.806472
v -40.929499 171.631903 -42.806472
v -24.209601 157.184403 -27.336175
v 50.693297 169.702808 -22.790772
v 32.479000 154.416501 4.859225
v -50.693297 169.702808 -22.790772
v -32.479000 154.416501 4.859225
v 7.989100 2.768775 153.285802
v 0.000000 -1.856625 151.950597
v 0.000000 -7.199924 149.389302
v 15.204400 -6.707524 145.887600
v -15.204400 -6.707524 145.887600
v -7.989100 2.768775 153.285802
v 20.827700 2.832977 144.278098
v 11.068900 8.902676 151.790406
v -11.068900 8.902676 151.790406
v -20.827700 2.832977 144.278098
v -5.307500 25.044575 146.560101
v -10.262700 34.910177 134.539610
v -19.228700 26.425977 135.914700
v -15.031900 22.404276 143.306104
v 19.228700 26.425977 135.914700
v 15.031900 22.404276 143.306104
v 13.702700 15.561875 148.657301
v 22.984000 13.676977 139.551797
v -22.984000 13.676977 139.551797
v -13.702700 15.561875 148.657301
v 0.000000 -12.144723 144.212196
v 10.792200 -14.084423 137.473998
v -10.792200 -14.084423 137.473998
v 18.934600 -13.986420 124.837599
v 25.240299 -3.209521 130.101394
v -25.240299 -3.209521 130.101394
v -18.934600 -13.986420 124.837599
v 0.000000 -17.723322 139.701697
v 8.244900 -17.455221 133.829495
v -8.244900 -17.455221 133.829495
v 10.802300 -19.628619 121.412000
v -10.802300 -19.628619 121.412000
v 28.038099 4.271379 126.309396
v -28.038099 4.271379 126.309396
v 29.751101 15.504580 122.284105
v 26.352200 31.520880 123.217004
v -26.352200 31.520880 123.217004
v -29.751101 15.504580 122.284105
v -16.279501 49.405579 119.883307
v 10.262700 34.910177 134.539610
v 5.307500 25.044575 146.560101
v 16.279501 49.405579 119.883307
v -25.709301 -15.378116 102.744601
v -14.044300 -21.444116 98.178598
v 14.044300 -21.444116 98.178598
v 25.709301 -15.378116 102.744601
v 0.000000 -21.157119 120.485195
v 0.000000 -23.065015 98.811194
v 17.373700 120.237589 73.872318
v 13.259900 94.519284 91.929415
v 12.914900 70.836885 105.060815
v -12.914900 70.836885 105.060815
v -13.259900 94.519284 91.929415
v -17.373700 120.237589 73.872318
v -24.711300 142.014591 45.996224
v 24.711300 142.014591 45.996224
v 0.000000 149.296303 -45.455077
v 0.000000 133.073210 -70.500579
v 0.000000 156.716005 -22.791275
v 0.000000 158.445297 8.835726
v 0.000000 146.418493 45.270023
v 28.954300 97.105113 -96.337684
v 59.362203 75.560215 -92.318189
v -28.954300 97.105113 -96.337684
v -59.362203 75.560215 -92.318189
v 91.172397 59.252309 -68.108090
v 77.319098 39.511413 -77.330094
v -91.172397 59.252309 -68.108090
v -77.319098 39.511413 -77.330094
v 95.823097 64.862008 -41.399489
v 92.122698 69.319806 -22.766288
v -95.823097 64.862008 -41.399489
v -92.122698 69.319806 -22.766288
v 94.476801 61.645410 -59.955492
v -94.476801 61.645410 -59.955492
v 104.150796 14.199910 -59.374497
v 82.356399 21.133412 -73.269596
v -82.356399 21.133412 -73.269596
v -104.150796 14.199910 -59.374497
v 64.277297 -16.690589 -65.643105
v 85.892898 -23.286493 -49.128104
v -64.277297 -16.690589 -65.643105
v -85.892898 -23.286493 -49.128104
v 0.000000 123.484588 73.620322
v 0.357700 25.252375 146.973900
v 0.000000 37.060877 134.413809
v 0.000000 52.016382 119.787403
v 0.000000 72.315485 104.988813
v 0.000000 96.655187 91.618315
v 54.386997 -23.595590 -60.044501
v 60.923702 -35.189795 -37.076807
v 29.290700 -34.518296 -31.351107
v 28.304401 -31.374889 -56.671303
v -29.290700 -34.518296 -31.351107
v -28.304401 -31.374889 -56.671303
v 0.000000 -33.632690 -52.993208
v 0.000000 -33.654396 -27.902606
v -60.923702 -35.189795 -37.076807
v -54.386997 -23.595590 -60.044501
v 92.303503 161.406514 -51.756976
v 90.926498 164.712710 -41.944373
v -90.926498 164.712710 -41.944373
v -92.303503 161.406514 -51.756976
v 86.361098 168.833106 -32.419872
v 73.147899 182.785205 -26.258171
v -86.361098 168.833106 -32.419872
v -73.147899 182.785205 -26.258171
v -57.506597 189.589603 -43.603369
v 57.506597 189.589603 -43.603369
v -51.922399 190.453706 -59.795867
v -48.920500 187.780214 -76.747971
v 51.922399 190.453706 -59.795867
v 48.920500 187.780214 -76.747971
v -50.339103 181.166617 -95.865870
v 50.339103 181.166617 -95.865870
v -60.001802 172.317821 -112.487872
v 60.001802 172.317821 -112.487872
v -78.850001 165.172822 -116.506573
v -69.893497 166.325719 -117.154774
v 78.850001 165.172822 -116.506573
v 69.893497 166.325719 -117.154774
v 76.421797 194.419024 -129.427473
v 85.542399 191.878125 -130.541365
v -83.798301 223.551130 -145.006561
v -76.421797 194.419024 -129.427473
v -85.542399 191.878125 -130.541365
v -94.633299 219.176436 -148.241270
v 83.798301 223.551130 -145.006561
v 94.602799 248.603133 -166.231556
v 104.529500 242.329339 -168.477460
v 94.633299 219.176436 -148.241270
v -103.939605 267.256123 -184.007959
v -94.602799 248.603133 -166.231556
v -104.529500 242.329339 -168.477460
v -112.533605 256.540233 -184.083062
v 134.439194 297.686638 -231.847953
v 112.533605 256.540233 -184.083062
v 103.939605 267.256123 -184.007959
v 121.230304 299.853027 -220.846652
v -121.230304 299.853027 -220.846652
v -134.439194 297.686638 -231.847953
v 148.158896 333.467240 -260.410946
v 141.157806 312.437241 -245.518252
v 129.729104 318.210641 -239.231153
v 135.335398 340.138047 -251.878945
v -141.157806 312.437241 -245.518252
v -129.729104 318.210641 -239.231153
v 164.110696 382.423039 -267.594728
v 157.192099 354.757734 -266.681232
v 140.715694 361.839336 -258.089150
v 148.286104 386.444849 -258.323845
v -148.158896 333.467240 -260.410946
v -157.192099 354.757734 -266.681232
v -140.715694 361.839336 -258.089150
v -135.335398 340.138047 -251.878945
v 175.913799 418.555635 -255.386141
v 158.795404 415.142863 -249.577741
v 163.900602 435.390320 -234.321023
v 182.069194 438.490954 -237.297225
v -175.913799 418.555635 -255.386141
v -158.795404 415.142863 -249.577741
v -148.286104 386.444849 -258.323845
v -164.110696 382.423039 -267.594728
v 185.453796 453.297649 -211.125729
v 165.114796 450.925956 -207.565425
v 164.113605 453.256828 -184.229527
v 186.329699 455.384714 -183.798823
v -183.722305 443.757238 -228.788327
v -163.902199 441.307438 -225.749635
v -163.900602 435.390320 -234.321023
v -182.069194 438.490954 -237.297225
v 163.993096 447.725943 -167.712031
v 157.532501 424.175142 -141.766634
v 177.846801 426.615642 -135.786929
v 185.985303 452.614335 -168.915329
v -150.946605 401.779720 -127.338535
v -157.532501 424.175142 -141.766634
v -177.846801 426.615642 -135.786929
v -168.387997 398.997923 -121.123833
v 134.025705 302.217402 -82.271950
v 150.000203 348.742906 -97.595843
v 135.215294 347.405807 -99.309346
v 123.179495 305.473603 -82.872848
v -135.215294 347.405807 -99.309346
v -142.155695 374.232120 -112.261139
v -158.305800 371.381420 -108.464538
v -150.000203 348.742906 -97.595843
v 125.587106 273.676718 -75.894454
v 115.882301 273.738301 -72.562555
v 107.895899 232.715116 -60.019664
v 114.286697 232.492410 -66.200165
v -125.587106 273.676718 -75.894454
v -115.882301 273.738301 -72.562555
v -123.179495 305.473603 -82.872848
v -134.025705 302.217402 -82.271950
v 103.235495 195.417104 -58.666066
v 99.131799 196.967908 -50.558368
v -114.286697 232.492410 -66.200165
v -103.235495 195.417104 -58.666066
v -99.131799 196.967908 -50.558368
v -107.895899 232.715116 -60.019664
v 150.946605 401.779720 -127.338535
v 142.155695 374.232120 -112.261139
v 158.305800 371.381420 -108.464538
v 168.387997 398.997923 -121.123833
v 59.908998 206.677717 -110.100164
v 67.591298 199.982318 -123.325768
v -68.980002 233.446428 -126.590858
v -59.908998 206.677717 -110.100164
v -67.591298 199.982318 -123.325768
v -76.357800 227.626728 -138.383459
v 68.980002 233.446428 -126.590858
v 78.084499 260.187817 -145.685356
v 85.811698 253.941824 -157.948155
v 76.357800 227.626728 -138.383459
v -88.090998 286.690334 -166.516150
v -78.084499 260.187817 -145.685356
v -85.811698 253.941824 -157.948155
v -95.817900 277.911430 -178.684154
v 108.385706 305.004034 -206.475852
v 95.817900 277.911430 -178.684154
v 88.090998 286.690334 -166.516150
v 98.668897 313.174827 -190.079054
v -108.385706 305.004034 -206.475852
v -98.668897 313.174827 -190.079054
v 117.117095 326.836933 -227.122850
v 106.496203 336.094032 -208.221834
v 113.327897 357.447231 -219.646944
v 122.773099 347.799149 -237.976947
v -117.117095 326.836933 -227.122850
v -106.496203 336.094032 -208.221834
v 127.928805 367.434446 -242.675149
v 118.929398 372.307146 -224.739443
v 125.631404 387.520541 -226.627239
v 134.939003 387.625638 -242.763027
v -127.928805 367.434446 -242.675149
v -118.929398 372.307146 -224.739443
v -113.327897 357.447231 -219.646944
v -122.773099 347.799149 -237.976947
v 142.379296 407.751551 -237.261634
v 131.975901 402.696837 -223.794633
v 135.902202 413.289249 -217.591934
v 147.534204 423.623122 -226.882031
v -142.379296 407.751551 -237.261634
v -131.975901 402.696837 -223.794633
v -125.631404 387.520541 -226.627239
v -134.939003 387.625638 -242.763027
v 145.549595 432.136420 -170.882631
v 130.527794 414.101439 -179.200033
v 125.048101 402.148608 -167.295831
v 139.279699 415.529848 -153.661136
v -125.048101 402.148608 -167.295831
v -139.279699 415.529848 -153.661136
v -135.349500 400.032829 -140.218836
v -119.204295 387.134434 -155.573436
v 148.287499 436.414418 -201.973319
v 136.678505 422.067436 -200.507739
v 134.479201 420.521243 -190.349427
v 146.680403 436.387617 -186.598027
v -148.180997 430.688035 -216.691638
v -137.078094 418.964849 -209.856633
v -135.902202 413.289249 -217.591934
v -147.534204 423.623122 -226.882031
v 119.204295 387.134434 -155.573436
v 111.214602 364.839434 -140.278542
v 127.247906 373.159119 -122.514342
v 135.349500 400.032829 -140.218836
v -102.463400 337.458321 -122.664945
v -111.214602 364.839434 -140.278542
v -127.247906 373.159119 -122.514342
v -120.460701 343.641012 -105.325941
v 112.007797 307.183924 -88.053647
v 120.460701 343.641012 -105.325941
v 102.463400 337.458321 -122.664945
v 94.012898 305.321019 -103.757451
v -112.007797 307.183924 -88.053647
v -94.012898 305.321019 -103.757451
v 104.669297 272.666919 -72.750858
v 87.668103 272.479524 -84.581957
v 81.729603 239.441501 -64.427963
v 99.321699 232.579717 -55.764965
v -104.669297 272.666919 -72.750858
v -87.668103 272.479524 -84.581957
v 92.559302 198.777802 -43.254269
v 76.236701 208.022196 -44.096066
v -92.559302 198.777802 -43.254269
v -76.236701 208.022196 -44.096066
v -81.729603 239.441501 -64.427963
v -99.321699 232.579717 -55.764965
v 56.779498 212.128416 -93.153168
v -56.779498 212.128416 -93.153168
v -64.800900 238.885111 -110.846266
v 64.800900 238.885111 -110.846266
v 73.392498 266.484210 -130.240552
v -82.937002 293.941427 -150.700652
v -73.392498 266.484210 -130.240552
v 82.937002 293.941427 -150.700652
v 93.049699 319.865422 -171.792252
v -93.049699 319.865422 -171.792252
v 101.010597 342.664821 -187.967149
v 108.409297 363.018235 -199.256945
v -101.010597 342.664821 -187.967149
v 114.700198 377.786241 -206.020437
v 121.079695 390.318237 -210.517748
v -114.700198 377.786241 -206.020437
v -108.409297 363.018235 -199.256945
v 126.619804 400.864922 -211.560828
v 130.126798 407.581650 -210.689144
v -121.079695 390.318237 -210.517748
v -126.619804 400.864922 -211.560828
v 130.625498 412.929949 -199.908332
v 127.924597 409.442218 -195.131533
v -130.126798 407.581650 -210.689144
v -129.830897 409.575734 -204.856734
v 117.779601 391.117125 -179.832931
v 123.549104 402.269823 -188.239139
v -110.947895 375.835518 -170.529435
v -117.779601 391.117125 -179.832931
v 110.947895 375.835518 -170.529435
v 103.161204 355.489327 -156.755139
v -94.362998 330.656217 -139.437848
v -103.161204 355.489327 -156.755139
v 94.362998 330.656217 -139.437848
v 85.550201 302.397914 -118.800555
v -85.550201 302.397914 -118.800555
v 78.568703 272.390406 -98.627755
v 71.762902 242.339505 -79.040863
v -78.568703 272.390406 -98.627755
v 64.695400 213.670311 -60.975564
v -64.695400 213.670311 -60.975564
v -71.762902 242.339505 -79.040863
v 59.050602 214.643705 -76.467264
v -65.961802 241.835514 -94.448759
v -59.050602 214.643705 -76.467264
v 65.961802 241.835514 -94.448759
v 73.542202 270.223708 -114.066354
v -82.025599 298.399923 -134.472453
v -73.542202 270.223708 -114.066354
v 82.025599 298.399923 -134.472453
v 91.592997 324.926425 -154.568750
v -91.592997 324.926425 -154.568750
v 99.902201 348.396425 -171.051243
v 107.759297 368.024236 -183.487439
v -99.902201 348.396425 -171.051243
v 163.902199 441.307438 -225.749635
v 183.722305 443.757238 -228.788327
v 137.078094 418.964849 -209.856633
v 148.180997 430.688035 -216.691638
v 129.830897 409.575734 -204.856734
v -163.993096 447.725943 -167.712031
v -164.113605 453.256828 -184.229527
v -186.329699 455.384714 -183.798823
v -185.985303 452.614335 -168.915329
v -130.527794 414.101439 -179.200033
v -134.479201 420.521243 -190.349427
v -146.680403 436.387617 -186.598027
v -145.549595 432.136420 -170.882631
v -127.924597 409.442218 -195.131533
v -123.549104 402.269823 -188.239139
v 114.553106 383.115633 -192.078433
v 120.445704 394.474539 -198.139639
v -114.553106 383.115633 -192.078433
v -107.759297 368.024236 -183.487439
v 125.565398 403.006920 -202.016836
v -125.565398 403.006920 -202.016836
v -120.445704 394.474539 -198.139639
v 164.410996 414.964748 -152.435533
v 172.757995 431.223849 -167.099632
v -164.410996 414.964748 -152.435533
v -154.850900 391.846632 -137.543138
v 0.000000 6.336275 155.151905
v 5.959600 21.072375 150.820104
v -5.959600 21.072375 150.820104
v 0.000000 20.514276 151.608101
v 0.000000 14.917074 153.764107
v 126.899397 302.431528 -99.197851
v 137.037396 337.116713 -111.372845
v -137.037396 337.116713 -111.372845
v -126.899397 302.431528 -99.197851
v 100.029302 202.997911 -71.036067
v 89.328301 173.522006 -61.889173
v -100.029302 202.997911 -71.036067
v -108.881104 236.153616 -80.099663
v 117.986798 270.284310 -89.614455
v 108.881104 236.153616 -80.099663
v -117.986798 270.284310 -89.614455
v 145.838201 365.326115 -123.918045
v 154.850900 391.846632 -137.543138
v -145.838201 365.326115 -123.918045
v -167.265999 419.088827 -211.453942
v -166.071796 410.685433 -223.984532
v 167.265999 419.088827 -211.453942
v 166.071796 410.685433 -223.984532
v -170.974398 430.399733 -178.374328
v -172.757995 431.223849 -167.099632
v 168.863702 426.096948 -195.864727
v 170.974398 430.399733 -178.374328
v 154.377306 365.087429 -242.634237
v 160.900104 381.822650 -246.870837
v -154.377306 365.087429 -242.634237
v -146.235597 344.076338 -233.889834
v 127.417696 299.317727 -202.973055
v 113.462400 271.659331 -176.600054
v -113.462400 271.659331 -176.600054
v -127.417696 299.317727 -202.973055
v 86.259699 198.386021 -120.823566
v 80.771601 174.323218 -105.940373
v -86.259699 198.386021 -120.823566
v -93.715900 224.261712 -138.222968
v 102.751398 248.853924 -156.850858
v 93.715900 224.261712 -138.222968
v -102.751398 248.853924 -156.850858
v 146.235597 344.076338 -233.889834
v 137.316895 321.555340 -220.610137
v -137.316895 321.555340 -220.610137
v 163.943303 397.216049 -237.440641
v -160.900104 381.822650 -246.870837
v -163.943303 397.216049 -237.440641
v 98.759699 238.971822 -101.015159
v 105.341101 267.466015 -113.439659
v 110.776198 269.138019 -101.798657
v 103.038001 238.074103 -90.889761
v -100.685704 255.565429 -145.817560
v -110.358703 280.431727 -164.824559
v 127.109301 331.137129 -125.431448
v 118.463600 300.233716 -112.990557
v 112.389398 296.951124 -126.382553
v 120.707405 325.951528 -139.985747
v -121.349001 306.204731 -184.581444
v 146.437001 385.261131 -152.511832
v 136.419904 359.237717 -138.638343
v 130.694306 353.016616 -153.963747
v 141.631603 378.630618 -167.989133
v -131.731606 330.434021 -201.348942
v 152.863300 395.293029 -197.139735
v 152.758300 386.817037 -211.329636
v -139.885700 371.312124 -183.460640
v -152.863300 395.293029 -197.139735
v -152.758300 386.817037 -211.329636
v -140.318298 363.405641 -198.625338
v 153.102803 376.557530 -226.110635
v -142.273796 353.991234 -215.007844
v -153.102803 376.557530 -226.110635
v 157.753396 409.045628 -166.214030
v 154.171205 402.846128 -181.920439
v -157.753396 409.045628 -166.214030
v -146.437001 385.261131 -152.511832
v 100.285995 261.191819 -135.062759
v 101.815796 265.165516 -124.070959
v 95.706302 237.971610 -110.476860
v 93.472499 235.071321 -119.459066
v 117.800999 320.259119 -154.303046
v 109.051204 292.921923 -138.955557
v 108.398795 287.462831 -151.931859
v 118.157697 313.635830 -168.933352
v 140.318298 363.405641 -198.625338
v 139.885700 371.312124 -183.460640
v 128.209305 346.372632 -169.176343
v 128.733802 339.197022 -184.443347
v -118.463600 300.233716 -112.990557
v -110.776198 269.138019 -101.798657
v -127.109301 331.137129 -125.431448
v -136.419904 359.237717 -138.638343
v 92.627901 230.178520 -127.929364
v 100.685704 255.565429 -145.817560
v 110.358703 280.431727 -164.824559
v 121.349001 306.204731 -184.581444
v 131.731606 330.434021 -201.348942
v 142.273796 353.991234 -215.007844
v -108.398795 287.462831 -151.931859
v -100.285995 261.191819 -135.062759
v -101.815796 265.165516 -124.070959
v -109.051204 292.921923 -138.955557
v -118.157697 313.635830 -168.933352
v -117.800999 320.259119 -154.303046
v -128.209305 346.372632 -169.176343
v -128.733802 339.197022 -184.443347
v 80.664802 138.590405 -57.394977
v -89.328301 173.522006 -61.889173
v -80.664802 138.590405 -57.394977
v 78.390598 152.705720 -90.358775
v 76.587099 137.825607 -67.479677
v -76.587099 137.825607 -67.479677
v -78.390598 152.705720 -90.358775
v -80.771601 174.323218 -105.940373
v 80.572701 170.119417 -77.675070
v 74.286997 152.551114 -68.214177
v 78.661799 166.885116 -86.574474
v 80.309200 172.809519 -84.432073
v -74.286997 152.551114 -68.214177
v -78.661799 166.885116 -86.574474
v 83.485502 189.475313 -93.790667
v 81.556600 182.961814 -98.454171
v -81.556600 182.961814 -98.454171
v 87.529200 180.991411 -70.096773
v 78.158802 154.430804 -57.258777
v 81.571901 170.198416 -71.183374
v 86.897999 188.056112 -79.693770
v -87.529200 180.991411 -70.096773
v -78.158802 154.430804 -57.258777
v 87.652397 210.253327 -105.155565
v 85.917097 205.218214 -111.986067
v -85.917097 205.218214 -111.986067
v 92.558497 212.007108 -89.760668
v 95.960402 208.216323 -80.601766
v -95.960402 208.216323 -80.601766
v -103.038001 238.074103 -90.889761
v -92.627901 230.178520 -127.929364
v 89.930201 212.813226 -98.138363
v -93.472499 235.071321 -119.459066
v -87.652397 210.253327 -105.155565
v -89.930201 212.813226 -98.138363
v -95.706302 237.971610 -110.476860
v 85.314697 190.899220 -87.742870
v -83.485502 189.475313 -93.790667
v -85.314697 190.899220 -87.742870
v -80.309200 172.809519 -84.432073
v -80.572701 170.119417 -77.675070
v -130.625498 412.929949 -199.908332
v -136.678505 422.067436 -200.507739
v -148.287499 436.414418 -201.973319
v -165.114796 450.925956 -207.565425
v -185.453796 453.297649 -211.125729
v -168.863702 426.096948 -195.864727
v -141.631603 378.630618 -167.989133
v -154.171205 402.846128 -181.920439
v -130.694306 353.016616 -153.963747
v -120.707405 325.951528 -139.985747
v -112.389398 296.951124 -126.382553
v -105.341101 267.466015 -113.439659
v -98.759699 238.971822 -101.015159
v -92.558497 212.007108 -89.760668
v -86.897999 188.056112 -79.693770
v -81.571901 170.198416 -71.183374
v 37.013501 -0.449217 102.509296
v -37.013501 -0.449217 102.509296
v 41.468501 7.443883 99.454601
v -41.468501 7.443883 99.454601
v 113.796198 26.981804 -19.960596
v 106.458795 40.763200 -3.778893
v -113.796198 26.981804 -19.960596
v -106.458795 40.763200 -3.778893
v 100.978398 4.210099 8.323501
v 99.811298 16.031597 18.802502
v -100.978398 4.210099 8.323501
v -99.811298 16.031597 18.802502
v 74.500602 -8.947105 29.842798
v 77.652901 5.555393 39.839102
v -74.500602 -8.947105 29.842798
v -77.652901 5.555393 39.839102
v 49.319899 -7.869411 69.150399
v 57.070500 5.111989 70.099998
v -49.319899 -7.869411 69.150399
v -57.070500 5.111989 70.099998
v 38.854501 -17.420411 66.037598
v -38.854501 -17.420411 66.037598
v 62.860799 -23.330304 24.879596
v -62.860799 -23.330304 24.879596
v 97.634101 -12.098100 -3.000702
v -97.634101 -12.098100 -3.000702
v 113.018405 24.822207 -44.653996
v -113.018405 24.822207 -44.653996
v 112.907195 2.678403 -18.935200
v -112.907195 2.678403 -18.935200
v 107.694900 -6.806993 -41.272603
v 112.029898 -1.979095 -29.993201
v -107.694900 -6.806993 -41.272603
v -112.029898 -1.979095 -29.993201
v 92.702597 -27.783395 -30.067705
v -92.702597 -27.783395 -30.067705
v 62.977499 -36.478198 -17.063805
v -62.977499 -36.478198 -17.063805
v 30.747601 -35.698698 -11.636506
v -30.747601 -35.698698 -11.636506
v 0.000000 -34.401100 -8.345005
v 95.444000 -22.268297 -14.232304
v -95.444000 -22.268297 -14.232304
v 64.283597 -32.368499 1.567095
v -64.283597 -32.368499 1.567095
v 20.002700 -23.057510 66.091695
v -20.002700 -23.057510 66.091695
v 28.492099 -28.412106 30.393796
v -28.492099 -28.412106 30.393796
v 0.000000 -25.320711 65.988697
v 0.000000 -28.769606 32.608296
v 30.670300 -32.961900 8.293195
v 0.000000 -31.879302 10.204995
v -30.670300 -32.961900 8.293195
v 60.673898 -53.159371 -162.345108
v 70.174098 -60.354579 -143.091605
v 59.809297 -56.894684 -108.083007
v 47.096401 -51.064885 -109.631404
v -70.174098 -60.354579 -143.091605
v -60.673898 -53.159371 -162.345108
v -47.096401 -51.064885 -109.631404
v -59.809297 -56.894684 -108.083007
v 95.355302 -43.323870 -190.437705
v 93.213302 -49.150374 -166.954704
v -95.355302 -43.323870 -190.437705
v -93.213302 -49.150374 -166.954704
v 117.502201 -22.363170 -178.812102
v 120.511699 -12.151068 -195.362796
v -117.502201 -22.363170 -178.812102
v -120.511699 -12.151068 -195.362796
v 120.928395 49.276928 -168.869690
v 127.925801 11.317329 -180.191396
v 124.744701 29.007532 -194.248791
v 98.728800 78.142429 -184.767388
v -127.925801 11.317329 -180.191396
v -124.744701 29.007532 -194.248791
v 99.935800 67.749725 -137.056089
v 78.110200 81.868725 -142.189883
v -120.928395 49.276928 -168.869690
v -99.935800 67.749725 -137.056089
v -78.110200 81.868725 -142.189883
v -98.728800 78.142429 -184.767388
v 90.039003 54.751217 -106.824091
v -90.039003 54.751217 -106.824091
v 92.719299 32.929814 -90.543092
v -92.719299 32.929814 -90.543092
v 86.553299 -2.996888 -75.609899
v -86.553299 -2.996888 -75.609899
v 75.711501 -23.512187 -74.921701
v -75.711501 -23.512187 -74.921701
v 65.809298 -38.425885 -82.476205
v -65.809298 -38.425885 -82.476205
v -26.638001 -51.385183 -106.722614
v 26.638001 -51.385183 -106.722614
v 0.000000 -52.797485 -106.088814
v -29.429200 -55.596475 -157.641408
v 29.429200 -55.596475 -157.641408
v 0.000000 -56.354873 -156.479213
v 41.925699 104.694128 -143.272681
v -41.925699 104.694128 -143.272681
v 0.000000 111.822021 -144.003182
v 0.000000 101.216118 -97.519584
v 130.546403 -17.255258 -258.648613
v 145.068002 22.220044 -268.391892
v 128.820205 36.734141 -243.734497
v 122.161496 -7.223062 -236.499692
v -145.068002 22.220044 -268.391892
v -130.546403 -17.255258 -258.648613
v -122.161496 -7.223062 -236.499692
v -128.820205 36.734141 -243.734497
v 98.048598 -40.493661 -238.207299
v 103.020203 -45.495056 -262.019999
v -98.048598 -40.493661 -238.207299
v -103.020203 -45.495056 -262.019999
v 61.103898 -53.156758 -253.332910
v 73.458302 -57.191255 -279.834614
v -73.458302 -57.191255 -279.834614
v -61.103898 -53.156758 -253.332910
v 137.184799 50.202549 -296.063081
v 105.330598 77.827342 -266.845285
v -105.330598 77.827342 -266.845285
v -137.184799 50.202549 -296.063081
v 85.573399 76.434949 -311.872899
v 116.292405 54.738951 -328.824392
v 96.059299 43.529657 -352.439301
v 69.711697 60.423656 -342.539801
v -96.059299 43.529657 -352.439301
v -116.292405 54.738951 -328.824392
v -85.573399 76.434949 -311.872899
v -69.711697 60.423656 -342.539801
v 58.441502 39.871359 -364.794796
v 81.686401 28.668359 -368.031497
v -58.441502 39.871359 -364.794796
v -81.686401 28.668359 -368.031497
v 42.393100 3.771464 -390.354299
v 50.321198 21.103962 -379.488608
v 69.826800 13.848262 -378.126190
v 60.617799 -3.474437 -385.954691
v -50.321198 21.103962 -379.488608
v -69.826800 13.848262 -378.126190
v 54.077500 -17.528337 -388.361195
v 38.859400 -12.206436 -393.697097
v -37.072599 -25.828736 -389.556603
v -48.946801 -28.940236 -386.005597
v -54.077500 -17.528337 -388.361195
v -38.859400 -12.206436 -393.697097
v 44.253001 -39.042340 -377.825600
v 33.275700 -37.653238 -379.783112
v 37.072599 -25.828736 -389.556603
v 48.946801 -28.940236 -386.005597
v -33.275700 -37.653238 -379.783112
v -44.253001 -39.042340 -377.825600
v 43.753001 -52.954453 -296.422419
v 57.881200 -55.639049 -312.819204
v -57.881200 -55.639049 -312.819204
v -43.753001 -52.954453 -296.422419
v 52.103198 112.833625 -180.753380
v -52.103198 112.833625 -180.753380
v 0.000000 124.708026 -181.982378
v 125.798702 36.593735 -217.660087
v 121.202397 -7.210165 -214.547302
v -121.202397 -7.210165 -214.547302
v -125.798702 36.593735 -217.660087
v 97.544903 -41.654666 -211.366899
v -97.544903 -41.654666 -211.366899
v 62.671298 -52.930965 -208.067807
v -62.671298 -52.930965 -208.067807
v 30.140901 -55.030068 -204.672608
v 28.468201 -54.316760 -249.354920
v -30.140901 -55.030068 -204.672608
v -28.468201 -54.316760 -249.354920
v 0.000000 -55.584368 -203.638706
v 0.000000 -54.768957 -248.136100
v 22.660500 -53.958351 -290.982303
v -22.660500 -53.958351 -290.982303
v 0.000000 -54.309255 -290.352616
v 102.632403 82.536036 -221.089588
v -102.632403 82.536036 -221.089588
v 0.000000 133.232332 -222.302868
v 56.147999 118.072033 -221.643572
v 56.296903 117.436547 -263.548689
v 0.000000 133.088942 -263.977482
v -56.296903 117.436547 -263.548689
v -56.147999 118.072033 -221.643572
v 0.000000 87.583056 -346.304092
v 0.000000 115.427747 -310.797577
v 48.320800 103.664747 -309.562785
v 38.688800 78.882154 -344.430291
v -48.320800 103.664747 -309.562785
v -38.688800 78.882154 -344.430291
v 33.054200 51.733161 -370.646683
v -33.054200 51.733161 -370.646683
v 0.000000 59.991564 -373.590102
v 0.000000 36.650364 -393.659586
v -25.964800 29.462765 -390.202088
v 25.964800 29.462765 -390.202088
v -42.393100 3.771464 -390.354299
v -60.617799 -3.474437 -385.954691
v 0.000000 -39.716437 -387.200004
v 0.000000 -49.340541 -359.188112
v -17.526200 -48.638643 -359.668001
v -18.754400 -36.627536 -387.781912
v 18.754400 -36.627536 -387.781912
v 17.526200 -48.638643 -359.668001
v 113.873398 32.810916 -103.131790
v 104.013205 3.076514 -83.408600
v -113.873398 32.810916 -103.131790
v -104.013205 3.076514 -83.408600
v 123.660696 44.133919 -126.261597
v -123.660696 44.133919 -126.261597
v 134.775603 26.496224 -155.682798
v -134.775603 26.496224 -155.682798
v 131.544197 -13.785774 -159.671106
v -131.544197 -13.785774 -159.671106
v 93.018299 -20.945988 -74.309901
v -93.018299 -20.945988 -74.309901
v 81.182998 -40.345287 -74.774808
v -81.182998 -40.345287 -74.774808
v 71.520197 -55.014084 -84.546509
v -71.520197 -55.014084 -84.546509
v 68.815202 -67.222584 -106.259011
v -68.815202 -67.222584 -106.259011
v 78.070199 -71.706876 -128.037715
v -78.070199 -71.706876 -128.037715
v 98.175001 -64.801174 -147.772716
v -98.175001 -64.801174 -147.772716
v 118.492901 -44.145773 -156.885703
v -118.492901 -44.145773 -156.885703
v 84.963900 -57.354886 -71.126411
v 96.600097 -44.947288 -67.899610
v 94.978398 -33.938688 -71.038407
v 83.316499 -49.529287 -72.947606
v -94.978398 -33.938688 -71.038407
v -83.316499 -49.529287 -72.947606
v 77.270800 -68.823885 -81.350713
v 74.701101 -62.442987 -82.870511
v -74.701101 -62.442987 -82.870511
v 76.968402 -78.150787 -96.543414
v 73.321497 -73.050483 -101.025808
v -73.321497 -73.050483 -101.025808
v 84.617299 -83.303081 -112.844910
v 81.629300 -77.926080 -119.824315
v -81.629300 -77.926080 -119.824315
v 100.466597 -81.826982 -127.502514
v 99.402899 -74.109276 -136.944616
v -99.402899 -74.109276 -136.944616
v 110.467303 -32.279790 -72.365003
v 107.485402 -16.007487 -77.481404
v -107.485402 -16.007487 -77.481404
v 122.843003 -20.200287 -84.053603
v 119.309294 4.550615 -92.192399
v -119.309294 4.550615 -92.192399
v 130.984294 12.440518 -112.015901
v 133.926594 -15.713583 -101.249697
v -130.984294 12.440518 -112.015901
v 138.143003 -2.482578 -136.798299
v 139.868903 -27.322681 -120.653109
v -138.143003 -2.482578 -136.798299
v 135.409105 -49.947780 -131.825610
v 133.369100 -33.222276 -144.525700
v -133.369100 -33.222276 -144.525700
v 119.655001 -58.535278 -144.812009
v 120.504403 -70.661779 -134.313309
v -119.655001 -58.535278 -144.812009
v -80.370402 -75.425689 -78.988713
v -80.683500 -83.419684 -91.669311
v -76.968402 -78.150787 -96.543414
v -77.270800 -68.823885 -81.350713
v 88.867003 -93.244886 -77.631715
v 91.104198 -88.270892 -64.812913
v 88.523000 -73.921789 -67.311812
v 83.515799 -81.797289 -76.761515
v -86.723500 -65.758289 -69.138108
v -84.963900 -57.354886 -71.126411
v 101.646805 -89.045789 -59.328314
v 98.624003 -68.313690 -61.573010
v -97.595298 -56.775387 -64.579508
v -96.600097 -44.947288 -67.899610
v 112.712097 -64.443191 -61.151908
v 111.495602 -89.648589 -58.016017
v -111.636198 -48.546789 -66.531010
v -110.467303 -32.279790 -72.365003
v 121.558595 -93.566390 -61.738113
v 126.506197 -60.635287 -68.675808
v -122.843003 -20.200287 -84.053603
v -124.793994 -40.664887 -76.138306
v 136.870003 -61.083184 -81.302212
v 129.069495 -95.718587 -71.243117
v -135.863805 -38.619486 -90.928609
v -133.926594 -15.713583 -101.249697
v -139.868903 -27.322681 -120.653109
v -141.591203 -48.579583 -108.360406
v 135.836697 -87.950388 -86.204412
v 128.683400 -96.635284 -95.513014
v 133.911002 -83.140284 -107.776417
v 140.773499 -69.199785 -96.377509
v -135.409105 -49.947780 -131.825610
v -135.876703 -67.319678 -120.243107
v 114.461005 -102.267380 -97.912316
v 117.718005 -94.121480 -110.309819
v -120.504403 -70.661779 -134.313309
v -119.486797 -83.288977 -122.807016
v 98.874700 -101.002189 -93.989216
v 100.437796 -96.052981 -106.329719
v -100.354004 -89.461284 -117.052415
v -100.466597 -81.826982 -127.502514
v 91.688001 -97.220186 -88.770715
v 89.593202 -93.511286 -96.617118
v -87.024599 -88.618184 -104.667618
v -84.617299 -83.303081 -112.844910
v 87.169403 -92.029486 -83.017215
v 84.353602 -88.497183 -86.940214
v 80.370402 -75.425689 -78.988713
v 80.683500 -83.419684 -91.669311
v 87.024599 -88.618184 -104.667618
v 100.354004 -89.461284 -117.052415
v 119.486797 -83.288977 -122.807016
v 135.876703 -67.319678 -120.243107
v 141.591203 -48.579583 -108.360406
v 135.863805 -38.619486 -90.928609
v 124.793994 -40.664887 -76.138306
v 111.636198 -48.546789 -66.531010
v 97.595298 -56.775387 -64.579508
v 86.723500 -65.758289 -69.138108
v -88.867003 -93.244886 -77.631715
v -90.192902 -103.971385 -79.526018
v -91.688001 -97.220186 -88.770715
v -87.169403 -92.029486 -83.017215
v -100.178504 -109.596585 -83.202815
v -98.874700 -101.002189 -93.989216
v -112.097800 -111.282991 -84.093118
v -114.461005 -102.267380 -97.912316
v -128.683400 -96.635284 -95.513014
v -124.538398 -107.983183 -79.756117
v -135.836697 -87.950388 -86.204412
v -129.069495 -95.718587 -71.243117
v -121.558595 -93.566390 -61.738113
v -126.506197 -60.635287 -68.675808
v -136.870003 -61.083184 -81.302212
v -112.712097 -64.443191 -61.151908
v -111.495602 -89.648589 -58.016017
v -101.646805 -89.045789 -59.328314
v -98.624003 -68.313690 -61.573010
v -91.104198 -88.270892 -64.812913
v -88.523000 -73.921789 -67.311812
v -83.515799 -81.797289 -76.761515
v 124.538398 -107.983183 -79.756117
v 112.097800 -111.282991 -84.093118
v 100.178504 -109.596585 -83.202815
v 90.192902 -103.971385 -79.526018
v -140.773499 -69.199785 -96.377509
v -133.911002 -83.140284 -107.776417
v -117.718005 -94.121480 -110.309819
v -100.437796 -96.052981 -106.329719
v -89.593202 -93.511286 -96.617118
v -84.353602 -88.497183 -86.940214
v 101.701796 -139.607593 -20.187822
v 97.474003 -143.625792 -20.763723
v 98.361099 -148.796794 -14.118325
v 102.584004 -144.982193 -14.022624
v -93.210500 -102.439491 -50.915318
v -87.297601 -108.903887 -57.587015
v 107.132995 -138.396498 -20.809123
v 108.074796 -143.705795 -14.373824
v -102.567196 -101.796393 -49.047817
v 112.472904 -139.057597 -22.013122
v 113.738799 -144.142303 -15.495923
v -111.080897 -103.894392 -50.057118
v 117.200506 -140.967401 -23.693623
v 118.803704 -145.789501 -17.433223
v -118.649101 -106.879297 -53.256118
v 120.653796 -144.771298 -25.636923
v 122.663200 -149.684402 -19.502724
v -124.515498 -111.385288 -58.798319
v 119.137001 -150.628693 -27.356023
v 120.922101 -155.919691 -21.143726
v -122.535300 -120.336093 -65.744718
v 112.302804 -153.416390 -28.942524
v 113.480794 -159.623095 -21.947025
v -112.163103 -123.632789 -70.064821
v 104.100704 -152.889795 -28.248326
v 104.186296 -159.344193 -20.703026
v -100.668299 -121.359790 -69.478120
v 97.618800 -149.127694 -24.579224
v 97.662598 -154.533002 -17.020725
v -91.719198 -116.297795 -65.053619
v 131.798506 -149.990705 20.292776
v 127.514696 -142.112306 20.462877
v 128.366303 -148.337405 31.047076
v 132.177496 -152.951400 29.274674
v -124.554503 -143.501200 9.211377
v -130.679405 -150.847604 10.249776
v -131.155598 -150.393202 15.545175
v -126.606202 -141.496398 14.939076
v 128.694499 -156.609301 27.239774
v 127.806997 -153.780702 20.215975
v -129.081500 -154.633500 9.824275
v -128.056204 -153.400698 15.242274
v 123.040605 -156.921809 28.518773
v 123.280394 -153.623704 21.091976
v -119.852901 -149.208298 18.378576
v -123.265398 -152.937105 17.277575
v -122.598398 -153.655901 13.105674
v -117.428803 -148.508098 13.449075
v 123.510098 -149.206703 31.090176
v 121.831405 -143.884400 23.044977
v -117.420101 -144.598903 10.492176
v -119.833398 -144.323304 17.075177
v 126.606202 -141.496398 14.939076
v 119.833398 -144.323304 17.075177
v 123.265398 -152.937105 17.277575
v 128.056204 -153.400698 15.242274
v 131.155598 -150.393202 15.545175
v -121.293199 -153.857105 30.256076
v -123.510098 -149.206703 31.090176
v -125.835705 -157.381506 41.285874
v -124.760604 -158.456404 39.957274
v -124.595904 -159.981209 37.518875
v -123.040605 -156.921809 28.518773
v -132.177496 -152.951400 29.274674
v -128.694499 -156.609301 27.239774
v -127.444005 -160.902101 37.262074
v -129.279399 -159.488112 40.842075
v -128.366303 -148.337405 31.047076
v -127.940595 -157.324404 41.637973
v 119.671798 -150.523309 23.288775
v 119.852901 -149.208298 18.378576
v 121.293199 -153.857105 30.256076
v 127.444005 -160.902101 37.262074
v 129.279399 -159.488112 40.842075
v 124.595904 -159.981209 37.518875
v 124.760604 -158.456404 39.957274
v 125.835705 -157.381506 41.285874
v 127.940595 -157.324404 41.637973
v -131.798506 -149.990705 20.292776
v -127.806997 -153.780702 20.215975
v -123.280394 -153.623704 21.091976
v -119.671798 -150.523309 23.288775
v -121.831405 -143.884400 23.044977
v -127.514696 -142.112306 20.462877
v 137.915897 -155.814199 28.067176
v 141.350698 -154.913907 27.833976
v 141.274703 -152.763704 22.878576
v 136.878598 -153.853003 22.732675
v -136.246502 -158.143406 27.032874
v -137.915897 -155.814199 28.067176
v -139.189005 -159.031003 33.762575
v -137.720597 -159.747308 31.525073
v 138.031697 -160.226802 21.264974
v 138.726699 -161.691300 26.157272
v 136.246502 -158.143406 27.032874
v 135.538101 -155.980602 21.011774
v -140.392303 -162.399607 33.304373
v -138.726699 -161.691300 26.157272
v 145.086598 -157.604900 21.113674
v 144.587398 -158.544699 25.174374
v -142.472601 -160.950904 32.962475
v -144.587398 -158.544699 25.174374
v -141.350698 -154.913907 27.833976
v -140.587699 -158.449000 33.474575
v 135.967004 -153.155699 15.049075
v 139.830899 -149.862196 13.991075
v 135.849702 -150.311507 6.350076
v 130.679405 -150.847604 10.249776
v -136.878598 -153.853003 22.732675
v -135.538101 -155.980602 21.011774
v -135.800195 -155.404403 13.923274
v -135.967004 -153.155699 15.049075
v 137.035406 -158.028402 14.111374
v 135.800195 -155.404403 13.923274
v 129.081500 -154.633500 9.824275
v 133.702004 -160.315002 7.590274
v -138.031697 -160.226802 21.264974
v -137.035406 -158.028402 14.111374
v 143.464100 -156.266000 12.000575
v 138.179600 -155.591596 4.081875
v -145.086598 -157.604900 21.113674
v -143.464100 -156.266000 12.000575
v -141.274703 -152.763704 22.878576
v -139.830899 -149.862196 13.991075
v 116.610897 -155.034811 43.490975
v 118.062305 -149.240011 33.679175
v 114.237404 -145.312601 34.988377
v 115.091705 -153.936811 44.050776
v -118.062305 -149.240011 33.679175
v -116.610897 -155.034811 43.490975
v -115.091705 -153.936811 44.050776
v -114.237404 -145.312601 34.988377
v 113.392603 -154.234202 44.114275
v 110.689199 -145.900005 35.771677
v 107.750201 -148.079711 34.653076
v 111.339104 -155.398412 43.213074
v -107.750201 -148.079711 34.653076
v -111.339104 -155.398412 43.213074
v -111.788595 -158.218808 43.535275
v -107.134795 -153.269809 33.319475
v 111.788595 -158.218808 43.535275
v 107.134795 -153.269809 33.319475
v 111.577702 -157.476204 31.918575
v 113.119495 -160.306210 43.041373
v -113.119495 -160.306210 43.041373
v -111.577702 -157.476204 31.918575
v 117.387402 -154.177003 32.185476
v 116.025901 -158.996613 43.045373
v -116.025901 -158.996613 43.045373
v -117.387402 -154.177003 32.185476
v -113.392603 -154.234202 44.114275
v -110.689199 -145.900005 35.771677
v 113.494003 -137.515405 19.350877
v 117.279100 -145.284202 16.158377
v 117.420101 -144.598903 10.492176
v 112.315297 -138.416102 13.727477
v -113.516903 -139.150600 24.782677
v -117.388296 -145.908598 21.779277
v 105.676198 -143.172506 19.805177
v 107.882404 -138.513807 20.004077
v 107.777798 -139.069297 14.723777
v 105.015194 -142.968204 15.367477
v -108.966696 -139.680306 25.023178
v 110.332501 -151.132301 19.284376
v 106.351197 -148.357001 20.345075
v 104.522705 -148.470297 17.277476
v 109.737206 -151.988103 15.066375
v -110.740304 -152.453104 23.376275
v -106.017697 -149.320702 23.642176
v 115.255702 -148.292604 18.095576
v 117.428803 -148.508098 13.449075
v -115.657604 -150.078706 22.648376
v -106.025898 -143.260900 24.248876
v 115.657604 -150.078706 22.648376
v 117.388296 -145.908598 21.779277
v 110.740304 -152.453104 23.376275
v 106.017697 -149.320702 23.642176
v 106.025898 -143.260900 24.248876
v 108.966696 -139.680306 25.023178
v 113.516903 -139.150600 24.782677
v -117.279100 -145.284202 16.158377
v -115.255702 -148.292604 18.095576
v -110.332501 -151.132301 19.284376
v -106.351197 -148.357001 20.345075
v -105.676198 -143.172506 19.805177
v -107.882404 -138.513807 20.004077
v -113.494003 -137.515405 19.350877
v 96.685302 -147.750002 32.954275
v 91.238302 -149.763303 31.710576
v 93.144202 -159.210105 43.787275
v 94.883102 -158.524306 45.240475
v -101.929200 -150.616711 35.491075
v -96.685302 -147.750002 32.954275
v -96.734703 -144.218903 29.231176
v -101.942301 -146.690910 30.536076
v 92.608702 -155.744307 29.366775
v 94.487399 -161.832304 43.597174
v -90.829301 -147.164504 27.842677
v -91.238302 -149.763303 31.710576
v -92.608702 -155.744307 29.366775
v -92.651898 -152.981607 24.775576
v 96.098697 -162.336810 43.441773
v 98.679602 -158.339804 31.015776
v -98.679602 -158.339804 31.015776
v -98.887998 -154.850904 23.956674
v 101.929200 -150.616711 35.491075
v 97.600001 -158.929105 45.079176
v 102.903903 -156.870108 32.988773
v 98.865497 -159.856303 43.798474
v -102.903903 -156.870108 32.988773
v -102.916503 -154.600804 27.184676
v 97.399998 -140.183703 22.551476
v 103.469503 -144.518104 20.146777
v 97.749799 -140.172008 18.569277
v -91.360098 -143.668500 21.139276
v -97.399998 -140.183703 22.551476
v 92.569101 -151.309601 19.087776
v 91.360098 -143.668500 21.139276
v 92.333800 -142.615905 17.381277
v 92.015302 -151.634398 15.912875
v -92.569101 -151.309601 19.087776
v 99.024802 -154.685608 19.363874
v 99.183398 -155.287400 17.016375
v -99.024802 -154.685608 19.363874
v -103.469503 -144.518104 20.146777
v 103.398705 -150.216201 20.521776
v -103.398705 -150.216201 20.521776
v 87.297601 -108.903887 -57.587015
v 91.719198 -116.297795 -65.053619
v 95.543498 -125.226596 -52.180323
v 91.887599 -119.830792 -46.537919
v 100.668299 -121.359790 -69.478120
v 102.547395 -129.133096 -55.969522
v 112.163103 -123.632789 -70.064821
v 111.355197 -130.848995 -56.513820
v 122.535300 -120.336093 -65.744718
v 119.083405 -128.483489 -53.434822
v 124.515498 -111.385288 -58.798319
v 121.116400 -122.289495 -48.906620
v 118.649101 -106.879297 -53.256118
v 117.255795 -117.522888 -44.760020
v 111.080897 -103.894392 -50.057118
v 111.084604 -114.399891 -42.160020
v 102.567196 -101.796393 -49.047817
v 103.790402 -112.871891 -40.778417
v 93.210500 -102.439491 -50.915318
v 95.540500 -113.994389 -41.185219
v -95.543498 -125.226596 -52.180323
v -91.887599 -119.830792 -46.537919
v -94.763499 -129.130191 -36.938822
v -97.222298 -133.919697 -41.896320
v -102.547395 -129.133096 -55.969522
v -103.448904 -137.299089 -45.157222
v -111.355197 -130.848995 -56.513820
v -111.143005 -138.517992 -45.637523
v -119.083405 -128.483489 -53.434822
v -117.571998 -136.197596 -43.503024
v -121.116400 -122.289495 -48.906620
v -119.128394 -131.100898 -40.299923
v -117.255795 -117.522888 -44.760020
v -116.016304 -126.896089 -37.517419
v -111.084604 -114.399891 -42.160020
v -111.013901 -124.285191 -35.357519
v -103.790402 -112.871891 -40.778417
v -104.972804 -123.198790 -33.978619
v -95.540500 -113.994389 -41.185219
v -98.504603 -124.401194 -33.992621
v 132.098305 -152.111602 1.074775
v 128.871202 -150.880802 2.613175
v -132.098305 -152.111602 1.074775
v -135.849702 -150.311507 6.350076
v -128.871202 -150.880802 2.613175
v 131.794298 -156.781399 -2.879326
v 126.725495 -152.202296 -1.631525
v -131.794298 -156.781399 -2.879326
v -126.725495 -152.202296 -1.631525
v -138.179600 -155.591596 4.081875
v 125.077200 -146.502305 4.838876
v 124.554503 -143.501200 9.211377
v -125.077200 -146.502305 4.838876
v 118.826902 -147.031296 3.451276
v -118.826902 -147.031296 3.451276
v 121.784306 -152.375303 -7.967025
v 115.754604 -150.362598 -5.759324
v -121.784306 -152.375303 -7.967025
v -115.754604 -150.362598 -5.759324
v 126.360404 -155.808495 -10.153326
v -126.360404 -155.808495 -10.153326
v 110.080600 -144.274295 3.947176
v -110.080600 -144.274295 3.947176
v -112.315297 -138.416102 13.727477
v 109.160995 -149.544596 -4.973824
v -109.160995 -149.544596 -4.973824
v 103.004503 -146.752300 10.354176
v 97.235602 -143.038597 12.549377
v -97.235602 -143.038597 12.549377
v -103.004503 -146.752300 10.354176
v -105.015194 -142.968204 15.367477
v -97.749799 -140.172008 18.569277
v 94.624299 -147.686900 6.714976
v -92.333800 -142.615905 17.381277
v -94.624299 -147.686900 6.714976
v 101.587200 -147.939600 6.567876
v -101.587200 -147.939600 6.567876
v 98.458600 -153.677296 -3.305625
v 103.085101 -152.003598 -4.053725
v -98.458600 -153.677296 -3.305625
v -103.085101 -152.003598 -4.053725
v 106.991994 -141.585304 10.840777
v -106.991994 -141.585304 10.840777
v -107.777798 -139.069297 14.723777
v 106.839097 -157.972706 5.882374
v 103.443694 -155.165805 10.755975
v -109.737206 -151.988103 15.066375
v -106.839097 -157.972706 5.882374
v -103.443694 -155.165805 10.755975
v -104.522705 -148.470297 17.277476
v 98.171699 -160.125507 9.492574
v -98.171699 -160.125507 9.492574
v -99.183398 -155.287400 17.016375
v 92.043900 -156.059505 7.959475
v -92.015302 -151.634398 15.912875
v -92.043900 -156.059505 7.959475
v 123.600101 -161.332202 2.630374
v 130.123699 -163.675701 -1.339827
v -123.600101 -161.332202 2.630374
v -133.702004 -160.315002 7.590274
v -130.123699 -163.675701 -1.339827
v 120.277405 -158.008803 6.365774
v 122.598398 -153.655901 13.105674
v -120.277405 -158.008803 6.365774
v 93.743902 -162.358999 -1.427726
v -93.743902 -162.358999 -1.427726
v 114.975500 -157.640196 4.884774
v -114.975500 -157.640196 4.884774
v 125.409400 -162.785600 -10.042227
v -125.409400 -162.785600 -10.042227
v 116.760898 -164.536201 -3.911727
v -116.760898 -164.536201 -3.911727
v 105.761397 -164.616894 -3.420227
v -105.761397 -164.616894 -3.420227
v 101.024997 -161.766506 5.560774
v -101.024997 -161.766506 5.560774
v 94.763499 -129.130191 -36.938822
v 97.222298 -133.919697 -41.896320
v 97.236502 -142.225892 -32.977023
v 95.994002 -137.113495 -28.338622
v 103.448904 -137.299089 -45.157222
v 103.692496 -145.784098 -36.180124
v 111.143005 -138.517992 -45.637523
v 111.564398 -146.537989 -36.658925
v 117.571998 -136.197596 -43.503024
v 117.914200 -144.004292 -34.790623
v 119.128394 -131.100898 -40.299923
v 119.234204 -138.598794 -32.622622
v 116.016304 -126.896089 -37.517419
v 116.060197 -134.702499 -30.498923
v 111.013901 -124.285191 -35.357519
v 111.467600 -132.593293 -28.666020
v 104.972804 -123.198790 -33.978619
v 106.079996 -131.748493 -27.377722
v 98.504603 -124.401194 -33.992621
v 100.383604 -132.866700 -26.815523
v -95.608199 -159.168600 -8.945026
v -98.633802 -151.965498 -8.550324
v -103.984296 -165.721093 -12.396727
v -115.706897 -166.366098 -13.595426
v -123.763597 -160.033593 -15.291127
v -124.726403 -153.149400 -14.452725
v -120.386004 -149.329195 -12.453525
v -114.778805 -147.538100 -10.534024
v -108.664894 -147.157501 -9.529624
v -102.932894 -148.884998 -8.906224
v 95.449603 -163.829311 47.754973
v -93.144202 -159.210105 43.787275
v -94.883102 -158.524306 45.240475
v -95.449603 -163.829311 47.754973
v -94.487399 -161.832304 43.597174
v 98.633802 -151.965498 -8.550324
v 102.932894 -148.884998 -8.906224
v 108.664894 -147.157501 -9.529624
v 114.778805 -147.538100 -10.534024
v 120.386004 -149.329195 -12.453525
v 124.726403 -153.149400 -14.452725
v 123.763597 -160.033593 -15.291127
v 115.706897 -166.366098 -13.595426
v 103.984296 -165.721093 -12.396727
v 95.608199 -159.168600 -8.945026
v -95.994002 -137.113495 -28.338622
v -100.383604 -132.866700 -26.815523
v -101.701796 -139.607593 -20.187822
v -97.474003 -143.625792 -20.763723
v -106.079996 -131.748493 -27.377722
v -107.132995 -138.396498 -20.809123
v -111.467600 -132.593293 -28.666020
v -112.472904 -139.057597 -22.013122
v -116.060197 -134.702499 -30.498923
v -117.200506 -140.967401 -23.693623
v -119.234204 -138.598794 -32.622622
v -120.653796 -144.771298 -25.636923
v -117.914200 -144.004292 -34.790623
v -119.137001 -150.628693 -27.356023
v -111.564398 -146.537989 -36.658925
v -112.302804 -153.416390 -28.942524
v -103.692496 -145.784098 -36.180124
v -104.100704 -152.889795 -28.248326
v -97.236502 -142.225892 -32.977023
v -97.618800 -149.127694 -24.579224
v -97.600001 -158.929105 45.079176
v -98.865497 -159.856303 43.798474
v -96.098697 -162.336810 43.441773
v 114.793503 -159.895106 46.528775
v -114.793503 -159.895106 46.528775
v 127.325499 -161.702402 43.548373
v -127.325499 -161.702402 43.548373
v 137.720597 -159.747308 31.525073
v 140.001595 -162.811905 35.595572
v 140.587699 -158.449000 33.474575
v 139.189005 -159.031003 33.762575
v -140.001595 -162.811905 35.595572
v 140.392303 -162.399607 33.304373
v 142.472601 -160.950904 32.962475
v 79.359198 -67.726253 -300.799119
v 106.428897 -59.611554 -286.125407
v -106.428897 -59.611554 -286.125407
v -79.359198 -67.726253 -300.799119
v -98.361099 -148.796794 -14.118325
v -102.584004 -144.982193 -14.022624
v -108.074796 -143.705795 -14.373824
v -113.738799 -144.142303 -15.495923
v -118.803704 -145.789501 -17.433223
v -122.663200 -149.684402 -19.502724
v -120.922101 -155.919691 -21.143726
v -113.480794 -159.623095 -21.947025
v -104.186296 -159.344193 -20.703026
v -97.662598 -154.533002 -17.020725
v 133.789802 -38.817353 -287.246710
v -133.789802 -38.817353 -287.246710
v 152.671397 -5.589551 -299.136091
v -152.671397 -5.589551 -299.136091
v 151.674998 17.254952 -322.932288
v -151.674998 17.254952 -322.932288
v 135.008895 26.345858 -347.259684
v 115.050602 22.012059 -366.519090
v -135.008895 26.345858 -347.259684
v -115.050602 22.012059 -366.519090
v 98.497999 13.104963 -379.768489
v -98.497999 13.104963 -379.768489
v 83.539897 0.021163 -389.574099
v -83.539897 0.021163 -389.574099
v 71.935201 -13.926236 -394.429495
v -71.935201 -13.926236 -394.429495
v 65.335602 -27.222936 -390.625314
v -56.929600 -36.844935 -387.778217
v -65.335602 -27.222936 -390.625314
v 56.929600 -36.844935 -387.778217
v 49.579000 -45.204038 -381.552704
v -49.579000 -45.204038 -381.552704
v 63.715601 -64.845848 -327.912508
v -63.715601 -64.845848 -327.912508
v -53.783900 -59.633442 -350.714717
v -48.115599 -52.205543 -341.875919
v -34.766200 -51.368343 -334.909114
v -18.576001 -52.807349 -328.326711
v 0.000000 -53.241748 -327.489719
v 18.576001 -52.807349 -328.326711
v 34.766200 -51.368343 -334.909114
v 48.115599 -52.205543 -341.875919
v 53.783900 -59.633442 -350.714717
v -43.150899 -46.902240 -363.594802
v -48.867899 -53.025239 -368.724712
v -32.327801 -46.972642 -360.967405
v 32.327801 -46.972642 -360.967405
v 43.150899 -46.902240 -363.594802
v 48.867899 -53.025239 -368.724712
v 137.829006 -8.040041 -366.028906
v 130.964899 -37.998439 -379.957396
v 120.645297 -33.705436 -389.221197
v 122.346997 -6.000838 -378.845001
v -122.346997 -6.000838 -378.845001
v -137.829006 -8.040041 -366.028906
v 148.409796 -18.797444 -348.351005
v 145.772898 -36.242246 -330.518609
v 131.498206 -66.048939 -358.435308
v 136.609697 -48.590940 -369.523819
v -148.409796 -18.797444 -348.351005
v -145.772898 -36.242246 -330.518609
v 126.568198 -59.159347 -316.301403
v 116.055298 -77.560142 -342.597116
v -126.568198 -59.159347 -316.301403
v 108.275604 -34.780434 -398.146802
v 107.195497 -10.116637 -389.477803
v -107.195497 -10.116637 -389.477803
v 78.814298 -45.073132 -412.152488
v 65.712702 -51.016234 -411.068019
v 65.325099 -37.804034 -403.335816
v 76.563603 -28.375634 -403.822284
v -55.357099 -46.232534 -396.755011
v -65.325099 -37.804034 -403.335816
v 91.274798 -18.400635 -398.934296
v 93.753701 -39.321234 -406.861216
v -76.563603 -28.375634 -403.822284
v -91.274798 -18.400635 -398.934296
v 55.249101 -56.637734 -403.860626
v 49.524000 -63.093538 -394.128619
v 49.959201 -53.696235 -387.458619
v 55.357099 -46.232534 -396.755011
v -49.959201 -53.696235 -387.458619
v 49.373800 -70.161137 -382.892405
v 55.327898 -77.960341 -371.074212
v 54.736799 -68.257643 -360.026323
v 49.431801 -61.297338 -375.061713
v -54.736799 -68.257643 -360.026323
v -49.431801 -61.297338 -375.061713
v 66.086698 -81.608542 -355.154623
v 65.149200 -73.187844 -341.481912
v -65.149200 -73.187844 -341.481912
v 80.103099 -83.840446 -341.825618
v 80.414599 -76.693548 -322.359217
v -80.414599 -76.693548 -322.359217
v 103.363097 -72.318849 -312.553203
v 97.989702 -83.090644 -337.032522
v -103.363097 -72.318849 -312.553203
v -115.978098 -56.862838 -397.520218
v -122.215605 -62.149735 -390.790902
v -130.964899 -37.998439 -379.957396
v -120.645297 -33.705436 -389.221197
v -108.136904 -93.276539 -388.551107
v -131.498206 -66.048939 -358.435308
v -136.609697 -48.590940 -369.523819
v -124.321198 -70.548436 -384.363806
v -116.055298 -77.560142 -342.597116
v -101.376498 -94.511639 -372.137610
v -97.989702 -83.090644 -337.032522
v -90.996999 -93.507642 -363.454309
v -78.548098 -91.408039 -361.312714
v -80.103099 -83.840446 -341.825618
v -68.252701 -90.089839 -368.062106
v -66.086698 -81.608542 -355.154623
v -57.028800 -89.330938 -386.480918
v -55.327898 -77.960341 -371.074212
v -50.490099 -77.992537 -390.090812
v -49.373800 -70.161137 -382.892405
v -55.249101 -56.637734 -403.860626
v -49.524000 -63.093538 -394.128619
v -50.170100 -72.976333 -400.578225
v -54.960603 -67.675935 -409.588634
v -64.787900 -64.718631 -417.278205
v -65.712702 -51.016234 -411.068019
v -93.753701 -39.321234 -406.861216
v -78.814298 -45.073132 -412.152488
v -79.078603 -63.544634 -419.543610
v -93.852699 -59.580932 -413.565312
v -106.442106 -57.042032 -405.379925
v -108.275604 -34.780434 -398.146802
v 115.978098 -56.862838 -397.520218
v 106.442106 -57.042032 -405.379925
v 93.852699 -59.580932 -413.565312
v 79.078603 -63.544634 -419.543610
v 64.787900 -64.718631 -417.278205
v 50.170100 -72.976333 -400.578225
v 54.960603 -67.675935 -409.588634
v 50.490099 -77.992537 -390.090812
v 57.028800 -89.330938 -386.480918
v 68.252701 -90.089839 -368.062106
v 78.548098 -91.408039 -361.312714
v 90.996999 -93.507642 -363.454309
v 101.376498 -94.511639 -372.137610
v 108.136904 -93.276539 -388.551107
v 124.321198 -70.548436 -384.363806
v 122.215605 -62.149735 -390.790902
v 113.538098 -81.017036 -398.271407
v 112.075496 -72.268736 -402.309906
v -113.538098 -81.017036 -398.271407
v -112.075496 -72.268736 -402.309906
v 105.003703 -73.878234 -409.172118
v -105.003703 -73.878234 -409.172118
v 105.082703 -87.248032 -407.493319
v -105.082703 -87.248032 -407.493319
v 93.616498 -76.119629 -417.522395
v -93.616498 -76.119629 -417.522395
v 78.313100 -78.472128 -423.597921
v -78.313100 -78.472128 -423.597921
v 55.559802 -76.499335 -412.528003
v 53.306299 -83.339434 -404.921498
v -53.306299 -83.339434 -404.921498
v -55.559802 -76.499335 -412.528003
v 77.439302 -94.402429 -422.282997
v 61.382300 -90.801034 -415.701118
v 63.130802 -78.160033 -420.178092
v -61.382300 -90.801034 -415.701118
v -63.130802 -78.160033 -420.178092
v 94.396400 -91.587130 -416.665807
v -94.396400 -91.587130 -416.665807
v -77.439302 -94.402429 -422.282997
v -63.881499 -98.686635 -405.459992
v -76.797098 -103.247838 -410.691517
v -92.017299 -103.140228 -407.879703
v -102.197802 -99.197036 -400.031106
v 102.197802 -99.197036 -400.031106
v 92.017299 -103.140228 -407.879703
v 76.797098 -103.247838 -410.691517
v 63.881499 -98.686635 -405.459992
v 99.147397 -140.808238 -354.534434
v 96.358401 -135.237839 -349.652718
v 97.845900 -143.508545 -343.753933
v 102.444100 -152.620640 -348.304535
v -101.746297 -107.030533 -379.207009
v -98.430902 -105.721545 -368.106812
v 70.550901 -133.054045 -347.818516
v 67.112797 -139.301147 -355.035518
v 66.905701 -148.606744 -348.391915
v 70.564801 -140.544144 -342.124223
v -67.673397 -101.910937 -364.618223
v -60.287303 -105.007134 -380.113428
v 79.651898 -130.528048 -344.068119
v 79.651898 -136.387651 -338.197611
v -78.872901 -101.901437 -358.875625
v 89.245999 -131.598249 -345.723913
v 90.406299 -138.204042 -340.177225
v -89.604503 -103.598846 -360.872524
v 95.919400 -145.712937 -360.657930
v 99.547398 -158.891239 -353.492715
v -97.885197 -110.726841 -388.989729
v 71.052301 -145.955540 -361.078334
v 80.196202 -149.839342 -364.668131
v 79.173797 -163.557638 -356.863025
v 70.356899 -157.727041 -354.624226
v -65.678298 -108.480234 -397.355717
v 88.567901 -148.684240 -364.455319
v 89.543098 -163.229443 -357.300833
v -89.354199 -112.885637 -396.124429
v -77.305597 -111.867637 -400.666303
v 98.430902 -105.721545 -368.106812
v 89.604503 -103.598846 -360.872524
v 89.009702 -114.142741 -355.969018
v 96.741802 -116.815437 -361.512322
v 78.872901 -101.901437 -358.875625
v 79.075599 -113.182642 -354.093808
v 67.673397 -101.910937 -364.618223
v 68.712997 -113.474239 -358.894224
v 60.287303 -105.007134 -380.113428
v 63.834298 -118.100535 -370.887108
v 65.678298 -108.480234 -397.355717
v 69.468200 -122.565839 -380.813309
v 77.305597 -111.867637 -400.666303
v 78.467798 -123.841342 -385.177513
v 89.354199 -112.885637 -396.124429
v 88.018000 -123.972139 -383.713218
v 97.885197 -110.726841 -388.989729
v 95.251799 -122.410534 -378.163525
v 101.746297 -107.030533 -379.207009
v 98.770702 -120.406937 -369.681831
v -89.009702 -114.142741 -355.969018
v -96.741802 -116.815437 -361.512322
v -96.161503 -125.768437 -356.040331
v -88.826501 -123.470845 -351.223417
v -79.075599 -113.182642 -354.093808
v -79.399598 -122.468641 -349.674817
v -68.712997 -113.474239 -358.894224
v -70.046598 -123.929443 -353.626009
v -63.834298 -118.100535 -370.887108
v -66.071302 -128.496743 -362.808010
v -69.468200 -122.565839 -380.813309
v -69.918501 -131.326937 -371.233818
v -78.467798 -123.841342 -385.177513
v -79.344600 -134.425937 -374.894832
v -88.018000 -123.972139 -383.713218
v -87.807399 -135.183738 -373.309014
v -95.251799 -122.410534 -378.163525
v -94.515997 -133.387744 -368.831322
v -98.770702 -120.406937 -369.681831
v -98.096800 -129.539645 -363.301513
v 88.826501 -123.470845 -351.223417
v 96.161503 -125.768437 -356.040331
v 79.399598 -122.468641 -349.674817
v 70.046598 -123.929443 -353.626009
v 66.071302 -128.496743 -362.808010
v 69.918501 -131.326937 -371.233818
v 79.344600 -134.425937 -374.894832
v 87.807399 -135.183738 -373.309014
v 94.515997 -133.387744 -368.831322
v 98.096800 -129.539645 -363.301513
v -96.358401 -135.237839 -349.652718
v -89.245999 -131.598249 -345.723913
v -79.651898 -130.528048 -344.068119
v -70.550901 -133.054045 -347.818516
v -67.112797 -139.301147 -355.035518
v -71.052301 -145.955540 -361.078334
v -80.196202 -149.839342 -364.668131
v -88.567901 -148.684240 -364.455319
v -95.919400 -145.712937 -360.657930
v -99.147397 -140.808238 -354.534434
v -97.845900 -143.508545 -343.753933
v -90.406299 -138.204042 -340.177225
v -79.651898 -136.387651 -338.197611
v -70.564801 -140.544144 -342.124223
v -66.905701 -148.606744 -348.391915
v -70.356899 -157.727041 -354.624226
v -79.173797 -163.557638 -356.863025
v -89.543098 -163.229443 -357.300833
v -99.547398 -158.891239 -353.492715
v -102.444100 -152.620640 -348.304535
v 127.416694 -152.268051 -300.241328
v 129.378605 -159.333848 -301.149728
v 127.925098 -156.303546 -309.287335
v 125.418699 -149.670849 -308.248830
v -127.416694 -152.268051 -300.241328
v -129.378605 -159.333848 -301.149728
v -129.293001 -161.807847 -293.542531
v -127.958405 -156.064749 -293.044020
v 120.334899 -150.458954 -305.124927
v 120.861006 -151.762556 -297.271014
v -121.691895 -154.785955 -290.251733
v -120.861006 -151.762556 -297.271014
v 126.610196 -162.279652 -300.827720
v 125.863194 -159.248147 -308.047535
v -126.610196 -162.279652 -300.827720
v -127.062500 -164.332151 -294.005635
v 122.200894 -161.445450 -299.554827
v 121.999502 -158.395050 -305.815937
v -119.160700 -159.900653 -292.490532
v -122.583604 -163.869858 -293.765929
v -122.200894 -161.445450 -299.554827
v -119.104600 -156.558655 -300.051023
v 119.347799 -154.498051 -304.910232
v 119.104600 -156.558655 -300.051023
v 120.147204 -163.786443 -315.911415
v 116.934001 -162.731847 -312.143519
v 113.272297 -165.784653 -316.813734
v 115.450597 -166.533251 -321.656517
v -120.147204 -163.786443 -315.911415
v -116.934001 -162.731847 -312.143519
v -121.999502 -158.395050 -305.815937
v -125.863194 -159.248147 -308.047535
v 127.062500 -164.332151 -294.005635
v 129.293001 -161.807847 -293.542531
v 122.583604 -163.869858 -293.765929
v 119.160700 -159.900653 -292.490532
v 121.691895 -154.785955 -290.251733
v 127.958405 -156.064749 -293.044020
v -127.925098 -156.303546 -309.287335
v -119.347799 -154.498051 -304.910232
v -120.334899 -150.458954 -305.124927
v -125.418699 -149.670849 -308.248830
v 122.189796 -160.038443 -317.674019
v 117.016900 -161.609251 -324.068120
v -122.189796 -160.038443 -317.674019
v 118.816996 -152.216943 -317.337228
v 109.158695 -154.767151 -321.076418
v -118.816996 -152.216943 -317.337228
v 113.712204 -157.302448 -310.961630
v 108.992302 -160.811051 -315.185716
v -113.712204 -157.302448 -310.961630
v 114.500201 -152.833447 -312.876130
v 110.116506 -155.226143 -317.111827
v -114.500201 -152.833447 -312.876130
v 125.707901 -161.551954 -283.063629
v 126.083302 -165.083255 -283.219531
v -126.083302 -165.083255 -283.219531
v -125.707901 -161.551954 -283.063629
v 122.273004 -160.414554 -283.556034
v -122.273004 -160.414554 -283.556034
v 124.285603 -166.104557 -283.816317
v -124.285603 -166.104557 -283.816317
v 122.664499 -165.753652 -283.733228
v -121.269906 -163.725258 -283.337620
v -122.664499 -165.753652 -283.733228
v 121.269906 -163.725258 -283.337620
v 101.942301 -146.690910 30.536076
v 102.916503 -154.600804 27.184676
v 98.887998 -154.850904 23.956674
v 92.651898 -152.981607 24.775576
v 90.829301 -147.164504 27.842677
v 96.734703 -144.218903 29.231176
v 122.572696 -166.113653 -279.238919
v -122.572696 -166.113653 -279.238919
v 101.625800 -143.730745 -307.706022
v 109.322202 -148.387048 -306.614423
v 107.307196 -151.750847 -314.123918
v 98.383701 -146.450349 -317.914820
v -101.625800 -143.730745 -307.706022
v -109.322202 -148.387048 -306.614423
v -109.793603 -147.552049 -296.408916
v -103.613102 -140.564358 -296.003031
v 107.239103 -155.965946 -303.948619
v 106.405401 -159.548351 -311.997726
v -107.239103 -155.965946 -303.948619
v -106.405604 -151.948153 -296.211530
v 98.773098 -157.101951 -303.713037
v 97.703499 -165.069648 -316.435221
v -98.773098 -157.101951 -303.713037
v -100.314701 -152.277552 -296.420718
v 92.947400 -151.072453 -303.464914
v 91.357797 -158.047243 -316.473724
v -92.947400 -151.072453 -303.464914
v -95.538402 -147.091853 -295.178318
v 94.133103 -147.014246 -307.615733
v 92.384303 -150.725349 -317.156220
v -94.133103 -147.014246 -307.615733
v -96.169800 -143.903255 -295.469617
v 106.405604 -151.948153 -296.211530
v 109.793603 -147.552049 -296.408916
v 100.314701 -152.277552 -296.420718
v 95.538402 -147.091853 -295.178318
v 96.169800 -143.903255 -295.469617
v 103.613102 -140.564358 -296.003031
v -106.405401 -159.548351 -311.997726
v -107.307196 -151.750847 -314.123918
v -97.703499 -165.069648 -316.435221
v -91.357797 -158.047243 -316.473724
v -92.384303 -150.725349 -317.156220
v -98.383701 -146.450349 -317.914820
v 111.186695 -150.563456 -285.002733
v 104.143405 -145.027854 -283.823132
v 103.729796 -151.794961 -272.339917
v 108.856905 -156.285551 -273.840024
v -111.186695 -150.563456 -285.002733
v -104.143405 -145.027854 -283.823132
v 96.225601 -145.985748 -284.601831
v 98.609102 -152.219954 -273.373819
v -96.225601 -145.985748 -284.601831
v 94.429201 -152.156354 -285.281325
v 96.828502 -158.316759 -272.011520
v -94.429201 -152.156354 -285.281325
v 99.787301 -156.904353 -285.984017
v 99.246198 -162.756554 -271.949127
v -99.787301 -156.904353 -285.984017
v 106.316805 -161.953953 -275.805428
v 106.847095 -156.891252 -287.011124
v -106.847095 -156.891252 -287.011124
v 103.260005 -160.854153 -265.009024
v 105.629206 -162.757961 -266.594937
v -103.729796 -151.794961 -272.339917
v -108.856905 -156.285551 -273.840024
v -105.629206 -162.757961 -266.594937
v -103.260005 -160.854153 -265.009024
v 99.573201 -161.268358 -265.415433
v -98.609102 -152.219954 -273.373819
v -99.573201 -161.268358 -265.415433
v 99.531901 -162.708453 -267.698219
v -96.828502 -158.316759 -272.011520
v -99.531901 -162.708453 -267.698219
v 101.368701 -164.304356 -267.591932
v -99.246198 -162.756554 -271.949127
v -101.368701 -164.304356 -267.591932
v 103.794205 -164.095560 -269.995025
v -106.316805 -161.953953 -275.805428
v -103.794205 -164.095560 -269.995025
v 101.882505 -165.984659 -263.810829
v -101.882505 -165.984659 -263.810829
v -108.992302 -160.811051 -315.185716
v -113.272297 -165.784653 -316.813734
v -110.116506 -155.226143 -317.111827
v -109.158695 -154.767151 -321.076418
v -117.016900 -161.609251 -324.068120
v -115.450597 -166.533251 -321.656517
v 82.081699 -140.166149 -306.974029
v 89.133197 -144.743548 -305.195331
v 88.631898 -150.802847 -314.159323
v 81.248301 -144.639249 -318.530035
v -82.081699 -140.166149 -306.974029
v -89.133197 -144.743548 -305.195331
v -89.018703 -140.054250 -292.492126
v -82.410002 -134.145355 -293.310426
v 87.772101 -161.755546 -316.588524
v 88.228798 -152.830146 -302.906228
v -88.228798 -152.830146 -302.906228
v -85.311198 -147.316647 -291.778016
v 82.118797 -155.178450 -301.457120
v 81.772500 -166.120048 -317.732337
v -82.118797 -155.178450 -301.457120
v -82.167798 -148.240054 -290.894318
v 75.586897 -152.140949 -303.474713
v 76.402700 -162.331148 -317.420318
v -75.586897 -152.140949 -303.474713
v -76.850098 -146.023047 -291.822720
v 75.849599 -143.220744 -305.719327
v 75.108701 -152.656944 -321.349932
v -75.849599 -143.220744 -305.719327
v -76.075000 -138.455749 -292.473124
v 88.680398 -144.670453 -279.333019
v 79.676002 -139.688852 -278.600930
v 79.775602 -149.089162 -264.291430
v 86.566502 -152.041058 -266.345526
v -88.680398 -144.670453 -279.333019
v -79.676002 -139.688852 -278.600930
v 86.573702 -152.557351 -281.575132
v 86.033601 -158.321050 -270.495226
v -86.573702 -152.557351 -281.575132
v 81.087202 -153.058650 -283.110524
v 81.499398 -159.935561 -271.331217
v -81.087202 -153.058650 -283.110524
v 75.075102 -151.206757 -281.835914
v 74.943101 -156.542162 -270.108129
v -75.075102 -151.206757 -281.835914
v 73.993301 -143.794550 -280.746126
v 75.116301 -153.126757 -266.310121
v -73.993301 -143.794550 -280.746126
v 82.410002 -134.145355 -293.310426
v 76.075000 -138.455749 -292.473124
v 76.850098 -146.023047 -291.822720
v 82.167798 -148.240054 -290.894318
v 85.311198 -147.316647 -291.778016
v 89.018703 -140.054250 -292.492126
v -79.775602 -149.089162 -264.291430
v -75.116301 -153.126757 -266.310121
v -74.943101 -156.542162 -270.108129
v -81.499398 -159.935561 -271.331217
v -86.033601 -158.321050 -270.495226
v -86.566502 -152.041058 -266.345526
v -88.631898 -150.802847 -314.159323
v -87.772101 -161.755546 -316.588524
v -81.772500 -166.120048 -317.732337
v -76.402700 -162.331148 -317.420318
v -75.108701 -152.656944 -321.349932
v -81.248301 -144.639249 -318.530035
v 80.282199 -160.160464 -257.197120
v 83.230197 -160.166055 -257.751324
v -83.230197 -160.166055 -257.751324
v -80.282199 -160.160464 -257.197120
v 83.064502 -162.315863 -260.357931
v -83.064502 -162.315863 -260.357931
v 80.646402 -163.733857 -259.838131
v -80.646402 -163.733857 -259.838131
v 78.351599 -162.119358 -260.228636
v -78.351599 -162.119358 -260.228636
v 77.944499 -160.708159 -258.393719
v -77.944499 -160.708159 -258.393719
v 80.517399 -165.225059 -256.496123
v -80.517399 -165.225059 -256.496123
v 61.218703 -144.921348 -307.119727
v 55.382198 -150.833950 -307.963920
v 53.800499 -142.974651 -291.432023
v 58.868402 -139.191949 -293.298625
v -58.857900 -158.254046 -323.794820
v -65.104598 -151.610751 -323.457433
v -61.218703 -144.921348 -307.119727
v -55.382198 -150.833950 -307.963920
v 66.678500 -146.385346 -306.254315
v 63.768399 -140.195656 -292.266034
v -66.678500 -146.385346 -306.254315
v -71.250898 -154.487951 -322.204329
v 70.299399 -153.551851 -303.059722
v 66.944999 -145.594550 -289.887929
v -73.200500 -162.679346 -318.489530
v -70.299399 -153.551851 -303.059722
v 67.186999 -158.950148 -302.732637
v 64.186102 -150.377751 -289.993120
v -67.186999 -158.950148 -302.732637
v -71.621799 -167.419346 -320.379118
v 56.478798 -149.459958 -291.656113
v 58.116400 -158.129046 -304.045226
v -60.459799 -167.435153 -320.782426
v -58.116400 -158.129046 -304.045226
v 60.459799 -167.435153 -320.782426
v 58.857900 -158.254046 -323.794820
v 71.621799 -167.419346 -320.379118
v 73.200500 -162.679346 -318.489530
v 71.250898 -154.487951 -322.204329
v 65.104598 -151.610751 -323.457433
v -56.478798 -149.459958 -291.656113
v -53.800499 -142.974651 -291.432023
v -64.186102 -150.377751 -289.993120
v -66.944999 -145.594550 -289.887929
v -63.768399 -140.195656 -292.266034
v -58.868402 -139.191949 -293.298625
v 54.767197 -144.308760 -279.519415
v 50.252402 -148.817756 -280.533123
v 51.416701 -160.515552 -263.421228
v 53.526300 -158.519559 -262.225415
v -54.767197 -144.308760 -279.519415
v -50.252402 -148.817756 -280.533123
v 63.422602 -144.690253 -279.935121
v 56.746602 -158.559363 -261.907031
v -63.422602 -144.690253 -279.935121
v 66.217899 -151.769259 -278.948427
v 58.816499 -161.185663 -263.062623
v -66.217899 -151.769259 -278.948427
v 63.060898 -156.773653 -279.255320
v 57.481700 -163.623957 -264.739516
v -63.060898 -156.773653 -279.255320
v 55.797797 -157.206049 -280.711533
v 53.659999 -163.823251 -265.644625
v -55.797797 -157.206049 -280.711533
v -51.416701 -160.515552 -263.421228
v -53.659999 -163.823251 -265.644625
v -57.481700 -163.623957 -264.739516
v -58.816499 -161.185663 -263.062623
v -56.746602 -158.559363 -261.907031
v -53.526300 -158.519559 -262.225415
v 54.492199 -166.450363 -259.855631
v -54.492199 -166.450363 -259.855631
v 105.475700 -157.499639 -340.243532
v 100.280297 -149.177544 -337.454319
v 103.585601 -152.226645 -329.690934
v 109.724796 -159.955245 -331.672838
v -103.585601 -152.226645 -329.690934
v -109.724796 -159.955245 -331.672838
v 94.221401 -145.774943 -327.760029
v 91.909897 -143.206947 -334.869313
v -94.221401 -145.774943 -327.760029
v 80.255097 -140.915947 -333.692931
v 81.082898 -145.277852 -328.477025
v -81.082898 -145.277852 -328.477025
v 69.435501 -145.640044 -336.827612
v 68.117702 -149.616748 -330.975724
v -68.117702 -149.616748 -330.975724
v 62.309402 -157.473045 -332.312228
v 64.790303 -155.076448 -341.127016
v -62.309402 -157.473045 -332.312228
v 74.741501 -173.625546 -331.976037
v 61.961597 -169.445949 -332.954220
v 65.865701 -167.192844 -345.843938
v 78.790301 -175.493947 -348.180132
v -74.741501 -173.625546 -331.976037
v -61.961597 -169.445949 -332.954220
v 87.974602 -173.181349 -330.278639
v 90.370601 -175.481549 -346.901135
v -87.974602 -173.181349 -330.278639
v 104.765701 -168.805340 -344.618324
v 105.299401 -171.582049 -328.581027
v -105.299401 -171.582049 -328.581027
v -90.370601 -175.481549 -346.901135
v -104.765701 -168.805340 -344.618324
v -78.790301 -175.493947 -348.180132
v -65.865701 -167.192844 -345.843938
v -64.790303 -155.076448 -341.127016
v -69.435501 -145.640044 -336.827612
v -80.255097 -140.915947 -333.692931
v -91.909897 -143.206947 -334.869313
v -100.280297 -149.177544 -337.454319
v -105.475700 -157.499639 -340.243532
v 10.529500 -19.301230 -427.377704
v 16.906700 -9.689730 -424.794103
v 20.842800 -9.800733 -408.712579
v 12.502100 -23.243434 -407.958082
v -16.906700 -9.689730 -424.794103
v -10.529500 -19.301230 -427.377704
v -12.502100 -23.243434 -407.958082
v -20.842800 -9.800733 -408.712579
v 0.000000 -27.250432 -407.679085
v 0.000000 -23.476731 -428.040985
v 14.166100 5.319169 -423.773812
v 19.268499 9.200566 -406.711577
v -14.166100 5.319169 -423.773812
v -19.268499 9.200566 -406.711577
v 0.000000 15.150869 -421.864412
v 0.000000 22.323366 -405.661675
v 0.000000 -19.627227 -448.845580
v 7.911000 -16.393428 -448.253587
v -7.911000 -16.393428 -448.253587
v -12.023400 -8.671227 -445.759012
v -9.527600 1.032372 -442.253923
v 0.000000 6.902471 -439.264106
v 9.527600 1.032372 -442.253923
v 12.023400 -8.671227 -445.759012
v 0.000000 -19.191723 -471.978000
v 7.545000 -15.918524 -471.318295
v -7.545000 -15.918524 -471.318295
v -10.710900 -8.595223 -468.774606
v -7.814000 -1.299925 -463.559818
v 0.000000 2.301275 -462.956285
v 7.814000 -1.299925 -463.559818
v 10.710900 -8.595223 -468.774606
v 0.000000 -19.175720 -497.336009
v 7.709100 -15.792219 -496.672108
v -7.709100 -15.792219 -496.672108
v -11.016500 -8.318020 -494.645406
v -7.944000 -0.670020 -491.608811
v 0.000000 2.871380 -490.467786
v 7.944000 -0.670020 -491.608811
v 11.016500 -8.318020 -494.645406
v 26.751101 -24.595835 -396.667508
v -26.751101 -24.595835 -396.667508
v 6.818600 -8.331625 -1076.899721
v 0.000000 -10.994324 -1077.363207
v 0.000000 -10.533020 -1105.489446
v 6.876500 -7.851920 -1104.994108
v -6.818600 -8.331625 -1076.899721
v -6.876500 -7.851920 -1104.994108
v -10.571400 -1.177725 -1076.444340
v -10.416800 -0.833120 -1104.014397
v -8.111600 6.148576 -1076.486491
v -8.023500 6.587180 -1102.017974
v 0.000000 10.163676 -1076.398943
v 0.000000 10.404380 -1101.776217
v 8.111600 6.148576 -1076.486491
v 8.023500 6.587180 -1102.017974
v 10.571400 -1.177725 -1076.444340
v 10.416800 -0.833120 -1104.014397
v 0.000000 -18.661914 -524.230483
v 7.635900 -15.344715 -523.690798
v -7.635900 -15.344715 -523.690798
v -10.928900 -7.908515 -522.007181
v -7.909400 -0.436215 -519.384098
v 0.000000 3.172085 -518.405103
v 7.909400 -0.436215 -519.384098
v 10.928900 -7.908515 -522.007181
v 0.000000 -18.023110 -552.310184
v 7.439500 -14.881610 -551.862814
v -7.439500 -14.881610 -551.862814
v -10.638700 -7.575711 -550.391485
v -7.738700 -0.316011 -547.814703
v 0.000000 3.204489 -546.589517
v 7.738700 -0.316011 -547.814703
v 10.638700 -7.575711 -550.391485
v 0.000000 -17.245205 -581.368401
v 7.067600 -14.190305 -580.974104
v -7.067600 -14.190305 -580.974104
v -10.324700 -7.266905 -579.852916
v -7.578500 -0.191406 -578.216410
v 0.000000 3.307694 -577.344179
v 7.578500 -0.191406 -578.216410
v 10.324700 -7.266905 -579.852916
v 0.000000 -16.918901 -611.080125
v 7.107300 -13.914201 -610.736515
v -7.107300 -13.914201 -610.736515
v -10.298500 -7.045100 -609.805824
v -7.611100 0.188399 -608.421421
v 0.000000 3.641299 -607.607698
v 7.611100 0.188399 -608.421421
v 10.298500 -7.045100 -609.805824
v 0.000000 -16.743596 -641.333821
v 7.362500 -13.663496 -641.035416
v -7.362500 -13.663496 -641.035416
v -10.506100 -6.858396 -640.187694
v -7.831000 0.668204 -638.631105
v 0.000000 4.285004 -637.462377
v 7.831000 0.668204 -638.631105
v 10.506100 -6.858396 -640.187694
v 0.000000 -16.460791 -671.979621
v 7.407900 -13.262390 -671.780207
v -7.407900 -13.262390 -671.780207
v -10.666300 -6.665391 -671.224881
v -7.850400 1.145909 -669.855594
v 0.000000 4.793209 -668.787288
v 7.850400 1.145909 -669.855594
v 10.666300 -6.665391 -671.224881
v 0.000000 -16.226985 -702.755692
v 7.635700 -13.008686 -702.607491
v -7.635700 -13.008686 -702.607491
v -10.821700 -6.196786 -702.574779
v -8.076400 1.850014 -701.477098
v 0.000000 5.437814 -700.012397
v 8.076400 1.850014 -701.477098
v 10.821700 -6.196786 -702.574779
v 0.000000 -15.779981 -733.033898
v 7.635300 -12.610081 -733.168986
v -7.635300 -12.610081 -733.168986
v -10.844300 -5.577881 -733.746816
v -8.040600 2.256920 -734.349680
v 0.000000 5.843120 -734.730815
v 8.040600 2.256920 -734.349680
v 10.844300 -5.577881 -733.746816
v 0.000000 -15.461575 -762.447980
v 7.621400 -12.284175 -762.640478
v -7.621400 -12.284175 -762.640478
v -10.936400 -4.997076 -763.498021
v -8.042000 2.757825 -765.128803
v 0.000000 6.333825 -766.042518
v 8.042000 2.757825 -765.128803
v 10.936400 -4.997076 -763.498021
v 0.000000 -14.978772 -790.632298
v 7.435200 -11.953971 -790.773680
v -7.435200 -11.953971 -790.773680
v -10.751300 -4.712471 -791.637994
v -7.890100 3.134129 -793.665504
v 0.000000 6.602030 -795.823287
v 7.890100 3.134129 -793.665504
v 10.751300 -4.712471 -791.637994
v 7.190900 -11.674067 -817.763998
v 0.000000 -14.477267 -817.774584
v 0.000000 -14.074263 -844.341185
v 7.030900 -11.284863 -844.025232
v -7.190900 -11.674067 -817.763998
v -7.030900 -11.284863 -844.025232
v -10.636000 -4.590967 -817.805959
v -10.579800 -4.314463 -842.927075
v -7.778600 3.259533 -818.233013
v -7.858200 3.450337 -840.552902
v 0.000000 6.791133 -818.429755
v 0.000000 6.996136 -838.764094
v 7.778600 3.259533 -818.233013
v 7.858200 3.450337 -840.552902
v 10.636000 -4.590967 -817.805959
v 10.579800 -4.314463 -842.927075
v 0.000000 -13.788858 -871.359827
v 7.170900 -10.993758 -870.867636
v -7.170900 -10.993758 -870.867636
v -10.590800 -4.015158 -869.293881
v -7.985000 3.801141 -866.476821
v 0.000000 7.409241 -865.091227
v 7.985000 3.801141 -866.476821
v 10.590800 -4.015158 -869.293881
v 0.000000 -13.486753 -899.389269
v 7.212200 -10.682754 -898.875810
v -7.212200 -10.682754 -898.875810
v -10.666500 -3.700554 -897.294903
v -8.057300 3.947146 -894.586467
v 0.000000 7.743845 -892.383383
v 8.057300 3.947146 -894.586467
v 10.666500 -3.700554 -897.294903
v 0.000000 -13.082648 -928.507044
v 7.198000 -10.173949 -928.071214
v -7.198000 -10.173949 -928.071214
v -10.673400 -3.450349 -926.771260
v -8.376600 4.126451 -924.698161
v 0.000000 8.253351 -923.333262
v 8.376600 4.126451 -924.698161
v 10.673400 -3.450349 -926.771260
v 0.000000 -12.416444 -958.494093
v 6.923300 -9.576944 -958.173849
v -6.923300 -9.576944 -958.173849
v -10.312800 -3.027744 -957.285977
v -8.162200 4.435056 -955.831146
v 0.000000 8.455855 -955.354880
v 8.162200 4.435056 -955.831146
v 10.312800 -3.027744 -957.285977
v 0.000000 -12.101539 -988.894274
v 6.949600 -9.309939 -988.647749
v -6.949600 -9.309939 -988.647749
v -10.458100 -2.687039 -988.261700
v -8.108300 4.846961 -987.938022
v 0.000000 8.867361 -987.542819
v 8.108300 4.846961 -987.938022
v 10.458100 -2.687039 -988.261700
v 0.000000 -11.763934 -1019.091131
v 6.927000 -9.132934 -1018.783762
v -6.927000 -9.132934 -1018.783762
v -10.515200 -2.203834 -1018.579197
v -8.276300 5.276566 -1018.556594
v 0.000000 9.347566 -1018.025587
v 8.276300 5.276566 -1018.556594
v 10.515200 -2.203834 -1018.579197
v 0.000000 -11.405629 -1048.693850
v 6.796700 -8.731129 -1048.226930
v -6.796700 -8.731129 -1048.226930
v -10.525300 -1.602829 -1048.170853
v -8.171100 5.865671 -1049.089717
v 0.000000 9.850171 -1048.642634
v 8.171100 5.865671 -1049.089717
v 10.525300 -1.602829 -1048.170853
v 9.162700 -8.475399 -1235.364343
v 0.031800 -12.859499 -1234.996988
v 0.079800 -17.115895 -1253.791240
v 11.008000 -12.201496 -1255.014231
v -9.007400 -8.513899 -1235.041620
v -11.012400 -12.317896 -1254.006483
v -12.420100 -1.436399 -1234.954167
v -15.913400 -1.552296 -1253.913307
v -10.959300 7.207601 -1234.592341
v -12.707800 10.428804 -1253.909777
v 0.000000 14.010800 -1234.059618
v 0.000000 17.227604 -1253.394601
v 10.959300 7.207601 -1234.592341
v 12.468100 10.448704 -1253.174113
v 12.458600 -1.540299 -1235.176373
v 15.955600 -1.654296 -1253.944207
v 0.000000 -10.144315 -1133.557131
v 6.945200 -7.292415 -1133.114911
v -6.945200 -7.292415 -1133.114911
v -10.379500 -0.478316 -1132.221031
v -7.976400 6.895785 -1131.044101
v 0.000000 10.786884 -1130.213068
v 7.976400 6.895785 -1131.044101
v 10.379500 -0.478316 -1132.221031
v 0.000000 -9.777111 -1161.228849
v 6.976800 -6.871911 -1160.904885
v -6.976800 -6.871911 -1160.904885
v -10.380700 -0.286411 -1160.486984
v -8.005100 7.204989 -1160.002993
v 0.000000 11.130489 -1158.408640
v 8.005100 7.204989 -1160.002993
v 10.380700 -0.286411 -1160.486984
v 0.000000 -9.464207 -1187.623693
v 7.025000 -6.645006 -1187.473775
v -7.025000 -6.645006 -1187.473775
v -10.424600 -0.179707 -1187.082577
v -8.152800 7.579694 -1187.496470
v 0.000000 11.635393 -1187.261484
v 8.152800 7.579694 -1187.496470
v 10.424600 -0.179707 -1187.082577
v 0.000000 -9.315403 -1212.919523
v 6.880800 -6.511202 -1212.272931
v -6.880800 -6.511202 -1212.272931
v -10.339100 -0.308603 -1211.916161
v -8.536000 7.481097 -1211.880110
v 0.000000 12.008397 -1212.149141
v 8.536000 7.481097 -1211.880110
v 10.339100 -0.308603 -1211.916161
v 0.397400 -22.826794 -1262.213806
v 17.497499 -18.052093 -1265.287116
v -16.722099 -17.833194 -1263.936618
v -24.631500 -0.062595 -1261.159992
v -18.965100 20.286906 -1261.478707
v 0.652000 25.506904 -1257.525917
v 21.328200 19.679105 -1260.896775
v 26.219600 -1.227194 -1261.271572
v 17.410800 35.277806 -1268.662733
v 1.096300 37.465105 -1268.272394
v -13.653301 32.130207 -1271.684641
v 37.971401 -2.669393 -1273.638440
v 34.277400 21.585808 -1276.615902
v -35.870099 1.274207 -1272.233581
v -29.890099 23.216809 -1276.756760
v 22.782101 40.586910 -1282.115739
v -17.839000 36.196608 -1287.285131
v 1.202600 47.676209 -1285.590164
v 27.206001 -21.658391 -1276.600651
v -28.141701 -17.975292 -1275.976089
v -0.662300 -31.817194 -1269.743638
v 12.549999 -28.201292 -1272.404008
v -13.357800 -29.069494 -1269.789319
v 13.546300 -32.841993 -1279.157358
v -18.994300 -33.058292 -1278.435426
v -2.598900 -39.677692 -1276.892573
v -42.946100 -20.757887 -1303.999046
v -29.430300 -40.927287 -1302.323730
v -24.170700 -36.601491 -1288.801199
v -36.510199 -19.385290 -1288.211635
v -45.569301 1.964710 -1286.626243
v -52.603501 1.954613 -1304.635811
v -37.119600 25.489910 -1291.903396
v -44.241300 27.785413 -1309.502311
v -23.490800 44.239014 -1314.696877
v -21.059100 39.579311 -1299.646466
v 1.527600 53.118411 -1298.497382
v 1.678100 58.885616 -1314.771070
v 1.683800 63.342819 -1337.805642
v 31.970599 47.702617 -1340.590088
v 29.674199 41.312623 -1370.366948
v 0.000000 59.480426 -1372.054567
v -29.674199 41.312623 -1370.366948
v -31.970599 47.702617 -1340.590088
v 50.700498 20.272919 -1339.799878
v 51.790297 16.892823 -1366.794488
v -51.790297 16.892823 -1366.794488
v -50.309902 26.911416 -1332.114597
v 49.343300 -10.996082 -1336.531641
v 42.493501 -12.543878 -1362.064936
v -58.351398 -1.347681 -1342.777539
v -56.843102 1.013216 -1324.897575
v 39.721000 -40.410883 -1332.031733
v 33.995399 -39.165478 -1359.105403
v -51.228702 -19.702681 -1343.854335
v -48.012900 -21.336684 -1323.265937
v -14.710000 -60.973685 -1322.354327
v -36.493501 -43.929585 -1321.844680
v -42.778400 -44.105880 -1344.838817
v -18.616800 -58.801479 -1347.890101
v -43.973199 -36.940476 -1373.268610
v -18.898900 -48.192276 -1379.046353
v -54.346400 -12.436177 -1368.662455
v -47.517499 -6.347773 -1389.769269
v -29.812399 -12.994969 -1413.961031
v -33.792001 8.131326 -1388.301180
v -23.670401 28.904028 -1395.287032
v 0.000000 43.506529 -1400.456612
v 0.000000 26.828130 -1422.378250
v -20.576900 22.323829 -1406.848332
v -23.013300 5.483132 -1420.570754
v 25.082299 -31.777076 -1382.424741
v 32.346299 -12.600775 -1384.041025
v 33.792001 8.131326 -1388.301180
v 23.670401 28.904028 -1395.287032
v 12.117300 -51.268886 -1327.262696
v 9.295200 -51.982278 -1353.808793
v 7.140800 -44.546376 -1382.725818
v 47.906500 22.342213 -1313.666435
v 29.652199 47.125515 -1315.194599
v 50.187701 -7.811386 -1310.827447
v 38.289800 -34.280588 -1307.661539
v 13.603500 -45.785986 -1305.790623
v -10.061100 -56.461087 -1300.318250
v 33.029500 -27.224989 -1289.608960
v 14.012399 -39.182190 -1290.388495
v -5.306800 -48.630290 -1286.917122
v 26.396000 44.226411 -1296.348565
v 41.432199 22.404410 -1293.012043
v 45.696300 -4.718190 -1289.631844
v 16.554201 13.690830 -1412.458513
v 24.186100 2.408828 -1401.170730
v 21.114799 -10.644172 -1400.839044
v -13.403800 -24.599870 -1417.949967
v -4.185200 3.398837 -1453.543090
v 18.371201 -23.383472 -1397.186951
v 7.543300 -26.026571 -1407.298951
v 0.000000 119.600012 -83.358578
v 0.000000 106.021717 -91.032982
v 22.282100 108.534220 -93.066383
v -22.282100 108.534220 -93.066383
v 9.915300 -3.918369 -1420.699692
v 64.548600 51.643690 58.386108
v 55.238098 61.103989 63.600109
v -73.144197 59.356295 41.616709
v -62.218797 73.075293 45.076311
v -57.620102 84.630790 58.889611
v 50.733000 70.228887 71.699613
v 62.218797 73.075293 45.076311
v 73.144197 59.356295 41.616709
v 57.620102 84.630790 58.889611
v -64.548600 51.643690 58.386108
v -55.238098 61.103989 63.600109
v -50.733000 70.228887 71.699613
v -81.977898 144.416801 -24.786477
v -77.888000 131.142013 -100.193384
v -37.183601 168.871008 -62.299272
v 26.006255 44.997351 62.308861
v 26.006261 86.630543 62.308856
v 26.006258 44.997352 20.675662
v 26.006258 86.630538 20.675660
v 67.639452 44.997351 62.308861
v 67.639452 86.630543 62.308862
v 67.639452 44.997352 20.675662
v 67.639452 86.630538 20.675663
v 22.881970 41.873060 29.096279
v 21.327834 40.318923 41.492260
v 22.881970 41.873062 53.888238
v 22.881970 53.417964 65.433141
v 21.327834 65.813942 66.987281
v 22.881970 78.209926 65.433145
v 22.881970 89.754823 53.888240
v 21.327834 91.308962 41.492259
v 22.881970 89.754827 29.096281
v 22.881970 78.209922 17.551375
v 21.327831 65.813938 15.997239
v 22.881970 53.417960 17.551376
v 59.218836 41.873062 17.551375
v 46.822855 40.318925 15.997241
v 34.426874 41.873062 17.551375
v 34.426874 89.754823 17.551376
v 46.822855 91.308961 15.997240
v 59.218836 89.754823 17.551376
v 70.763737 78.209922 17.551375
v 72.317874 65.813938 15.997236
v 70.763737 53.417960 17.551376
v 70.763737 41.873062 53.888238
v 72.317874 40.318923 41.492260
v 70.763737 41.873060 29.096279
v 70.763737 89.754827 29.096284
v 72.317874 91.308962 41.492259
v 70.763737 89.754823 53.888240
v 70.763737 78.209926 65.433145
v 72.317874 65.813942 66.987275
v 70.763737 53.417964 65.433147
v 34.426874 41.873060 65.433139
v 46.822855 40.318922 66.987283
v 59.218836 41.873060 65.433139
v 59.218836 89.754827 65.433141
v 46.822855 91.308964 66.987279
v 34.426874 89.754827 65.433141
v 16.087860 52.484414 54.821786
v 13.653147 65.813938 55.626010
v 16.087860 79.143468 54.821778
v 13.653147 51.680189 41.492259
v 10.767451 65.813940 41.492261
v 13.653147 79.947691 41.492261
v 16.087860 52.484418 28.162738
v 13.653147 65.813942 27.358513
v 16.087860 79.143472 28.162737
v 33.493331 52.484415 10.757264
v 32.689106 65.813939 8.322551
v 33.493334 79.143469 10.757265
v 46.822855 51.680188 8.322551
v 46.822855 65.813940 5.436854
v 46.822855 79.947691 8.322553
v 60.152382 52.484415 10.757264
v 60.956603 65.813939 8.322551
v 60.152382 79.143469 10.757265
v 77.557850 52.484418 28.162738
v 79.992563 65.813942 27.358513
v 77.557850 79.143472 28.162737
v 79.992563 51.680189 41.492262
v 82.878256 65.813940 41.492261
v 79.992563 79.947691 41.492261
v 77.557850 52.484420 54.821780
v 79.992563 65.813938 55.626010
v 77.557850 79.143468 54.821784
v 60.152376 52.484417 72.227254
v 60.956603 65.813941 74.661969
v 60.152376 79.143471 72.227253
v 46.822855 51.680189 74.661967
v 46.822855 65.813940 77.547662
v 46.822855 79.947692 74.661971
v 33.493331 52.484417 72.227254
v 32.689106 65.813941 74.661969
v 33.493331 79.143471 72.227253
v 33.493331 35.078950 28.162735
v 46.822855 32.644238 27.358510
v 60.152382 35.078950 28.162738
v 32.689103 32.644238 41.492259
v 46.822855 29.758542 41.492258
v 60.956603 32.644238 41.492259
v 33.493334 35.078952 54.821783
v 46.822855 32.644239 55.626004
v 60.152382 35.078952 54.821783
v 60.152382 96.548940 28.162737
v 46.822855 98.983653 27.358512
v 33.493331 96.548940 28.162740
v 60.956603 98.983651 41.492261
v 46.822855 101.869350 41.492261
v 32.689106 98.983651 41.492261
v 60.152376 96.548936 54.821781
v 46.822855 98.983648 55.626009
v 33.493331 96.548936 54.821781
v -26.006255 44.997351 62.308861
v -26.006261 86.630543 62.308856
v -26.006258 44.997352 20.675662
v -26.006258 86.630538 20.675660
v -67.639452 44.997351 62.308861
v -67.639452 86.630543 62.308862
v -67.639452 44.997352 20.675662
v -67.639452 86.630538 20.675663
v -22.881970 41.873060 29.096279
v -21.327834 40.318923 41.492260
v -22.881970 41.873062 53.888238
v -22.881970 53.417964 65.433141
v -21.327834 65.813942 66.987281
v -22.881970 78.209926 65.433145
v -22.881970 89.754823 53.888240
v -21.327834 91.308962 41.492259
v -22.881970 89.754827 29.096281
v -22.881970 78.209922 17.551375
v -21.327831 65.813938 15.997239
v -22.881970 53.417960 17.551376
v -59.218836 41.873062 17.551375
v -46.822855 40.318925 15.997241
v -34.426874 41.873062 17.551375
v -34.426874 89.754823 17.551376
v -46.822855 91.308961 15.997240
v -59.218836 89.754823 17.551376
v -70.763737 78.209922 17.551375
v -72.317874 65.813938 15.997236
v -70.763737 53.417960 17.551376
v -70.763737 41.873062 53.888238
v -72.317874 40.318923 41.492260
v -70.763737 41.873060 29.096279
v -70.763737 89.754827 29.096284
v -72.317874 91.308962 41.492259
v -70.763737 89.754823 53.888240
v -70.763737 78.209926 65.433145
v -72.317874 65.813942 66.987275
v -70.763737 53.417964 65.433147
v -34.426874 41.873060 65.433139
v -46.822855 40.318922 66.987283
v -59.218836 41.873060 65.433139
v -59.218836 89.754827 65.433141
v -46.822855 91.308964 66.987279
v -34.426874 89.754827 65.433141
v -16.087860 52.484414 54.821786
v -13.653147 65.813938 55.626010
v -16.087860 79.143468 54.821778
v -13.653147 51.680189 41.492259
v -10.767451 65.813940 41.492261
v -13.653147 79.947691 41.492261
v -16.087860 52.484418 28.162738
v -13.653147 65.813942 27.358513
v -16.087860 79.143472 28.162737
v -33.493331 52.484415 10.757264
v -32.689106 65.813939 8.322551
v -33.493334 79.143469 10.757265
v -46.822855 51.680188 8.322551
v -46.822855 65.813940 5.436854
v -46.822855 79.947691 8.322553
v -60.152382 52.484415 10.757264
v -60.956603 65.813939 8.322551
v -60.152382 79.143469 10.757265
v -77.557850 52.484418 28.162738
v -79.992563 65.813942 27.358513
v -77.557850 79.143472 28.162737
v -79.992563 51.680189 41.492262
v -82.878256 65.813940 41.492261
v -79.992563 79.947691 41.492261
v -77.557850 52.484420 54.821780
v -79.992563 65.813938 55.626010
v -77.557850 79.143468 54.821784
v -60.152376 52.484417 72.227254
v -60.956603 65.813941 74.661969
v -60.152376 79.143471 72.227253
v -46.822855 51.680189 74.661967
v -46.822855 65.813940 77.547662
v -46.822855 79.947692 74.661971
v -33.493331 52.484417 72.227254
v -32.689106 65.813941 74.661969
v -33.493331 79.143471 72.227253
v -33.493331 35.078950 28.162735
v -46.822855 32.644238 27.358510
v -60.152382 35.078950 28.162738
v -32.689103 32.644238 41.492259
v -46.822855 29.758542 41.492258
v -60.956603 32.644238 41.492259
v -33.493334 35.078952 54.821783
v -46.822855 32.644239 55.626004
v -60.152382 35.078952 54.821783
v -60.152382 96.548940 28.162737
v -46.822855 98.983653 27.358512
v -33.493331 96.548940 28.162740
v -60.956603 98.983651 41.492261
v -46.822855 101.869350 41.492261
v -32.689106 98.983651 41.492261
v -60.152376 96.548936 54.821781
v -46.822855 98.983648 55.626009
v -33.493331 96.548936 54.821781
vt 0.357065 0.477205
vt 0.909322 0.196903
vt 0.320613 0.463467
vt 0.384868 0.640698
vt 0.339015 0.362520
vt 0.897128 0.567115
vt 0.118381 0.456943
vt 0.952264 0.635952
vt 0.954999 0.747825
vt 0.384197 0.631297
vt 0.695447 0.414399
vt 0.270938 0.646506
vt 0.076995 0.480976
vt 0.211111 0.711068
vt 0.257042 0.183156
vt 0.308476 0.438632
vt 0.469482 0.381327
vt 0.501210 0.009942
vt 0.080760 0.608731
vt 0.082245 0.352960
vt 0.995069 0.095208
vt 0.116292 0.953345
vt 0.667474 0.385798
vt 0.652859 0.428072
vt 0.388313 0.444456
vt 0.863453 0.060890
vt 0.156731 0.461864
vt 0.377055 0.416595
vt 0.695036 0.442575
vt 0.149392 0.527840
vt 0.963876 0.773624
vt 0.267525 0.701295
vt 0.946567 0.419981
vt 0.347193 0.599290
vt 0.462564 0.582190
vt 0.545334 0.255953
vt 0.514214 0.138113
vt 0.961624 0.590828
vt 0.949879 0.807557
vt 0.344057 0.558501
vt 0.297560 0.456188
vt 0.485917 0.416342
vt 0.414482 0.430140
vt 0.568335 0.455678
vt 0.821380 0.643930
vt 0.579270 0.306763
vt 0.911548 0.394469
vt 0.235495 0.864608
vt 0.510203 0.403546
vt 0.844440 0.585550
vt 0.680970 0.442468
vt 0.216129 0.148790
vt 0.036187 0.175506
vt 0.173251 0.571608
vt 0.675649 0.939855
vt 0.755783 0.619153
vt 0.828113 0.537749
vt 0.813063 0.597761
vt 0.983891 0.589914
vt 0.545264 0.831782
vt 0.746777 0.762465
vt 0.279568 0.688244
vt 0.210898 0.508856
vt 0.304163 0.451978
vt 0.104666 0.634204
vt 0.953372 0.574479
vt 0.882146 0.589858
vt 0.801520 0.795943
vt 0.751550 0.457458
vt 0.681460 0.400099
vt 0.948548 0.620037
vt 0.638103 0.907888
vt 0.099393 0.155015
vt 0.592110 0.224439
vt 0.838425 0.423225
vt 0.508818 0.246537
vt 0.805247 0.212495
vt 0.959500 0.749131
vt 0.752021 0.415027
vt 0.249198 0.534815
vt 0.207600 0.529087
vt 0.827426 0.230944
vt 0.971716 0.858347
vt 0.430050 0.059210
vt 0.451569 0.455841
vt 0.546415 0.284895
vt 0.502617 0.406544
vt 0.112358 0.468620
vt 0.493313 0.032322
vt 0.856363 0.290731
vt 0.370706 0.401362
vt 0.931636 0.346988
vt 0.695604 0.400256
vt 0.072239 0.662326
vt 0.437521 0.618847
vt 0.374898 0.661104
vt 0.957592 0.892046
vt 0.143579 0.723035
vt 0.597442 0.905483
vt 0.937606 0.438498
vt 0.487283 0.650092
vt 0.416034 0.438025
vt 0.254632 0.149555
vt 0.857393 0.350546
vt 0.971536 0.953022
vt 0.345931 0.894602
vt 0.610429 0.427601
vt 0.858817 0.570272
vt 0.968538 0.774885
vt 0.529742 0.738570
vt 0.266855 0.050551
vt 0.570408 0.552231
vt 0.972853 0.791360
vt 0.965368 0.669056
vt 0.899396 0.585551
vt 0.627574 0.215297
vt 0.484835 0.411912
vt 0.973055 0.776090
vt 0.442015 0.639646
vt 0.832947 0.543045
vt 0.928758 0.450375
vt 0.871812 0.591751
vt 0.958172 0.841915
vt 0.186588 0.492341
vt 0.419437 0.544722
vt 0.952376 0.545815
vt 0.337268 0.960326
vt 0.871149 0.091202
vt 0.662934 0.345314
vt 0.966256 0.606866
vt 0.111546 0.704927
vt 0.451210 0.690910
vt 0.666583 0.484559
vt 0.393130 0.638626
vt 0.526137 0.455356
vt 0.475568 0.488008
vt 0.362449 0.886747
vt 0.458532 0.508767
vt 0.751854 0.602918
vt 0.313104 0.346250
vt 0.680361 0.499104
vt 0.343136 0.410244
vt 0.871814 0.102140
vt 0.479481 0.539953
vt 0.450898 0.575769
vt 0.468273 0.070748
vt 0.789611 0.589851
vt 0.082678 0.198639
vt 0.473315 0.103698
vt 0.587705 0.278321
vt 0.147337 0.442439
vt 0.059462 0.557519
vt 0.609958 0.470031
vt 0.660541 0.938468
vt 0.389848 0.375553
vt 0.295415 0.402883
vt 0.977956 0.420024
vt 0.032353 0.895329
vt 0.973285 0.761824
vt 0.786182 0.251376
vt 0.379730 0.297697
vt 0.328804 0.276585
vt 0.762278 0.675522
vt 0.527244 0.633328
vt 0.384451 0.376652
vt 0.427573 0.057764
vt 0.095733 0.712218
vt 0.266719 0.458533
vt 0.374810 0.525492
vt 0.726791 0.849041
vt 0.918265 0.588543
vt 0.933686 0.971770
vt 0.908056 0.042158
vt 0.078241 0.092784
vt 0.945565 0.791595
vt 0.681303 0.414242
vt 0.493325 0.952595
vt 0.732069 0.670019
vt 0.750980 0.978581
vt 0.480484 0.077571
vt 0.723168 0.442789
vt 0.972336 0.992036
vt 0.469409 0.492366
vt 0.667270 0.920679
vt 0.570182 0.871532
vt 0.370378 0.499237
vt 0.709276 0.442844
vt 0.921901 0.591725
vt 0.424038 0.447637
vt 0.295955 0.911459
vt 0.245067 0.898781
vt 0.488639 0.425023
vt 0.615418 0.050158
vt 0.644555 0.778085
vt 0.450515 0.066183
vt 0.867268 0.078550
vt 0.440491 0.077616
vt 0.680649 0.484666
vt 0.440020 0.070382
vt 0.117032 0.901977
vt 0.461256 0.673163
vt 0.468799 0.051582
vt 0.344133 0.297363
vt 0.304542 0.847128
vt 0.289854 0.475031
vt 0.222295 0.253154
vt 0.690953 0.632345
vt 0.603942 0.833907
vt 0.145392 0.392346
vt 0.452068 0.458335
vt 0.961300 0.545361
vt 0.126919 0.489649
vt 0.786821 0.283110
vt 0.769077 0.847451
vt 0.352639 0.311934
vt 0.207450 0.555813
vt 0.950199 0.532542
vt 0.338799 0.435425
vt 0.541280 0.803626
vt 0.648303 0.811627
vt 0.492016 0.437611
vt 0.946833 0.521796
vt 0.832736 0.638074
vt 0.595326 0.790020
vt 0.841173 0.070942
vt 0.977970 0.732953
vt 0.858564 0.662031
vt 0.497723 0.522704
vt 0.305446 0.540750
vt 0.500560 0.414999
vt 0.284843 0.809700
vt 0.887366 0.084153
vt 0.265816 0.451285
vt 0.341775 0.273213
vt 0.342322 0.366880
vt 0.838368 0.624608
vt 0.151610 0.438946
vt 0.979790 0.590070
vt 0.262017 0.252039
vt 0.450713 0.662499
vt 0.894466 0.383447
vt 0.339866 0.026067
vt 0.852664 0.074844
vt 0.366705 0.358794
vt 0.484580 0.506939
vt 0.121548 0.291789
vt 0.737654 0.661674
vt 0.088180 0.438050
vt 0.473068 0.852594
vt 0.453627 0.453540
vt 0.966479 0.591322
vt 0.118865 0.913457
vt 0.391036 0.204113
vt 0.411879 0.579476
vt 0.580013 0.568109
vt 0.891491 0.587720
vt 0.395858 0.498891
vt 0.527971 0.237703
vt 0.944362 0.905966
vt 0.240149 0.929236
vt 0.861466 0.647493
vt 0.748117 0.856678
vt 0.501090 0.242943
vt 0.120309 0.987380
vt 0.959140 0.454754
vt 0.321921 0.565714
vt 0.935200 0.480943
vt 0.614770 0.755360
vt 0.754889 0.691194
vt 0.376550 0.667928
vt 0.459064 0.415477
vt 0.967154 0.545078
vt 0.408421 0.120441
vt 0.363037 0.345792
vt 0.704592 0.875391
vt 0.073197 0.498217
vt 0.149927 0.430968
vt 0.446045 0.590623
vt 0.457166 0.495939
vt 0.197311 0.570399
vt 0.243630 0.013716
vt 0.433138 0.136229
vt 0.484466 0.876465
vt 0.570216 0.809851
vt 0.556887 0.821228
vt 0.148383 0.249943
vt 0.819667 0.512750
vt 0.059396 0.133975
vt 0.115740 0.542674
vt 0.474996 0.099408
vt 0.969927 0.703486
vt 0.313352 0.778875
vt 0.428925 0.423822
vt 0.174889 0.580468
vt 0.820050 0.374689
vt 0.190318 0.368879
vt 0.033875 0.699997
vt 0.525725 0.412515
vt 0.474900 0.732344
vt 0.153409 0.565751
vt 0.944705 0.534182
vt 0.761269 0.354125
vt 0.182775 0.559747
vt 0.059349 0.020457
vt 0.165377 0.585938
vt 0.173966 0.761553
vt 0.247812 0.318154
vt 0.098227 0.779382
vt 0.760986 0.184358
vt 0.482871 0.331999
vt 0.922621 0.124374
vt 0.959656 0.734983
vt 0.781166 0.871724
vt 0.307696 0.220946
vt 0.486610 0.167174
vt 0.459204 0.408570
vt 0.895757 0.434568
vt 0.240379 0.468972
vt 0.346028 0.485025
vt 0.954084 0.807244
vt 0.377482 0.633255
vt 0.453977 0.456284
vt 0.974389 0.685839
vt 0.264977 0.315619
vt 0.326771 0.226528
vt 0.979590 0.620727
vt 0.205478 0.027832
vt 0.033521 0.022060
vt 0.335799 0.272901
vt 0.393773 0.270256
vt 0.582615 0.427653
vt 0.474102 0.485038
vt 0.502139 0.619563
vt 0.505824 0.414788
vt 0.051133 0.023824
vt 0.468767 0.055869
vt 0.539397 0.455103
vt 0.315820 0.511990
vt 0.951449 0.701470
vt 0.880203 0.527864
vt 0.967543 0.520643
vt 0.843262 0.456890
vt 0.406004 0.472887
vt 0.624729 0.413614
vt 0.610426 0.470065
vt 0.107743 0.440490
vt 0.667118 0.414229
vt 0.093836 0.488879
vt 0.246629 0.445558
vt 0.653016 0.413928
vt 0.751086 0.471135
vt 0.404577 0.660867
vt 0.554376 0.441505
vt 0.983275 0.975642
vt 0.127465 0.969831
vt 0.621008 0.168962
vt 0.994314 0.525306
vt 0.184448 0.895492
vt 0.292438 0.751575
vt 0.127868 0.767742
vt 0.123795 0.548621
vt 0.337846 0.420750
vt 0.384981 0.635909
vt 0.966407 0.939721
vt 0.638245 0.470346
vt 0.723061 0.456855
vt 0.850055 0.673108
vt 0.173448 0.561475
vt 0.976199 0.841296
vt 0.562748 0.006043
vt 0.061972 0.886106
vt 0.498702 0.303860
vt 0.232761 0.015403
vt 0.665766 0.898897
vt 0.017500 0.028272
vt 0.488017 0.515496
vt 0.881028 0.518203
vt 0.946600 0.746994
vt 0.959375 0.761352
vt 0.183744 0.334426
vt 0.270730 0.116141
vt 0.829308 0.329069
vt 0.541662 0.818207
vt 0.268774 0.489062
vt 0.098612 0.870717
vt 0.277623 0.437785
vt 0.954630 0.775827
vt 0.949542 0.857653
vt 0.652517 0.484452
vt 0.076305 0.030322
vt 0.629849 0.949035
vt 0.382531 0.665034
vt 0.314241 0.361569
vt 0.725002 0.634584
vt 0.570075 0.391629
vt 0.461197 0.388978
vt 0.340473 0.259953
vt 0.984195 0.574829
vt 0.606117 0.646742
vt 0.280116 0.677891
vt 0.483796 0.491139
vt 0.324462 0.415689
vt 0.387405 0.405163
vt 0.426073 0.564927
vt 0.492210 0.519832
vt 0.522749 0.251396
vt 0.940774 0.524358
vt 0.844291 0.410734
vt 0.919125 0.612492
vt 0.146629 0.651411
vt 0.252948 0.803009
vt 0.412678 0.493965
vt 0.711253 0.969173
vt 0.967629 0.842050
vt 0.037716 0.071912
vt 0.948739 0.906358
vt 0.016197 0.490351
vt 0.957308 0.908702
vt 0.871370 0.115149
vt 0.377487 0.366845
vt 0.940306 0.389182
vt 0.853091 0.152003
vt 0.872968 0.061077
vt 0.802626 0.270156
vt 0.342558 0.294393
vt 0.477106 0.086925
vt 0.409110 0.055009
vt 0.281754 0.620653
vt 0.824667 0.628994
vt 0.783108 0.294338
vt 0.850577 0.102935
vt 0.790596 0.843299
vt 0.545683 0.307174
vt 0.666689 0.456516
vt 0.664367 0.576042
vt 0.680518 0.484960
vt 0.093724 0.331129
vt 0.143196 0.762132
vt 0.139341 0.600895
vt 0.660462 0.945792
vt 0.432393 0.374513
vt 0.675985 0.944786
vt 0.344885 0.365701
vt 0.974634 0.668879
vt 0.723382 0.414657
vt 0.274073 0.287555
vt 0.322587 0.638263
vt 0.766195 0.003586
vt 0.342106 0.286442
vt 0.947751 0.684825
vt 0.942060 0.949600
vt 0.873632 0.597851
vt 0.362205 0.390994
vt 0.482585 0.637177
vt 0.451362 0.448090
vt 0.408675 0.615204
vt 0.878621 0.181970
vt 0.954555 0.531917
vt 0.944183 0.463008
vt 0.737127 0.456962
vt 0.104604 0.610131
vt 0.771133 0.307496
vt 0.245877 0.866342
vt 0.862461 0.632668
vt 0.035107 0.627603
vt 0.652303 0.512584
vt 0.802385 0.543996
vt 0.277519 0.460785
vt 0.434238 0.882486
vt 0.823208 0.533259
vt 0.427413 0.648789
vt 0.508221 0.509533
vt 0.367229 0.288374
vt 0.199486 0.178183
vt 0.540417 0.427332
vt 0.454983 0.097561
vt 0.737448 0.414764
vt 0.369303 0.663066
vt 0.498148 0.986041
vt 0.175722 0.458821
vt 0.960591 0.652101
vt 0.450785 0.403778
vt 0.437917 0.374484
vt 0.876994 0.121620
vt 0.675514 0.811917
vt 0.067989 0.788932
vt 0.426685 0.428534
vt 0.631483 0.257213
vt 0.404523 0.463801
vt 0.610640 0.441933
vt 0.142984 0.515639
vt 0.084260 0.464979
vt 0.162294 0.456093
vt 0.970883 0.922959
vt 0.310655 0.145479
vt 0.837908 0.880245
vt 0.329367 0.072026
vt 0.380892 0.622558
vt 0.340930 0.264105
vt 0.332556 0.356244
vt 0.454430 0.670823
vt 0.474661 0.600440
vt 0.525253 0.454945
vt 0.652196 0.526650
vt 0.078431 0.451416
vt 0.737878 0.414871
vt 0.416836 0.482949
vt 0.872216 0.861959
vt 0.515412 0.502860
vt 0.396589 0.615116
vt 0.978671 0.964418
vt 0.039429 0.466164
vt 0.983157 0.652287
vt 0.722788 0.608280
vt 0.778835 0.294781
vt 0.359395 0.334759
vt 0.324777 0.366463
vt 0.369833 0.423672
vt 0.694608 0.498839
vt 0.627435 0.824766
vt 0.463911 0.593552
vt 0.962649 0.859593
vt 0.609177 0.968084
vt 0.225639 0.511297
vt 0.596360 0.469958
vt 0.816995 0.257037
vt 0.693827 0.602621
vt 0.823750 0.865872
vt 0.723106 0.471288
vt 0.505099 0.587332
vt 0.643827 0.866669
vt 0.807957 0.150165
vt 0.980094 0.936332
vt 0.161269 0.521892
vt 0.138104 0.536557
vt 0.432467 0.057580
vt 0.863590 0.113308
vt 0.427218 0.657476
vt 0.737720 0.429014
vt 0.851686 0.956330
vt 0.492975 0.478707
vt 0.513605 0.426426
vt 0.129452 0.624218
vt 0.666262 0.526757
vt 0.428336 0.056043
vt 0.468832 0.501761
vt 0.924636 0.442862
vt 0.982577 0.701659
vt 0.288450 0.511794
vt 0.417600 0.497395
vt 0.844565 0.249586
vt 0.550088 0.630961
vt 0.447552 0.088634
vt 0.372746 0.648246
vt 0.880364 0.578936
vt 0.354348 0.424965
vt 0.781570 0.388919
vt 0.545230 0.767138
vt 0.344326 0.580610
vt 0.442562 0.082675
vt 0.257407 0.835984
vt 0.737249 0.471445
vt 0.875921 0.123713
vt 0.157790 0.164207
vt 0.481965 0.680558
vt 0.554590 0.413373
vt 0.768225 0.236950
vt 0.793174 0.612096
vt 0.278237 0.393858
vt 0.606750 0.823636
vt 0.183320 0.837463
vt 0.639187 0.385484
vt 0.836956 0.051526
vt 0.486641 0.664765
vt 0.357275 0.964138
vt 0.494162 0.421905
vt 0.476084 0.395606
vt 0.362910 0.363697
vt 0.467058 0.393914
vt 0.972006 0.458060
vt 0.332986 0.312950
vt 0.624258 0.456045
vt 0.540096 0.469530
vt 0.970136 0.982528
vt 0.217594 0.662505
vt 0.280778 0.398537
vt 0.479861 0.523655
vt 0.947236 0.701155
vt 0.692951 0.938723
vt 0.900943 0.464217
vt 0.278785 0.694937
vt 0.375921 0.396743
vt 0.860645 0.593296
vt 0.960063 0.413186
vt 0.179146 0.589081
vt 0.569467 0.312510
vt 0.610272 0.441744
vt 0.090651 0.073160
vt 0.461998 0.440838
vt 0.129978 0.323235
vt 0.358775 0.393424
vt 0.404559 0.654975
vt 0.977742 0.545924
vt 0.151050 0.448637
vt 0.760810 0.303651
vt 0.975423 0.874541
vt 0.274175 0.218289
vt 0.309235 0.427345
vt 0.135754 0.451511
vt 0.952066 0.937724
vt 0.690159 0.741133
vt 0.948065 0.651786
vt 0.443640 0.725152
vt 0.314437 0.949952
vt 0.230889 0.673414
vt 0.565307 0.897238
vt 0.972064 0.559734
vt 0.751300 0.443004
vt 0.207736 0.253836
vt 0.052016 0.249943
vt 0.638986 0.414015
vt 0.308718 0.373199
vt 0.719377 0.835136
vt 0.664143 0.598000
vt 0.432833 0.063050
vt 0.847847 0.614463
vt 0.858358 0.070278
vt 0.915280 0.600995
vt 0.940717 0.987101
vt 0.530274 0.258922
vt 0.873769 0.061983
vt 0.303105 0.373200
vt 0.219578 0.955492
vt 0.082432 0.784519
vt 0.796270 0.219958
vt 0.498141 0.650324
vt 0.967364 0.531837
vt 0.097771 0.447674
vt 0.228811 0.765461
vt 0.740263 0.832149
vt 0.457482 0.630313
vt 0.594461 0.870203
vt 0.082004 0.817791
vt 0.085697 0.899612
vt 0.071229 0.098918
vt 0.325557 0.889600
vt 0.475147 0.084346
vt 0.346525 0.512365
vt 0.224781 0.737626
vt 0.733616 0.314386
vt 0.373537 0.460509
vt 0.416659 0.558408
vt 0.243822 0.520292
vt 0.192647 0.146497
vt 0.332485 0.107369
vt 0.790066 0.883529
vt 0.412170 0.405578
vt 0.255117 0.695158
vt 0.401164 0.625333
vt 0.795563 0.300380
vt 0.197173 0.840266
vt 0.524197 0.579736
vt 0.517952 0.597098
vt 0.294143 0.406768
vt 0.186257 0.510984
vt 0.109030 0.646676
vt 0.909215 0.419657
vt 0.800901 0.599789
vt 0.146911 0.538633
vt 0.758087 0.233119
vt 0.897711 0.571940
vt 0.249392 0.251497
vt 0.488075 0.073288
vt 0.525410 0.440802
vt 0.981787 0.761979
vt 0.680675 0.470817
vt 0.291017 0.461793
vt 0.957380 0.590181
vt 0.402312 0.748623
vt 0.490333 0.112413
vt 0.871488 0.988916
vt 0.274775 0.562854
vt 0.412889 0.475705
vt 0.187192 0.647676
vt 0.893282 0.592258
vt 0.949240 0.574327
vt 0.973485 0.748089
vt 0.981904 0.747498
vt 0.173458 0.341312
vt 0.918069 0.593311
vt 0.742232 0.525867
vt 0.154616 0.552615
vt 0.367171 0.477813
vt 0.499219 0.604226
vt 0.399695 0.464405
vt 0.368588 0.418975
vt 0.480919 0.089243
vt 0.360007 0.928131
vt 0.675405 0.840282
vt 0.103867 0.561474
vt 0.298170 0.403012
vt 0.141618 0.919959
vt 0.474181 0.562183
vt 0.384532 0.374621
vt 0.929598 0.366231
vt 0.380939 0.659199
vt 0.624492 0.470172
vt 0.492619 0.184830
vt 0.426266 0.441506
vt 0.859791 0.013359
vt 0.665772 0.903977
vt 0.482114 0.397553
vt 0.871715 0.566307
vt 0.472400 0.086480
vt 0.324621 0.663735
vt 0.910263 0.591514
vt 0.825446 0.675354
vt 0.452908 0.513302
vt 0.928973 0.603672
vt 0.707902 0.852657
vt 0.960906 0.635501
vt 0.055432 0.282178
vt 0.326983 0.294461
vt 0.837039 0.244786
vt 0.838622 0.188724
vt 0.520423 0.952626
vt 0.811298 0.359354
vt 0.661134 0.883556
vt 0.154582 0.485160
vt 0.179776 0.490145
vt 0.901044 0.524043
vt 0.652838 0.442254
vt 0.327289 0.441818
vt 0.525967 0.498902
vt 0.172231 0.718699
vt 0.332876 0.142187
vt 0.241129 0.491203
vt 0.681077 0.428402
vt 0.957446 0.574669
vt 0.652945 0.428188
vt 0.280181 0.356916
vt 0.886824 0.363215
vt 0.058180 0.076678
vt 0.367304 0.622856
vt 0.511613 0.854423
vt 0.490929 0.378480
vt 0.839329 0.663329
vt 0.861778 0.095818
vt 0.491120 0.295509
vt 0.966701 0.575814
vt 0.126201 0.696188
vt 0.061433 0.932136
vt 0.226608 0.527884
vt 0.280636 0.663772
vt 0.054739 0.034137
vt 0.195710 0.460207
vt 0.452560 0.401438
vt 0.439862 0.567989
vt 0.777841 0.647920
vt 0.868422 0.101400
vt 0.433076 0.314414
vt 0.196204 0.706577
vt 0.539373 0.589141
vt 0.961132 0.620605
vt 0.953766 0.824158
vt 0.971643 0.575046
vt 0.484656 0.917239
vt 0.368551 0.924903
vt 0.489228 0.069464
vt 0.641214 0.919077
vt 0.430050 0.065980
vt 0.873891 0.100216
vt 0.975267 0.520851
vt 0.248310 0.050618
vt 0.961938 0.909431
vt 0.253249 0.284713
vt 0.455651 0.101021
vt 0.398225 0.484183
vt 0.366052 0.563846
vt 0.610854 0.413801
vt 0.522761 0.847125
vt 0.990945 0.403923
vt 0.666375 0.484803
vt 0.126496 0.635516
vt 0.519091 0.895060
vt 0.652388 0.470503
vt 0.452135 0.490825
vt 0.635162 0.740551
vt 0.030400 0.545645
vt 0.624415 0.441901
vt 0.416393 0.420795
vt 0.970999 0.937994
vt 0.847896 0.092045
vt 0.140698 0.489811
vt 0.180612 0.449341
vt 0.340682 0.851300
vt 0.910451 0.582087
vt 0.158533 0.530754
vt 0.971106 0.606830
vt 0.984518 0.533271
vt 0.903956 0.593676
vt 0.972996 0.545540
vt 0.837584 0.691580
vt 0.124141 0.938691
vt 0.410944 0.385820
vt 0.479354 0.069871
vt 0.793291 0.200828
vt 0.969196 0.735119
vt 0.188138 0.792346
vt 0.466370 0.053518
vt 0.512502 0.550264
vt 0.901580 0.606060
vt 0.751707 0.443315
vt 0.055238 0.598134
vt 0.388882 0.292482
vt 0.637130 0.842519
vt 0.721343 0.917615
vt 0.213347 0.491965
vt 0.907651 0.587702
vt 0.538899 0.064913
vt 0.473692 0.986140
vt 0.443834 0.066544
vt 0.445205 0.079089
vt 0.215917 0.586014
vt 0.511901 0.520611
vt 0.328408 0.469130
vt 0.096855 0.193666
vt 0.472293 0.412978
vt 0.693359 0.542124
vt 0.101910 0.891322
vt 0.979606 0.906469
vt 0.964790 0.032038
vt 0.249821 0.707827
vt 0.653052 0.414122
vt 0.610115 0.455888
vt 0.624813 0.427974
vt 0.266306 0.341400
vt 0.907285 0.597705
vt 0.262237 0.360446
vt 0.480785 0.496042
vt 0.391373 0.521797
vt 0.867926 0.405784
vt 0.357258 0.466230
vt 0.955872 0.685574
vt 0.482501 0.501605
vt 0.041196 0.812760
vt 0.889977 0.089929
vt 0.311523 0.305423
vt 0.964628 0.720920
vt 0.415330 0.655574
vt 0.176446 0.278519
vt 0.471576 0.091689
vt 0.081574 0.437991
vt 0.446776 0.464004
vt 0.392788 0.467000
vt 0.560247 0.303557
vt 0.981888 0.546261
vt 0.666797 0.456427
vt 0.510642 0.555138
vt 0.236359 0.252104
vt 0.089041 0.232869
vt 0.522870 0.235501
vt 0.409044 0.460647
vt 0.596285 0.427444
vt 0.955177 0.733437
vt 0.398126 0.087422
vt 0.891844 0.692077
vt 0.263635 0.285210
vt 0.619042 0.001350
vt 0.351694 0.455303
vt 0.346322 0.362950
vt 0.695571 0.372245
vt 0.883991 0.595031
vt 0.208587 0.310143
vt 0.395098 0.655859
vt 0.041962 0.728539
vt 0.180544 0.721395
vt 0.525695 0.202585
vt 0.285903 0.488741
vt 0.800029 0.822010
vt 0.453792 0.093234
vt 0.567229 0.059082
vt 0.303844 0.671915
vt 0.984779 0.560460
vt 0.094052 0.681227
vt 0.680047 0.527391
vt 0.638559 0.442058
vt 0.851126 0.887158
vt 0.291221 0.494336
vt 0.770383 0.630088
vt 0.133232 0.551508
vt 0.945243 0.873976
vt 0.437745 0.063793
vt 0.680629 0.894916
vt 0.652231 0.484646
vt 0.513273 0.817176
vt 0.635581 0.959584
vt 0.365852 0.627195
vt 0.344240 0.305655
vt 0.186505 0.623718
vt 0.860536 0.072675
vt 0.486284 0.102344
vt 0.318747 0.363017
vt 0.263017 0.748459
vt 0.653331 0.385641
vt 0.067659 0.906483
vt 0.568537 0.302779
vt 0.667011 0.428295
vt 0.638087 0.484489
vt 0.127438 0.864057
vt 0.372563 0.654718
vt 0.134911 0.515982
vt 0.480157 0.108183
vt 0.261236 0.932913
vt 0.924875 0.468555
vt 0.647801 0.839985
vt 0.709102 0.442682
vt 0.469586 0.288901
vt 0.159505 0.113768
vt 0.494160 0.388522
vt 0.365811 0.386610
vt 0.867124 0.205136
vt 0.757126 0.656251
vt 0.438523 0.391779
vt 0.870831 0.503264
vt 0.690998 0.949687
vt 0.925636 0.611627
vt 0.264890 0.774149
vt 0.958367 0.824742
vt 0.364497 0.988302
vt 0.155261 0.472974
vt 0.910853 0.608842
vt 0.490204 0.099657
vt 0.938722 0.975007
vt 0.694662 0.485117
vt 0.435379 0.065925
vt 0.371820 0.671144
vt 0.879462 0.609908
vt 0.947780 0.091433
vt 0.370378 0.302399
vt 0.709316 0.414550
vt 0.638344 0.498411
vt 0.417794 0.551244
vt 0.722954 0.470921
vt 0.981394 0.808114
vt 0.728076 0.871629
vt 0.468324 0.675304
vt 0.300521 0.969585
vt 0.418575 0.609191
vt 0.435985 0.059391
vt 0.943022 0.935803
vt 0.264898 0.479299
vt 0.720614 0.776193
vt 0.287260 0.083384
vt 0.182364 0.963531
vt 0.974416 0.407337
vt 0.562874 0.915265
vt 0.239216 0.446819
vt 0.570711 0.231881
vt 0.874910 0.387868
vt 0.770951 0.295009
vt 0.660850 0.909880
vt 0.915623 0.475703
vt 0.347222 0.274016
vt 0.966059 0.620698
vt 0.977181 0.791931
vt 0.188027 0.467638
vt 0.375282 0.371798
vt 0.224022 0.896458
vt 0.666874 0.257169
vt 0.949814 0.470307
vt 0.236702 0.149263
vt 0.474132 0.540799
vt 0.384440 0.503696
vt 0.300984 0.403221
vt 0.411575 0.496861
vt 0.376276 0.628784
vt 0.217716 0.287481
vt 0.402265 0.510443
vt 0.810382 0.820347
vt 0.876918 0.783663
vt 0.369816 0.625966
vt 0.126368 0.952643
vt 0.345719 0.298207
vt 0.652702 0.442215
vt 0.411650 0.484849
vt 0.680989 0.442530
vt 0.916025 0.585025
vt 0.965843 0.635786
vt 0.200753 0.469452
vt 0.982528 0.685321
vt 0.151156 0.458015
vt 0.951152 0.717323
vt 0.066878 0.369754
vt 0.447352 0.408153
vt 0.838992 0.066388
vt 0.723420 0.443001
vt 0.246695 0.721343
vt 0.832967 0.088700
vt 0.279956 0.506492
vt 0.856218 0.105017
vt 0.373776 0.585065
vt 0.388203 0.619561
vt 0.368105 0.961462
vt 0.281464 0.937105
vt 0.120913 0.222036
vt 0.241594 0.351752
vt 0.067501 0.203198
vt 0.071535 0.239677
vt 0.789724 0.625780
vt 0.465926 0.488413
vt 0.326272 0.329234
vt 0.728364 0.826769
vt 0.695133 0.442687
vt 0.737020 0.471028
vt 0.653266 0.385990
vt 0.316962 0.378393
vt 0.345216 0.713460
vt 0.952611 0.922698
vt 0.854959 0.783946
vt 0.981112 0.824586
vt 0.165306 0.542543
vt 0.442702 0.067737
vt 0.879792 0.123886
vt 0.343426 0.154808
vt 0.165040 0.312527
vt 0.583124 0.830475
vt 0.695290 0.428543
vt 0.953189 0.521214
vt 0.666061 0.513090
vt 0.685039 0.960110
vt 0.117631 0.930107
vt 0.462272 0.445034
vt 0.443550 0.399268
vt 0.407447 0.452483
vt 0.448549 0.984381
vt 0.202293 0.684648
vt 0.432890 0.376491
vt 0.740957 0.225674
vt 0.471181 0.073124
vt 0.170289 0.164616
vt 0.034430 0.199974
vt 0.462871 0.568899
vt 0.483303 0.609612
vt 0.343186 0.360608
vt 0.319421 0.333342
vt 0.751212 0.393105
vt 0.259190 0.588477
vt 0.817139 0.586459
vt 0.867901 0.092438
vt 0.467600 0.054915
vt 0.948853 0.604714
vt 0.802429 0.493027
vt 0.927521 0.980477
vt 0.966861 0.956685
vt 0.139413 0.583904
vt 0.943644 0.963918
vt 0.824529 0.657146
vt 0.273249 0.366987
vt 0.831206 0.006243
vt 0.190648 0.485969
vt 0.389210 0.438113
vt 0.840781 0.562271
vt 0.396997 0.403945
vt 0.363669 0.624565
vt 0.075074 0.436356
vt 0.833042 0.668909
vt 0.377660 0.424361
vt 0.938064 0.208389
vt 0.279375 0.906139
vt 0.667439 0.372031
vt 0.045212 0.891468
vt 0.090439 0.912649
vt 0.097941 0.501923
vt 0.640382 0.555907
vt 0.526030 0.469422
vt 0.610747 0.427867
vt 0.112769 0.327493
vt 0.758794 0.554161
vt 0.632458 0.786258
vt 0.461461 0.606840
vt 0.244657 0.217321
vt 0.495424 0.686441
vt 0.265353 0.713197
vt 0.244797 0.742734
vt 0.088647 0.122727
vt 0.302525 0.383927
vt 0.168242 0.467804
vt 0.433863 0.427298
vt 0.051644 0.206146
vt 0.371808 0.630023
vt 0.980957 0.459415
vt 0.539554 0.440959
vt 0.470713 0.429051
vt 0.360079 0.525108
vt 0.356438 0.441481
vt 0.890191 0.582952
vt 0.559119 0.235744
vt 0.339662 0.367087
vt 0.336697 0.775934
vt 0.835216 0.441720
vt 0.245918 0.638473
vt 0.278228 0.751788
vt 0.327938 0.300682
vt 0.485264 0.528445
vt 0.221237 0.181828
vt 0.290421 0.729521
vt 0.498385 0.398498
vt 0.894327 0.316463
vt 0.341984 0.461018
vt 0.970627 0.652244
vt 0.736313 0.806325
vt 0.541039 0.385770
vt 0.265801 0.443184
vt 0.271252 0.692322
vt 0.872647 0.081921
vt 0.818380 0.702634
vt 0.262103 0.958511
vt 0.401946 0.144455
vt 0.167174 0.534071
vt 0.327976 0.285252
vt 0.452806 0.062873
vt 0.382855 0.413278
vt 0.994314 0.981430
vt 0.978440 0.685441
vt 0.751407 0.428938
vt 0.921741 0.598554
vt 0.867414 0.458423
vt 0.354135 0.447752
vt 0.444934 0.579361
vt 0.320866 0.339151
vt 0.860812 0.107979
vt 0.454176 0.586276
vt 0.554269 0.455571
vt 0.667225 0.400163
vt 0.665648 0.084924
vt 0.387030 0.512880
vt 0.414591 0.640772
vt 0.050228 0.171599
vt 0.639501 0.357197
vt 0.122341 0.928481
vt 0.882165 0.419293
vt 0.166558 0.386849
vt 0.774693 0.603012
vt 0.303016 0.258076
vt 0.182257 0.463336
vt 0.604957 0.803875
vt 0.428366 0.721346
vt 0.412156 0.908992
vt 0.512743 0.218597
vt 0.285098 0.291765
vt 0.475311 0.588496
vt 0.474675 0.089328
vt 0.897324 0.726355
vt 0.458956 0.514160
vt 0.951101 0.952731
vt 0.533384 0.650037
vt 0.883686 0.636586
vt 0.721367 0.844637
vt 0.383379 0.493532
vt 0.752321 0.873476
vt 0.350639 0.814912
vt 0.401349 0.604098
vt 0.578955 0.304227
vt 0.835308 0.080946
vt 0.789676 0.275635
vt 0.423783 0.411957
vt 0.952872 0.605037
vt 0.953219 0.559862
vt 0.981791 0.382860
vt 0.982417 0.717505
vt 0.681146 0.428386
vt 0.354524 0.890431
vt 0.680204 0.513247
vt 0.870932 0.107616
vt 0.904567 0.579167
vt 0.366766 0.314477
vt 0.396027 0.661586
vt 0.805103 0.103394
vt 0.174320 0.510879
vt 0.162660 0.912734
vt 0.448069 0.669206
vt 0.775679 0.615034
vt 0.931945 0.427177
vt 0.333080 0.171005
vt 0.232125 0.053036
vt 0.313365 0.341410
vt 0.683636 0.908377
vt 0.435333 0.572048
vt 0.878026 0.121277
vt 0.259090 0.550312
vt 0.110289 0.673839
vt 0.239216 0.618050
vt 0.945380 0.807600
vt 0.181976 0.682781
vt 0.860654 0.858429
vt 0.380208 0.982981
vt 0.943694 0.921211
vt 0.516190 0.508294
vt 0.115861 0.566947
vt 0.498931 0.862401
vt 0.511475 0.915383
vt 0.203305 0.958054
vt 0.761039 0.934339
vt 0.420801 0.574213
vt 0.552515 0.249446
vt 0.867393 0.889566
vt 0.922237 0.494377
vt 0.063915 0.168197
vt 0.949188 0.991706
vt 0.770347 0.786458
vt 0.679972 0.778461
vt 0.296464 0.445595
vt 0.195577 0.481123
vt 0.567998 0.427130
vt 0.372273 0.512465
vt 0.868172 0.068665
vt 0.029371 0.295014
vt 0.471255 0.102097
vt 0.843239 0.645356
vt 0.750765 0.271942
vt 0.933463 0.460553
vt 0.718114 0.939356
vt 0.811243 0.857623
vt 0.648968 0.908063
vt 0.867840 0.109769
vt 0.965606 0.652428
vt 0.956343 0.652092
vt 0.239571 0.955665
vt 0.796560 0.198994
vt 0.792834 0.460003
vt 0.569957 0.315886
vt 0.094201 0.475503
vt 0.804437 0.279435
vt 0.361210 0.369998
vt 0.404706 0.396423
vt 0.280649 0.778195
vt 0.746812 0.348462
vt 0.076074 0.922005
vt 0.880952 0.573563
vt 0.499538 0.519696
vt 0.373732 0.639052
vt 0.578104 0.760674
vt 0.512163 0.782613
vt 0.661932 0.809569
vt 0.923287 0.605096
vt 0.962416 0.875916
vt 0.950054 0.791544
vt 0.577183 0.346801
vt 0.080360 0.851785
vt 0.952532 0.620341
vt 0.828722 0.553547
vt 0.062569 0.723681
vt 0.448245 0.067872
vt 0.502332 0.282786
vt 0.430575 0.058258
vt 0.496814 0.441393
vt 0.838999 0.524867
vt 0.285444 0.366431
vt 0.908991 0.603188
vt 0.932018 0.397690
vt 0.878847 0.088538
vt 0.491510 0.403747
vt 0.349945 0.324723
vt 0.613861 0.089556
vt 0.528326 0.223498
vt 0.320919 0.438136
vt 0.569255 0.976639
vt 0.494024 0.272889
vt 0.463098 0.095804
vt 0.305442 0.463798
vt 0.827619 0.299440
vt 0.313082 0.457658
vt 0.855371 0.419706
vt 0.123091 0.519995
vt 0.652074 0.498790
vt 0.950291 0.776258
vt 0.378422 0.637709
vt 0.877739 0.061548
vt 0.554026 0.784156
vt 0.833974 0.051258
vt 0.269380 0.393230
vt 0.213704 0.088025
vt 0.455908 0.456852
vt 0.151404 0.517819
vt 0.448611 0.414014
vt 0.636634 0.631782
vt 0.348929 0.342814
vt 0.732499 0.291468
vt 0.715031 0.506967
vt 0.291444 0.182574
vt 0.558783 0.575635
vt 0.803505 0.303560
vt 0.954807 0.761561
vt 0.856775 0.066105
vt 0.988413 0.984738
vt 0.853139 0.652423
vt 0.973452 0.447907
vt 0.761324 0.297577
vt 0.983713 0.605212
vt 0.375850 0.614463
vt 0.967924 0.824878
vt 0.144637 0.683853
vt 0.066411 0.820426
vt 0.253204 0.400415
vt 0.145022 0.463048
vt 0.816125 0.426796
vt 0.873901 0.113214
vt 0.191858 0.473939
vt 0.815692 0.663245
vt 0.779505 0.769630
vt 0.587629 0.804743
vt 0.042106 0.102680
vt 0.104739 0.390873
vt 0.800318 0.955621
vt 0.464503 0.077440
vt 0.232371 0.458888
vt 0.338688 0.286034
vt 0.790019 0.291335
vt 0.449615 0.298487
vt 0.123567 0.606103
vt 0.624101 0.470188
vt 0.291482 0.334008
vt 0.490393 0.511411
vt 0.351132 0.771198
vt 0.912678 0.568826
vt 0.477286 0.092003
vt 0.829760 0.250744
vt 0.166424 0.895343
vt 0.056090 0.468243
vt 0.137349 0.929919
vt 0.372265 0.148584
vt 0.792617 0.986394
vt 0.452054 0.068552
vt 0.414311 0.633742
vt 0.462900 0.063444
vt 0.088306 0.160232
vt 0.868417 0.639741
vt 0.511825 0.292135
vt 0.217203 0.479807
vt 0.507792 0.699331
vt 0.813664 0.292151
vt 0.924226 0.057586
vt 0.754380 0.364317
vt 0.492805 0.258688
vt 0.851275 0.099019
vt 0.490487 0.565482
vt 0.821309 0.618155
vt 0.022237 0.070612
vt 0.171103 0.972878
vt 0.596788 0.413694
vt 0.286053 0.597224
vt 0.914808 0.487670
vt 0.708995 0.456748
vt 0.364445 0.741397
vt 0.564153 0.954586
vt 0.067307 0.755782
vt 0.314109 0.444791
vt 0.988088 0.522986
vt 0.340539 0.279444
vt 0.486819 0.498879
vt 0.712363 0.168741
vt 0.482243 0.079550
vt 0.450961 0.495015
vt 0.344950 0.452560
vt 0.846313 0.990132
vt 0.510951 0.427574
vt 0.553383 0.469403
vt 0.540524 0.413266
vt 0.624599 0.456106
vt 0.163948 0.552265
vt 0.983395 0.636158
vt 0.663487 0.661876
vt 0.853397 0.069173
vt 0.081221 0.878609
vt 0.507795 0.502030
vt 0.982168 0.732773
vt 0.596681 0.427760
vt 0.417481 0.428626
vt 0.753611 0.811804
vt 0.127582 0.731603
vt 0.410945 0.621179
vt 0.518006 0.271120
vt 0.638130 0.526543
vt 0.888186 0.163797
vt 0.974240 0.702472
vt 0.381974 0.301536
vt 0.410430 0.459493
vt 0.308733 0.112118
vt 0.599636 0.258524
vt 0.327825 0.539180
vt 0.302959 0.431365
vt 0.948288 0.635656
vt 0.947603 0.936411
vt 0.272616 0.456320
vt 0.989521 0.442317
vt 0.409278 0.471789
vt 0.492514 0.109511
vt 0.978201 0.717709
vt 0.952095 0.432156
vt 0.483819 0.081736
vt 0.562628 0.308506
vt 0.335853 0.407087
vt 0.172267 0.485419
vt 0.813272 0.304621
vt 0.949113 0.589417
vt 0.274435 0.450101
vt 0.950948 0.732567
vt 0.975984 0.574936
vt 0.213843 0.117534
vt 0.889695 0.604770
vt 0.970321 0.668940
vt 0.726009 0.546912
vt 0.517296 0.324030
vt 0.492120 0.071068
vt 0.776759 0.861866
vt 0.680832 0.456673
vt 0.480488 0.383555
vt 0.808053 0.035942
vt 0.231538 0.470716
vt 0.334283 0.355912
vt 0.236139 0.321155
vt 0.807203 0.562963
vt 0.260492 0.869047
vt 0.403028 0.636285
vt 0.568793 0.883449
vt 0.170265 0.620340
vt 0.742472 0.726122
vt 0.927463 0.596430
vt 0.599100 0.289219
vt 0.173131 0.536987
vt 0.542349 0.295560
vt 0.430399 0.425001
vt 0.666702 0.165784
vt 0.662696 0.737424
vt 0.111800 0.148732
vt 0.842173 0.062113
vt 0.461338 0.398788
vt 0.946304 0.761473
vt 0.887656 0.784157
vt 0.201876 0.895901
vt 0.225029 0.443391
vt 0.538805 0.305755
vt 0.958611 0.806922
vt 0.603334 0.545654
vt 0.809337 0.649898
vt 0.443866 0.459105
vt 0.610533 0.455999
vt 0.156995 0.499855
vt 0.108812 0.457557
vt 0.912253 0.586259
vt 0.933514 0.028375
vt 0.350558 0.931802
vt 0.877565 0.098567
vt 0.490417 0.506243
vt 0.329351 0.323377
vt 0.651760 0.527077
vt 0.813905 0.222243
vt 0.062598 0.857988
vt 0.379379 0.653183
vt 0.871830 0.070228
vt 0.941696 0.449344
vt 0.199573 0.927077
vt 0.967015 0.875564
vt 0.975031 0.636255
vt 0.221963 0.469934
vt 0.813913 0.265910
vt 0.554162 0.469636
vt 0.966935 0.559719
vt 0.949626 0.840916
vt 0.277379 0.730762
vt 0.803042 0.346693
vt 0.470980 0.417517
vt 0.846462 0.072464
vt 0.956608 0.939582
vt 0.274180 0.253527
vt 0.779834 0.243015
vt 0.511108 0.526116
vt 0.256705 0.315701
vt 0.477533 0.270236
vt 0.963329 0.363117
vt 0.445342 0.448806
vt 0.259679 0.217609
vt 0.881026 0.092331
vt 0.892602 0.610440
vt 0.515389 0.268936
vt 0.951822 0.400233
vt 0.881971 0.729832
vt 0.395140 0.978460
vt 0.681932 0.357668
vt 0.632654 0.659126
vt 0.896010 0.596460
vt 0.914791 0.589859
vt 0.392580 0.643987
vt 0.795810 0.304678
vt 0.796382 0.288712
vt 0.505999 0.529252
vt 0.387485 0.657346
vt 0.680863 0.456534
vt 0.141316 0.567971
vt 0.888195 0.838324
vt 0.875523 0.955759
vt 0.823360 0.550651
vt 0.510295 0.271189
vt 0.447464 0.082575
vt 0.378338 0.642383
vt 0.351068 0.297346
vt 0.853895 0.667643
vt 0.700223 0.324697
vt 0.459569 0.060609
vt 0.881151 0.490567
vt 0.638558 0.470279
vt 0.354510 0.338348
vt 0.813649 0.209409
vt 0.638237 0.512477
vt 0.108800 0.587653
vt 0.817569 0.479834
vt 0.458875 0.070526
vt 0.109320 0.532900
vt 0.363695 0.088117
vt 0.580026 0.285118
vt 0.844949 0.432021
vt 0.568155 0.412986
vt 0.491949 0.074994
vt 0.247195 0.769465
vt 0.345450 0.534986
vt 0.953208 0.589690
vt 0.846367 0.657936
vt 0.554342 0.313957
vt 0.895470 0.616173
vt 0.464917 0.650548
vt 0.830475 0.407318
vt 0.957157 0.605592
vt 0.471540 0.512165
vt 0.638665 0.456213
vt 0.366548 0.656109
vt 0.402939 0.490576
vt 0.306825 0.496608
vt 0.878163 0.085008
vt 0.819133 0.217874
vt 0.985301 0.452129
vt 0.261577 0.901744
vt 0.526727 0.107512
vt 0.629156 0.859335
vt 0.420327 0.193313
vt 0.909715 0.563820
vt 0.799247 0.294364
vt 0.891587 0.084904
vt 0.112509 0.839064
vt 0.156155 0.453606
vt 0.487266 0.083630
vt 0.399242 0.620071
vt 0.232931 0.085520
vt 0.183660 0.763686
vt 0.576017 0.231121
vt 0.754711 0.272874
vt 0.218665 0.692001
vt 0.460289 0.088761
vt 0.634369 0.602009
vt 0.201876 0.626395
vt 0.653645 0.357354
vt 0.660618 0.931399
vt 0.462408 0.107639
vt 0.561877 0.316937
vt 0.982816 0.668742
vt 0.405846 0.486375
vt 0.405519 0.609322
vt 0.881162 0.568009
vt 0.480839 0.419350
vt 0.823034 0.278434
vt 0.482843 0.482541
vt 0.401329 0.473580
vt 0.854861 0.528298
vt 0.148032 0.984153
vt 0.122165 0.358599
vt 0.945920 0.776256
vt 0.797186 0.656998
vt 0.198413 0.231146
vt 0.358825 0.507104
vt 0.694505 0.499261
vt 0.201910 0.478288
vt 0.108805 0.916987
vt 0.273708 0.839167
vt 0.134903 0.501838
vt 0.812366 0.544642
vt 0.873461 0.517424
vt 0.786445 0.682182
vt 0.478550 0.503882
vt 0.037830 0.043656
vt 0.430800 0.575997
vt 0.980995 0.439634
vt 0.670001 0.914866
vt 0.724338 0.906839
vt 0.582142 0.427287
vt 0.523752 0.157017
vt 0.886905 0.622528
vt 0.694929 0.456641
vt 0.277511 0.715197
vt 0.250541 0.378554
vt 0.488688 0.594589
vt 0.145519 0.864499
vt 0.846450 0.062762
vt 0.405729 0.439596
vt 0.877905 0.115751
vt 0.252328 0.475164
vt 0.386602 0.290867
vt 0.692852 0.925116
vt 0.836729 0.287936
vt 0.791166 0.064052
vt 0.737234 0.442896
vt 0.272385 0.678902
vt 0.857215 0.100217
vt 0.126014 0.527700
vt 0.369024 0.635547
vt 0.681505 0.372138
vt 0.311167 0.334616
vt 0.403176 0.480089
vt 0.344199 0.439329
vt 0.137985 0.217007
vt 0.332109 0.269388
vt 0.183435 0.568382
vt 0.084624 0.303057
vt 0.946756 0.732268
vt 0.017014 0.589016
vt 0.505427 0.370193
vt 0.409160 0.432588
vt 0.076485 0.164697
vt 0.850562 0.736349
vt 0.252438 0.116686
vt 0.148827 0.494983
vt 0.160866 0.476505
vt 0.624572 0.427758
vt 0.465462 0.441687
vt 0.478664 0.152965
vt 0.824714 0.449807
vt 0.303960 0.708274
vt 0.413908 0.391657
vt 0.415859 0.459240
vt 0.181947 0.550462
vt 0.411059 0.799322
vt 0.694501 0.512905
vt 0.539240 0.469246
vt 0.821006 0.575723
vt 0.456940 0.426799
vt 0.968921 0.436482
vt 0.546944 0.259026
vt 0.961257 0.957199
vt 0.345670 0.264218
vt 0.104119 0.297204
vt 0.055803 0.792159
vt 0.290232 0.219300
vt 0.781979 0.820770
vt 0.037370 0.920391
vt 0.566941 0.245461
vt 0.975807 0.858028
vt 0.568549 0.427546
vt 0.586708 0.276001
vt 0.394997 0.491791
vt 0.116345 0.938626
vt 0.207495 0.734336
vt 0.453046 0.599094
vt 0.360779 0.450261
vt 0.862926 0.656386
vt 0.794077 0.260600
vt 0.965229 0.425478
vt 0.819006 0.563576
vt 0.704877 0.697466
vt 0.526867 0.182389
vt 0.177531 0.794132
vt 0.697269 0.825732
vt 0.639093 0.399949
vt 0.979838 0.921726
vt 0.721156 0.647937
vt 0.369926 0.644328
vt 0.317743 0.611457
vt 0.447538 0.779075
vt 0.360414 0.844390
vt 0.351489 0.417180
vt 0.518196 0.528240
vt 0.445231 0.951146
vt 0.943863 0.978920
vt 0.595136 0.825351
vt 0.988401 0.972551
vt 0.190743 0.547841
vt 0.802892 0.898094
vt 0.165876 0.450496
vt 0.835708 0.052621
vt 0.486283 0.698139
vt 0.545998 0.859403
vt 0.424389 0.381163
vt 0.466600 0.089738
vt 0.435761 0.073910
vt 0.861964 0.514908
vt 0.395915 0.437669
vt 0.057212 0.758762
vt 0.667003 0.428229
vt 0.779530 0.280160
vt 0.427765 0.439211
vt 0.261789 0.470491
vt 0.144814 0.625102
vt 0.470970 0.346471
vt 0.778851 0.307549
vt 0.945231 0.840824
vt 0.666235 0.125569
vt 0.571500 0.689258
vt 0.493567 0.108581
vt 0.390837 0.295014
vt 0.779214 0.354760
vt 0.989906 0.534937
vt 0.680435 0.512798
vt 0.464090 0.204733
vt 0.072751 0.054936
vt 0.234427 0.700283
vt 0.596467 0.455892
vt 0.951834 0.685062
vt 0.693718 0.859918
vt 0.368314 0.295121
vt 0.441420 0.915218
vt 0.119446 0.479265
vt 0.462194 0.854167
vt 0.420744 0.579007
vt 0.468534 0.107742
vt 0.664552 0.557961
vt 0.504697 0.535985
vt 0.708888 0.470814
vt 0.466246 0.064762
vt 0.840065 0.050140
vt 0.395643 0.475841
vt 0.092357 0.655216
vt 0.972181 0.841454
vt 0.321851 0.346857
vt 0.656059 0.903873
vt 0.470131 0.064589
vt 0.801547 0.229133
vt 0.298175 0.056733
vt 0.227845 0.928184
vt 0.968188 0.807058
vt 0.101349 0.433919
vt 0.421127 0.378428
vt 0.360654 0.319177
vt 0.041910 0.696583
vt 0.871763 0.059838
vt 0.580452 0.272952
vt 0.503254 0.421600
vt 0.525567 0.426658
vt 0.843450 0.484369
vt 0.368626 0.649039
vt 0.881976 0.393749
vt 0.094974 0.981965
vt 0.190115 0.454582
vt 0.709591 0.414557
vt 0.270410 0.630027
vt 0.188811 0.582888
vt 0.653173 0.399785
vt 0.500337 0.496671
vt 0.332091 0.346463
vt 0.539862 0.269710
vt 0.479542 0.414092
vt 0.574024 0.236269
vt 0.250473 0.654522
vt 0.914375 0.831669
vt 0.979120 0.652366
vt 0.906109 0.616988
vt 0.544869 0.352252
vt 0.836840 0.921009
vt 0.981666 0.792110
vt 0.667160 0.414085
vt 0.771203 0.304265
vt 0.865419 0.141783
vt 0.423071 0.570147
vt 0.837539 0.258278
vt 0.904894 0.444694
vt 0.870337 0.120376
vt 0.601748 0.843362
vt 0.491637 0.111385
vt 0.949233 0.890465
vt 0.268825 0.083604
vt 0.956926 0.620613
vt 0.886566 0.599913
vt 0.772038 0.230899
vt 0.499122 0.467012
vt 0.650571 0.885485
vt 0.112638 0.738664
vt 0.135947 0.523760
vt 0.864685 0.064625
vt 0.181151 0.214971
vt 0.471030 0.477482
vt 0.857937 0.074986
vt 0.466476 0.406990
vt 0.960859 0.985084
vt 0.718603 0.629006
vt 0.455186 0.409373
vt 0.782424 0.665049
vt 0.507782 0.420139
vt 0.860706 0.077703
vt 0.379741 0.439091
vt 0.653480 0.357858
vt 0.313912 0.680184
vt 0.912996 0.614219
vt 0.097262 0.461862
vt 0.903687 0.574817
vt 0.499457 0.407535
vt 0.219455 0.925769
vt 0.412804 0.627344
vt 0.976612 0.824539
vt 0.644964 0.944455
vt 0.901705 0.985525
vt 0.451898 0.180311
vt 0.200536 0.355994
vt 0.629101 0.294390
vt 0.841960 0.552815
vt 0.053034 0.818080
vt 0.464023 0.101157
vt 0.694394 0.526971
vt 0.334898 0.646176
vt 0.444104 0.074487
vt 0.695143 0.428509
vt 0.960421 0.668799
vt 0.486337 0.622969
vt 0.456730 0.392168
vt 0.639201 0.385883
vt 0.517156 0.533660
vt 0.334467 0.279578
vt 0.439555 0.439521
vt 0.256367 0.671939
vt 0.028529 0.271961
vt 0.857645 0.496036
vt 0.453137 0.493537
vt 0.526245 0.441290
vt 0.269638 0.805827
vt 0.666532 0.470660
vt 0.032325 0.874903
vt 0.322300 0.311580
vt 0.471495 0.626391
vt 0.861868 0.086890
vt 0.165555 0.506064
vt 0.874126 0.646634
vt 0.343897 0.355152
vt 0.848227 0.055074
vt 0.638879 0.428081
vt 0.288937 0.537138
vt 0.413077 0.498137
vt 0.560963 0.107397
vt 0.148418 0.941747
vt 0.875536 0.071182
vt 0.581984 0.441430
vt 0.459190 0.440582
vt 0.850736 0.070090
vt 0.727938 0.365943
vt 0.162631 0.464204
vt 0.595814 0.469874
vt 0.694715 0.484773
vt 0.856212 0.623897
vt 0.845698 0.070073
vt 0.702837 0.797704
vt 0.737563 0.443158
vt 0.660656 0.898735
vt 0.980936 0.987675
vt 0.163878 0.142457
vt 0.212832 0.219898
vt 0.212567 0.059977
vt 0.889704 0.578043
vt 0.113307 0.865569
vt 0.523413 0.305298
vt 0.543737 0.316118
vt 0.368260 0.631026
vt 0.185578 0.575337
vt 0.357693 0.381190
vt 0.408423 0.401325
vt 0.409965 0.595805
vt 0.241407 0.504968
vt 0.628527 0.924427
vt 0.646875 0.900345
vt 0.284392 0.687695
vt 0.283223 0.454984
vt 0.854838 0.394776
vt 0.535530 0.315940
vt 0.954034 0.970527
vt 0.013929 0.669909
vt 0.928848 0.148871
vt 0.976093 0.951053
vt 0.310133 0.385329
vt 0.469735 0.638552
vt 0.778087 0.834265
vt 0.469051 0.952231
vt 0.849049 0.079748
vt 0.229956 0.481576
vt 0.663774 0.633991
vt 0.250608 0.084182
vt 0.443829 0.627022
vt 0.976573 0.560218
vt 0.790768 0.243761
vt 0.980596 0.841329
vt 0.392454 0.460695
vt 0.046077 0.346786
vt 0.845679 0.076504
vt 0.339303 0.689796
vt 0.975498 0.936808
vt 0.596442 0.413300
vt 0.917407 0.458844
vt 0.745027 0.379986
vt 0.044396 0.791574
vt 0.807811 0.576349
vt 0.912307 0.572185
vt 0.582722 0.413587
vt 0.192714 0.557173
vt 0.701558 0.574090
vt 0.823156 0.434911
vt 0.434461 0.061027
vt 0.378044 0.618863
vt 0.654199 0.920539
vt 0.959735 0.531705
vt 0.909499 0.914325
vt 0.966473 0.924343
vt 0.824953 0.564463
vt 0.462279 0.481156
vt 0.968397 0.790361
vt 0.352957 0.360923
vt 0.963403 0.806756
vt 0.977380 0.776645
vt 0.973941 0.718459
vt 0.799462 0.588528
vt 0.292950 0.877838
vt 0.339085 0.295205
vt 0.694369 0.659771
vt 0.143597 0.799130
vt 0.424826 0.522669
vt 0.398349 0.505007
vt 0.097233 0.924584
vt 0.387191 0.414891
vt 0.173295 0.519333
vt 0.582299 0.413143
vt 0.435091 0.833475
vt 0.113024 0.773350
vt 0.535716 0.310171
vt 0.148993 0.479486
vt 0.844870 0.058438
vt 0.298705 0.410333
vt 0.546211 0.276591
vt 0.555563 0.282091
vt 0.840978 0.574840
vt 0.728933 0.791440
vt 0.182288 0.309183
vt 0.475191 0.110877
vt 0.880870 0.584469
vt 0.581670 0.469717
vt 0.144888 0.834423
vt 0.794734 0.285190
vt 0.227869 0.494438
vt 0.868692 0.615976
vt 0.454357 0.108525
vt 0.319211 0.978545
vt 0.568657 0.413480
vt 0.788715 0.601020
vt 0.868970 0.529047
vt 0.523589 0.819060
vt 0.880752 0.242655
vt 0.901258 0.589784
vt 0.702510 0.840042
vt 0.639344 0.371341
vt 0.979638 0.874467
vt 0.037210 0.576383
vt 0.115013 0.886543
vt 0.563896 0.241592
vt 0.476763 0.499109
vt 0.474872 0.015435
vt 0.364542 0.766736
vt 0.155930 0.350096
vt 0.195973 0.070880
vt 0.317136 0.592234
vt 0.171722 0.597142
vt 0.736082 0.262901
vt 0.873240 0.623501
vt 0.342314 0.362721
vt 0.681618 0.385955
vt 0.200148 0.865430
vt 0.118836 0.970958
vt 0.140232 0.457473
vt 0.350510 0.384207
vt 0.137606 0.468273
vt 0.426131 0.039649
vt 0.344964 0.385338
vt 0.173794 0.471833
vt 0.134542 0.394144
vt 0.097802 0.115280
vt 0.113592 0.925442
vt 0.681775 0.371812
vt 0.463517 0.428452
vt 0.440920 0.404494
vt 0.409165 0.478982
vt 0.794470 0.565702
vt 0.349561 0.464112
vt 0.761322 0.299997
vt 0.464948 0.417480
vt 0.911809 0.452439
vt 0.087928 0.450435
vt 0.054604 0.057198
vt 0.390652 0.291534
vt 0.880059 0.469113
vt 0.968724 0.761485
vt 0.638582 0.818207
vt 0.656178 0.898787
vt 0.961410 0.606691
vt 0.279692 0.629027
vt 0.883084 0.095540
vt 0.956162 0.443727
vt 0.851443 0.059342
vt 0.818593 0.132280
vt 0.365825 0.459694
vt 0.775853 0.589049
vt 0.038773 0.489707
vt 0.817630 0.527887
vt 0.387099 0.370633
vt 0.972540 0.824426
vt 0.553854 0.426973
vt 0.628133 0.938029
vt 0.276053 0.472865
vt 0.462774 0.494977
vt 0.945192 0.824074
vt 0.374892 0.452836
vt 0.505824 0.395058
vt 0.965461 0.391651
vt 0.993238 0.419488
vt 0.555172 0.308904
vt 0.450559 0.857446
vt 0.443574 0.088601
vt 0.164070 0.513748
vt 0.510294 0.634747
vt 0.385911 0.651534
vt 0.229850 0.546999
vt 0.071210 0.467424
vt 0.548962 0.244086
vt 0.756294 0.268351
vt 0.223766 0.864017
vt 0.924414 0.413942
vt 0.952022 0.668400
vt 0.068537 0.450668
vt 0.283782 0.467600
vt 0.609058 0.627876
vt 0.075819 0.949104
vt 0.502621 0.517832
vt 0.439711 0.062962
vt 0.223624 0.323798
vt 0.163214 0.574715
vt 0.373593 0.643505
vt 0.867917 0.118337
vt 0.538114 0.562010
vt 0.435673 0.443958
vt 0.348720 0.742937
vt 0.190447 0.116684
vt 0.904003 0.570433
vt 0.960724 0.994550
vt 0.486594 0.095717
vt 0.163196 0.715601
vt 0.945034 0.890165
vt 0.504814 0.521293
vt 0.316743 0.407919
vt 0.971268 0.874926
vt 0.951356 0.377340
vt 0.837429 0.374284
vt 0.694190 0.527548
vt 0.132816 0.461887
vt 0.639415 0.357751
vt 0.230048 0.831628
vt 0.157166 0.213385
vt 0.788906 0.267804
vt 0.472785 0.098221
vt 0.418408 0.254266
vt 0.130382 0.254665
vt 0.273655 0.183137
vt 0.147043 0.613701
vt 0.101289 0.947479
vt 0.146410 0.452694
vt 0.423315 0.455086
vt 0.409059 0.826258
vt 0.769261 0.273514
vt 0.417709 0.409211
vt 0.891358 0.627552
vt 0.386906 0.358552
vt 0.389407 0.428307
vt 0.968949 0.749266
vt 0.637931 0.498632
vt 0.272442 0.149184
vt 0.977774 0.747597
vt 0.328187 0.348918
vt 0.079467 0.128220
vt 0.735076 0.587653
vt 0.845226 0.832351
vt 0.461417 0.080440
vt 0.333389 0.445477
vt 0.353256 0.394578
vt 0.946602 0.950632
vt 0.358096 0.295147
vt 0.512367 0.517711
vt 0.051845 0.508182
vt 0.351883 0.436681
vt 0.427080 0.630646
vt 0.415203 0.648230
vt 0.529306 0.205476
vt 0.444625 0.396216
vt 0.601250 0.888769
vt 0.139093 0.286585
vt 0.660681 0.925568
vt 0.568442 0.441612
vt 0.237150 0.802284
vt 0.681398 0.386204
vt 0.831790 0.498351
vt 0.417310 0.492888
vt 0.398700 0.530372
vt 0.974874 0.652357
vt 0.179472 0.475299
vt 0.378038 0.647459
vt 0.355555 0.318019
vt 0.363385 0.618688
vt 0.470392 0.507909
vt 0.639307 0.371817
vt 0.163235 0.759219
vt 0.514269 0.669749
vt 0.177100 0.646545
vt 0.420805 0.435847
vt 0.452624 0.078895
vt 0.839913 0.701906
vt 0.096412 0.265770
vt 0.462335 0.075198
vt 0.141516 0.525300
vt 0.710232 0.756371
vt 0.663663 0.001006
vt 0.487781 0.071976
vt 0.975314 0.922057
vt 0.384992 0.432991
vt 0.372658 0.375133
vt 0.879042 0.081219
vt 0.822045 0.258565
vt 0.858992 0.586006
vt 0.378439 0.291783
vt 0.836843 0.125304
vt 0.470829 0.108706
vt 0.075786 0.516150
vt 0.695761 0.386112
vt 0.953425 0.891121
vt 0.805114 0.413261
vt 0.433779 0.450329
vt 0.521943 0.220748
vt 0.378211 0.311777
vt 0.127023 0.836007
vt 0.295426 0.779469
vt 0.523003 0.038620
vt 0.092003 0.551556
vt 0.579511 0.308448
vt 0.880108 0.919919
vt 0.703762 0.351776
vt 0.361417 0.307006
vt 0.358869 0.326903
vt 0.478225 0.663552
vt 0.466928 0.142080
vt 0.434970 0.377682
vt 0.866547 0.066574
vt 0.844099 0.632819
vt 0.081486 0.751325
vt 0.715275 0.128263
vt 0.680542 0.498732
vt 0.582294 0.469850
vt 0.301214 0.345783
vt 0.396439 0.421986
vt 0.239628 0.458315
vt 0.480193 0.474786
vt 0.054132 0.101880
vt 0.535321 0.264623
vt 0.211533 0.759284
vt 0.154685 0.445829
vt 0.539711 0.426815
vt 0.672770 0.908320
vt 0.615038 0.851667
vt 0.364838 0.312539
vt 0.286251 0.053410
vt 0.962179 0.892573
vt 0.723577 0.428857
vt 0.439026 0.582998
vt 0.855551 0.072229
vt 0.543712 0.611816
vt 0.696075 0.357825
vt 0.916365 0.026791
vt 0.864610 0.082434
vt 0.316349 0.814064
vt 0.307378 0.030995
vt 0.383881 0.088571
vt 0.465766 0.412280
vt 0.508091 0.228177
vt 0.970985 0.620746
vt 0.983194 0.962613
vt 0.890114 0.573065
vt 0.568534 0.362588
vt 0.785590 0.303874
vt 0.334252 0.295593
vt 0.303554 0.476500
vt 0.666369 0.512691
vt 0.327189 0.317368
vt 0.864552 0.105002
vt 0.393102 0.610905
vt 0.891346 0.477271
vt 0.310795 0.180014
vt 0.652624 0.470386
vt 0.981824 0.521726
vt 0.444642 0.419605
vt 0.035141 0.140427
vt 0.972704 0.807510
vt 0.600204 0.916321
vt 0.265844 0.520622
vt 0.714634 0.049077
vt 0.666867 0.213175
vt 0.868073 0.081714
vt 0.298431 0.469470
vt 0.128477 0.923366
vt 0.595567 0.312801
vt 0.355796 0.431315
vt 0.532195 0.700418
vt 0.957829 0.875432
vt 0.666846 0.442373
vt 0.437719 0.408989
vt 0.247900 0.455744
vt 0.596231 0.847650
vt 0.892137 0.525589
vt 0.479241 0.112917
vt 0.653159 0.400056
vt 0.624706 0.442040
vt 0.949692 0.824155
vt 0.948167 0.546065
vt 0.514133 0.232081
vt 0.553989 0.845156
vt 0.150041 0.468331
vt 0.548083 0.301390
vt 0.339676 0.337657
vt 0.470258 0.578184
vt 0.590008 0.852387
vt 0.159939 0.449656
vt 0.425924 0.400460
vt 0.961784 0.574904
vt 0.871336 0.373747
vt 0.667332 0.386097
vt 0.842372 0.073261
vt 0.615128 0.505943
vt 0.719008 0.805087
vt 0.386379 0.481616
vt 0.848607 0.604284
vt 0.638716 0.427915
vt 0.861122 0.100395
vt 0.291983 0.434529
vt 0.879040 0.119542
vt 0.899380 0.600586
vt 0.753453 0.885421
vt 0.871843 0.098271
vt 0.319357 0.478943
vt 0.580277 0.310526
vt 0.380283 0.286409
vt 0.594735 0.365448
vt 0.595971 0.455731
vt 0.127628 0.802830
vt 0.129386 0.914601
vt 0.369802 0.616814
vt 0.034192 0.323631
vt 0.953639 0.841189
vt 0.439541 0.668821
vt 0.502469 0.474108
vt 0.622966 0.901995
vt 0.298320 0.629869
vt 0.458512 0.483789
vt 0.141418 0.175476
vt 0.495169 0.113754
vt 0.178241 0.533008
vt 0.848099 0.509114
vt 0.901550 0.483188
vt 0.449583 0.388465
vt 0.061791 0.031750
vt 0.448004 0.078702
vt 0.125359 0.141674
vt 0.519764 0.277834
vt 0.434930 0.548301
vt 0.105128 0.227215
vt 0.414485 0.571677
vt 0.813546 0.563298
vt 0.771121 0.300089
vt 0.259761 0.509933
vt 0.913643 0.894525
vt 0.414410 0.444596
vt 0.574746 0.854829
vt 0.062669 0.311182
vt 0.379588 0.474905
vt 0.567668 0.287121
vt 0.979412 0.636340
vt 0.805792 0.621567
vt 0.373521 0.308235
vt 0.525096 0.469089
vt 0.557630 0.288326
vt 0.883931 0.031115
vt 0.875077 0.111432
vt 0.348528 0.443965
vt 0.293152 0.665848
vt 0.496819 0.131876
vt 0.120753 0.921933
vt 0.680284 0.919496
vt 0.964052 0.761291
vt 0.333984 0.286306
vt 0.167964 0.866131
vt 0.610586 0.413457
vt 0.965658 0.220712
vt 0.498372 0.376000
vt 0.959784 0.719679
vt 0.869246 0.829134
vt 0.664980 0.047138
vt 0.773886 0.371120
vt 0.313693 0.421221
vt 0.956980 0.924208
vt 0.950726 0.747211
vt 0.480252 0.092918
vt 0.479882 0.509632
vt 0.596128 0.441587
vt 0.695250 0.414443
vt 0.949067 0.559941
vt 0.800254 0.850088
vt 0.959179 0.774751
vt 0.782554 0.237564
vt 0.338904 0.814287
vt 0.830843 0.565256
vt 0.889696 0.568058
vt 0.506432 0.426320
vt 0.966779 0.892177
vt 0.671652 0.885712
vt 0.045640 0.760771
vt 0.046196 0.866215
vt 0.470235 0.083261
vt 0.554857 0.274515
vt 0.454997 0.066062
vt 0.845349 0.336619
vt 0.872799 0.057863
vt 0.275349 0.529759
vt 0.289796 0.713483
vt 0.461768 0.556127
vt 0.087043 0.936008
vt 0.312054 0.470875
vt 0.961497 0.940342
vt 0.466298 0.078558
vt 0.950509 0.761551
vt 0.980090 0.532416
vt 0.802662 0.298158
vt 0.122668 0.466115
vt 0.839128 0.028483
vt 0.078598 0.718738
vt 0.515224 0.491584
vt 0.143953 0.966547
vt 0.496079 0.635513
vt 0.832418 0.784505
vt 0.620913 0.351754
vt 0.842890 0.279207
vt 0.827861 0.575511
vt 0.666690 0.470493
vt 0.370125 0.486922
vt 0.838959 0.051005
vt 0.801798 0.172071
vt 0.876017 0.116949
vt 0.291256 0.379184
vt 0.332413 0.744604
vt 0.386622 0.293404
vt 0.189973 0.242406
vt 0.953065 0.907243
vt 0.468669 0.098254
vt 0.187853 0.538487
vt 0.865381 0.084404
vt 0.374984 0.467604
vt 0.897807 0.141616
vt 0.351257 0.304088
vt 0.863645 0.608343
vt 0.975219 0.906736
vt 0.128036 0.568667
vt 0.843860 0.090085
vt 0.543442 0.311583
vt 0.653488 0.371498
vt 0.761290 0.301609
vt 0.255518 0.497327
vt 0.192022 0.090512
vt 0.751514 0.414872
vt 0.585929 0.281433
vt 0.466287 0.074367
vt 0.479315 0.573818
vt 0.501201 0.263990
vt 0.887375 0.082865
vt 0.295387 0.569589
vt 0.891879 0.495993
vt 0.490043 0.409311
vt 0.720890 0.890047
vt 0.049794 0.074259
vt 0.361384 0.815399
vt 0.769953 0.280190
vt 0.273455 0.346816
vt 0.097356 0.844990
vt 0.878127 0.630565
vt 0.875137 0.695434
vt 0.348533 0.429511
vt 0.957965 0.858924
vt 0.812947 0.688054
vt 0.986885 0.159812
vt 0.046072 0.941420
vt 0.603969 0.774955
vt 0.660766 0.917600
vt 0.949454 0.874170
vt 0.864145 0.093189
vt 0.410863 0.418270
vt 0.661619 0.838616
vt 0.279640 0.646578
vt 0.563177 0.605557
vt 0.620701 0.839172
vt 0.663123 0.696871
vt 0.467020 0.084948
vt 0.968140 0.091976
vt 0.980151 0.858004
vt 0.138294 0.355833
vt 0.124280 0.587302
vt 0.821585 0.309053
vt 0.427571 0.385572
vt 0.514288 0.416955
vt 0.973902 0.967272
vt 0.058185 0.051191
vt 0.060299 0.015217
vt 0.961719 0.924817
vt 0.106931 0.934109
vt 0.473520 0.081696
vt 0.527206 0.280354
vt 0.917265 0.606810
vt 0.858061 0.578325
vt 0.358631 0.457729
vt 0.127196 0.928442
vt 0.651917 0.512933
vt 0.252332 0.345745
vt 0.344440 0.425184
vt 0.128110 0.886193
vt 0.665721 0.294983
vt 0.975606 0.590441
vt 0.748372 0.635173
vt 0.299736 0.694367
vt 0.888092 0.085474
vt 0.652545 0.456359
vt 0.667546 0.357965
vt 0.265453 0.012317
vt 0.594752 0.668580
vt 0.144125 0.905642
vt 0.194263 0.732063
vt 0.474609 0.677782
vt 0.874829 0.095831
vt 0.390757 0.454824
vt 0.694819 0.470974
vt 0.797756 0.255291
vt 0.686019 0.843041
vt 0.912404 0.576657
vt 0.311563 0.918357
vt 0.804808 0.670289
vt 0.125346 0.182503
vt 0.408100 0.463888
vt 0.450082 0.030897
vt 0.854985 0.068053
vt 0.845493 0.679402
vt 0.523048 0.342848
vt 0.847070 0.082428
vt 0.072352 0.335548
vt 0.344837 0.281887
vt 0.142070 0.446955
vt 0.463763 0.917923
vt 0.514432 0.355037
vt 0.853482 0.086478
vt 0.755616 0.228510
vt 0.112852 0.807283
vt 0.539868 0.412672
vt 0.666217 0.498947
vt 0.526352 0.427224
vt 0.906004 0.583514
vt 0.484768 0.427133
vt 0.242772 0.286022
vt 0.877961 0.124320
vt 0.436792 0.779338
vt 0.799569 0.215817
vt 0.327637 0.454502
vt 0.173279 0.552141
vt 0.253130 0.485262
vt 0.652731 0.456320
vt 0.394907 0.447616
vt 0.978728 0.668781
vt 0.756993 0.299616
vt 0.050898 0.726116
vt 0.855690 0.077813
vt 0.288243 0.701168
vt 0.554483 0.427439
vt 0.499953 0.736948
vt 0.333625 0.481889
vt 0.518477 0.563837
vt 0.835271 0.047622
vt 0.073472 0.637459
vt 0.303203 0.405210
vt 0.134898 0.481899
vt 0.277040 0.872986
vt 0.556811 0.253308
vt 0.621286 0.796839
vt 0.511386 0.430169
vt 0.394843 0.485132
vt 0.432771 0.389506
vt 0.602962 0.938125
vt 0.578742 0.780282
vt 0.489817 0.075652
vt 0.385086 0.615585
vt 0.702348 0.295356
vt 0.970112 0.686532
vt 0.291017 0.148038
vt 0.968096 0.970728
vt 0.766693 0.823465
vt 0.745721 0.782057
vt 0.821866 0.989507
vt 0.270329 0.465644
vt 0.345039 0.259759
vt 0.975190 0.620874
vt 0.387995 0.301012
vt 0.583179 0.724435
vt 0.478677 0.090646
vt 0.958878 0.790225
vt 0.964416 0.735780
vt 0.873730 0.118179
vt 0.167836 0.246231
vt 0.455588 0.083272
vt 0.565467 0.273207
vt 0.313771 0.432882
vt 0.980061 0.574862
vt 0.331529 0.332914
vt 0.570745 0.837889
vt 0.963135 0.825574
vt 0.793955 0.703196
vt 0.716789 0.824805
vt 0.862064 0.600711
vt 0.801841 0.249347
vt 0.887993 0.887347
vt 0.945200 0.857505
vt 0.973717 0.733701
vt 0.116497 0.444328
vt 0.593435 0.586201
vt 0.372932 0.634525
vt 0.837770 0.548050
vt 0.358752 0.436527
vt 0.355583 0.355381
vt 0.646140 0.928958
vt 0.706138 0.216123
vt 0.388669 0.663081
vt 0.400894 0.410310
vt 0.378869 0.348512
vt 0.173247 0.543282
vt 0.651594 0.914668
vt 0.895701 0.405488
vt 0.130946 0.533671
vt 0.415379 0.945957
vt 0.349787 0.329855
vt 0.067947 0.432767
vt 0.922787 0.754189
vt 0.662296 0.775168
vt 0.470034 0.056096
vt 0.490603 0.414338
vt 0.157409 0.932318
vt 0.414692 0.491440
vt 0.967351 0.859058
vt 0.875868 0.603952
vt 0.567586 0.142161
vt 0.125223 0.664477
vt 0.498075 0.819787
vt 0.338657 0.986661
vt 0.709209 0.428616
vt 0.298586 0.496726
vt 0.790359 0.201953
vt 0.200492 0.275599
vt 0.296949 0.383962
vt 0.834087 0.651327
vt 0.723734 0.414714
vt 0.444318 0.564714
vt 0.145301 0.888934
vt 0.361805 0.544577
vt 0.959971 0.521025
vt 0.132151 0.444641
vt 0.314152 0.390658
vt 0.856429 0.445950
vt 0.850988 0.094962
vt 0.407959 0.427580
vt 0.695357 0.400377
vt 0.415372 0.565320
vt 0.994861 0.031651
vt 0.170199 0.456593
vt 0.568228 0.469744
vt 0.408439 0.889109
vt 0.377425 0.430358
vt 0.978357 0.701854
vt 0.455379 0.453398
vt 0.229942 0.287077
vt 0.549440 0.368473
vt 0.463247 0.070876
vt 0.124998 0.445915
vt 0.853674 0.080094
vt 0.908929 0.577759
vt 0.532228 0.880774
vt 0.553879 0.317781
vt 0.029392 0.104085
vt 0.560155 0.932192
vt 0.427795 0.059880
vt 0.750096 0.274238
vt 0.522656 0.792970
vt 0.336743 0.090288
vt 0.975179 0.890835
vt 0.097434 0.745410
vt 0.583757 0.305805
vt 0.369059 0.430791
vt 0.369972 0.445686
vt 0.582694 0.277487
vt 0.306206 0.484138
vt 0.404433 0.456973
vt 0.835796 0.072474
vt 0.419170 0.023995
vt 0.780751 0.274059
vt 0.875005 0.062511
vt 0.403088 0.642129
vt 0.436230 0.379879
vt 0.483825 0.406907
vt 0.287929 0.255613
vt 0.868727 0.083213
vt 0.154190 0.592614
vt 0.638873 0.413771
vt 0.389098 0.295231
vt 0.953621 0.858089
vt 0.050218 0.667883
vt 0.870436 0.585583
vt 0.298477 0.942470
vt 0.800508 0.576846
vt 0.423207 0.459959
vt 0.168417 0.834512
vt 0.218796 0.833592
vt 0.681291 0.400270
vt 0.807936 0.609294
vt 0.770278 0.104517
vt 0.818253 0.547924
vt 0.834457 0.067789
vt 0.912954 0.804692
vt 0.587545 0.524281
vt 0.666476 0.498625
vt 0.903760 0.611755
vt 0.681184 0.414336
vt 0.289307 0.114949
vt 0.147461 0.318085
vt 0.709119 0.456987
vt 0.596574 0.441826
vt 0.664642 0.549160
vt 0.506010 0.485164
vt 0.691892 0.786888
vt 0.955669 0.956526
vt 0.510022 0.535205
vt 0.456791 0.058000
vt 0.243618 0.685053
vt 0.308639 0.883035
vt 0.337894 0.471623
vt 0.562318 0.313039
vt 0.777169 0.299709
vt 0.776243 0.247144
vt 0.063945 0.961544
vt 0.227956 0.716710
vt 0.736476 0.335045
vt 0.694347 0.513404
vt 0.393095 0.633558
vt 0.467638 0.075285
vt 0.286279 0.692578
vt 0.641400 0.894495
vt 0.443001 0.542200
vt 0.691055 0.886157
vt 0.979886 0.430271
vt 0.097549 0.965482
vt 0.321498 0.698987
vt 0.555712 0.303644
vt 0.457067 0.073493
vt 0.602532 0.953426
vt 0.144114 0.552603
vt 0.451489 0.089659
vt 0.531439 0.290783
vt 0.582508 0.441719
vt 0.685092 0.818704
vt 0.374598 0.624619
vt 0.058255 0.486549
vt 0.979385 0.890655
vt 0.812234 0.785812
vt 0.295112 0.481422
vt 0.063017 0.047540
vt 0.852735 0.253873
vt 0.277024 0.382368
vt 0.980635 0.560261
vt 0.389833 0.606332
vt 0.300050 0.812328
vt 0.486601 0.392559
vt 0.228816 0.217738
vt 0.792946 0.296495
vt 0.881814 0.507882
vt 0.404469 0.415027
vt 0.492918 0.434540
vt 0.453109 0.460587
vt 0.069522 0.066634
vt 0.327474 0.306755
vt 0.242535 0.833354
vt 0.909030 0.257851
vt 0.813577 0.240142
vt 0.838012 0.063398
vt 0.550372 0.292359
vt 0.678801 0.867044
vt 0.287840 0.679608
vt 0.521579 0.616311
vt 0.479263 0.102442
vt 0.263589 0.684527
vt 0.857712 0.922143
vt 0.946944 0.716999
vt 0.756557 0.956642
vt 0.680756 0.470600
vt 0.861126 0.562554
vt 0.101417 0.358125
vt 0.645407 0.939531
vt 0.074774 0.044253
vt 0.553697 0.441116
vt 0.282936 0.963129
vt 0.751393 0.471602
vt 0.351050 0.847683
vt 0.869841 0.579011
vt 0.157110 0.281905
vt 0.827410 0.956172
vt 0.051622 0.914126
vt 0.180317 0.541455
vt 0.163091 0.562780
vt 0.825045 0.596424
vt 0.876691 0.058411
vt 0.846075 0.594596
vt 0.165959 0.796174
vt 0.334963 0.457621
vt 0.345176 0.318582
vt 0.667631 0.371655
vt 0.959828 0.703342
vt 0.356400 0.680275
vt 0.532965 0.207002
vt 0.510632 0.550012
vt 0.439083 0.380174
vt 0.494765 0.493656
vt 0.573149 0.233471
vt 0.509732 0.314737
vt 0.908006 0.470210
vt 0.955389 0.718194
vt 0.977582 0.761938
vt 0.441528 0.415216
vt 0.454786 0.885148
vt 0.882618 0.350087
vt 0.965116 0.686693
vt 0.456427 0.572545
vt 0.814129 0.576003
vt 0.898002 0.581101
vt 0.506578 0.549093
vt 0.680328 0.526864
vt 0.806088 0.226471
vt 0.256035 0.443948
vt 0.478179 0.828429
vt 0.976898 0.807942
vt 0.939174 0.961985
vt 0.667788 0.357511
vt 0.233186 0.897779
vt 0.492011 0.780874
vt 0.358371 0.350466
vt 0.095100 0.436232
vt 0.474349 0.536180
vt 0.202691 0.576451
vt 0.814788 0.259394
vt 0.129434 0.902189
vt 0.239994 0.182818
vt 0.188516 0.525519
vt 0.127899 0.455100
vt 0.346401 0.348146
vt 0.638772 0.442147
vt 0.469210 0.088172
vt 0.082567 0.537537
vt 0.853038 0.066089
vt 0.414658 0.452583
vt 0.758585 0.230387
vt 0.365379 0.468302
vt 0.525434 0.318312
vt 0.053292 0.531420
vt 0.377985 0.959116
vt 0.844596 0.167817
vt 0.170466 0.526635
vt 0.387160 0.288458
vt 0.954396 0.791097
vt 0.631164 0.885516
vt 0.361900 0.408468
vt 0.961027 0.973288
vt 0.320797 0.450076
vt 0.213051 0.812950
vt 0.581827 0.455574
vt 0.408230 0.515742
vt 0.312553 0.374865
vt 0.337539 0.304780
vt 0.368404 0.341873
vt 0.194274 0.564528
vt 0.382898 0.626762
vt 0.107774 0.106488
vt 0.447295 0.239408
vt 0.905479 0.951215
vt 0.236044 0.399526
vt 0.460703 0.490693
vt 0.239936 0.568653
vt 0.653373 0.371924
vt 0.241186 0.479449
vt 0.418641 0.395691
vt 0.975388 0.605853
vt 0.665903 0.527234
vt 0.918471 0.434735
vt 0.956111 0.668615
vt 0.664110 0.325764
vt 0.185158 0.499633
vt 0.902980 0.514697
vt 0.359197 0.299880
vt 0.335986 0.322455
vt 0.752481 0.839827
vt 0.834041 0.556223
vt 0.553540 0.455260
vt 0.224161 0.458666
vt 0.799622 0.195859
vt 0.176375 0.497165
vt 0.488820 0.074241
vt 0.313371 0.655422
vt 0.820576 0.235219
vt 0.362941 0.444398
vt 0.401517 0.025012
vt 0.777985 0.303935
vt 0.030393 0.670479
vt 0.128413 0.473948
vt 0.877034 0.300782
vt 0.476014 0.409391
vt 0.784225 0.299220
vt 0.259540 0.340824
vt 0.883015 0.616396
vt 0.795598 0.741397
vt 0.962893 0.842529
vt 0.331357 0.928365
vt 0.396865 0.599635
vt 0.616902 0.129151
vt 0.431785 0.554350
vt 0.915352 0.562370
vt 0.974981 0.531972
vt 0.269579 0.382307
vt 0.320540 0.423999
vt 0.964867 0.704128
vt 0.675145 0.929270
vt 0.277939 0.703579
vt 0.143260 0.474194
vt 0.168578 0.494183
vt 0.830875 0.268545
vt 0.905781 0.376178
vt 0.572031 0.185412
vt 0.454276 0.651082
vt 0.947936 0.668244
vt 0.511254 0.650214
vt 0.948207 0.921670
vt 0.256839 0.453091
vt 0.425874 0.665656
vt 0.983581 0.620538
vt 0.327715 0.427716
vt 0.403718 0.590571
vt 0.234190 0.116995
vt 0.421237 0.616268
vt 0.660904 0.904597
vt 0.110412 0.188486
vt 0.273556 0.319251
vt 0.258469 0.461769
vt 0.567527 0.469560
vt 0.961793 0.462161
vt 0.966587 0.908834
vt 0.362466 0.710942
vt 0.325396 0.405768
vt 0.434579 0.687195
vt 0.960128 0.686389
vt 0.358534 0.487700
vt 0.826216 0.585623
vt 0.637616 0.526920
vt 0.289127 0.843362
vt 0.758686 0.917357
vt 0.460554 0.511387
vt 0.589719 0.333595
vt 0.951659 0.982265
vt 0.485539 0.264690
vt 0.449490 0.560901
vt 0.638402 0.456202
vt 0.441620 0.650532
vt 0.454233 0.824696
vt 0.516788 0.250792
vt 0.307153 0.724717
vt 0.780537 0.266855
vt 0.401047 0.454712
vt 0.871604 0.086840
vt 0.355635 0.326034
vt 0.144143 0.435171
vt 0.297320 0.296997
vt 0.540310 0.441398
vt 0.495277 0.486961
vt 0.979687 0.605420
vt 0.696938 0.916159
vt 0.831306 0.468376
vt 0.939307 0.407727
vt 0.955546 0.702206
vt 0.430612 0.600705
vt 0.273798 0.498779
vt 0.964211 0.750153
vt 0.415086 0.602186
vt 0.379623 0.539844
vt 0.363145 0.215992
vt 0.734652 0.612093
vt 0.855282 0.471019
vt 0.347668 0.474738
vt 0.922322 0.381514
vt 0.320437 0.850838
vt 0.520159 0.522729
vt 0.737406 0.457301
vt 0.249728 0.465053
vt 0.870441 0.572431
vt 0.624636 0.915384
vt 0.910540 0.504995
vt 0.304688 0.081165
vt 0.428990 0.559496
vt 0.338724 0.449400
vt 0.166506 0.480842
vt 0.523805 0.510905
vt 0.858460 0.080556
vt 0.372839 0.352654
vt 0.986075 0.546635
vt 0.843493 0.065324
vt 0.569014 0.308124
vt 0.836324 0.074905
vt 0.830319 0.427418
vt 0.196712 0.752341
vt 0.332886 0.513348
vt 0.582401 0.455785
vt 0.031190 0.516083
vt 0.364242 0.440007
vt 0.838126 0.558345
vt 0.496210 0.434193
vt 0.495405 0.515650
vt 0.532139 0.280826
vt 0.636076 0.541536
vt 0.948329 0.966908
vt 0.970871 0.907497
vt 0.698896 0.902807
vt 0.847915 0.265627
vt 0.384300 0.645954
vt 0.870845 0.078625
vt 0.063346 0.101427
vt 0.554012 0.412829
vt 0.708962 0.471131
vt 0.652410 0.498518
vt 0.795657 0.640028
vt 0.499385 0.323334
vt 0.138541 0.949065
vt 0.156486 0.539876
vt 0.469278 0.662914
vt 0.479616 0.073689
vt 0.978024 0.979407
vt 0.717281 0.088450
vt 0.675031 0.900649
vt 0.763778 0.139182
vt 0.825521 0.823283
vt 0.471102 0.883092
vt 0.567841 0.441273
vt 0.567684 0.455417
vt 0.299900 0.514166
vt 0.624920 0.413908
vt 0.012767 0.520306
vt 0.933446 0.089255
vt 0.908748 0.569394
vt 0.343408 0.266162
vt 0.953597 0.874674
vt 0.141544 0.135449
vt 0.695918 0.371969
vt 0.908366 0.573327
vt 0.427574 0.589733
vt 0.606247 0.861256
vt 0.224157 0.806234
vt 0.958266 0.153043
vt 0.807209 0.269141
vt 0.316413 0.414853
vt 0.113350 0.259884
vt 0.387698 0.554559
vt 0.521624 0.519844
vt 0.540203 0.455463
vt 0.752127 0.276959
vt 0.786468 0.307416
vt 0.477396 0.106674
vt 0.371703 0.440435
vt 0.386318 0.373033
vt 0.931382 0.477062
vt 0.751193 0.457069
vt 0.161841 0.605204
vt 0.392081 0.628729
vt 0.455642 0.077050
vt 0.427066 0.639903
vt 0.718213 0.954661
vt 0.176123 0.059735
vt 0.933486 0.273861
vt 0.389823 0.369762
vt 0.892021 0.512961
vt 0.049168 0.053648
vt 0.852313 0.640007
vt 0.889240 0.086939
vt 0.501347 0.385827
vt 0.369860 0.640110
vt 0.477356 0.538098
vt 0.320336 0.258925
vt 0.867297 0.651591
vt 0.567532 0.280036
vt 0.185557 0.480615
vt 0.605299 0.607073
vt 0.403790 0.648537
vt 0.145087 0.505666
vt 0.765810 0.240940
vt 0.382652 0.611123
vt 0.118629 0.094041
vt 0.232638 0.446161
vt 0.482179 0.104326
vt 0.432694 0.403288
vt 0.688759 0.556403
vt 0.486288 0.582752
vt 0.154097 0.509214
vt 0.849816 0.856623
vt 0.980662 0.950150
vt 0.377917 0.445992
vt 0.129644 0.987247
vt 0.069757 0.131941
vt 0.369899 0.027649
vt 0.880773 0.445762
vt 0.064426 0.074015
vt 0.448353 0.071342
vt 0.825416 0.740414
vt 0.638451 0.484345
vt 0.073315 0.574201
vt 0.806762 0.517987
vt 0.053995 0.694046
vt 0.868703 0.482695
vt 0.541380 0.869164
vt 0.170034 0.947348
vt 0.367760 0.452148
vt 0.903399 0.565764
vt 0.840581 0.088797
vt 0.758103 0.279740
vt 0.333018 0.431732
vt 0.681612 0.358072
vt 0.751864 0.429171
vt 0.384691 0.451136
vt 0.433241 0.457896
vt 0.708557 0.000264
vt 0.294290 0.684998
vt 0.496644 0.665981
vt 0.096212 0.058931
vt 0.105206 0.905436
vt 0.782673 0.806198
vt 0.807993 0.587649
vt 0.541156 0.251639
vt 0.862844 0.074759
vt 0.532563 0.840545
vt 0.931291 0.611708
vt 0.533603 0.200538
vt 0.903213 0.501212
vt 0.414366 0.662297
vt 0.770411 0.266854
vt 0.131599 0.936051
vt 0.981749 0.776768
vt 0.860228 0.103076
vt 0.484101 0.281929
vt 0.811332 0.454594
vt 0.661348 0.863689
vt 0.270549 0.664297
vt 0.431611 0.068733
vt 0.639030 0.399628
vt 0.424166 0.623320
vt 0.969505 0.719818
vt 0.469486 0.779831
vt 0.173103 0.680612
vt 0.637773 0.512776
vt 0.627958 0.324080
vt 0.498741 0.511483
vt 0.421159 0.537080
vt 0.867189 0.086946
vt 0.970786 0.635642
vt 0.310332 0.748945
vt 0.961806 0.559584
vt 0.442428 0.160764
vt 0.390525 0.623978
vt 0.695678 0.358179
vt 0.694976 0.456830
vt 0.787340 0.248301
vt 0.732912 0.853910
vt 0.402486 0.630729
vt 0.841976 0.080542
vt 0.280732 0.481313
vt 0.475971 0.650497
vt 0.105483 0.517292
vt 0.666904 0.442361
vt 0.833190 0.063435
vt 0.621366 0.696586
vt 0.952098 0.651980
vt 0.263792 0.727606
vt 0.956646 0.635993
vt 0.914233 0.580805
vt 0.763032 0.057428
vt 0.702589 0.259220
vt 0.872312 0.106721
vt 0.513590 0.412413
vt 0.810555 0.634243
vt 0.418412 0.980339
vt 0.090751 0.584164
vt 0.808043 0.241401
vt 0.491357 0.114367
vt 0.163550 0.088058
vt 0.046881 0.136986
vt 0.460490 0.662028
vt 0.971345 0.590967
vt 0.274695 0.687201
vt 0.737341 0.428830
vt 0.381758 0.361945
vt 0.933326 0.983952
vt 0.433557 0.464743
vt 0.181447 0.919699
vt 0.282358 0.325910
vt 0.913273 0.595541
vt 0.393770 0.649835
vt 0.459985 0.412086
vt 0.258184 0.365518
vt 0.617860 0.874465
vt 0.293642 0.021953
vt 0.748866 0.569840
vt 0.074481 0.687840
vt 0.526459 0.413159
vt 0.440527 0.659822
vt 0.723275 0.428723
vt 0.723263 0.457144
vt 0.360466 0.375022
vt 0.787519 0.577454
vt 0.084518 0.083706
vt 0.695464 0.386311
vt 0.716486 0.862432
vt 0.956536 0.545601
vt 0.184352 0.865808
vt 0.340384 0.301888
vt 0.296405 0.647840
vt 0.475899 0.094452
vt 0.161208 0.489901
vt 0.443923 0.453034
vt 0.709433 0.428700
vt 0.627224 0.573326
vt 0.227299 0.357829
vt 0.468298 0.615367
vt 0.138830 0.440541
vt 0.457212 0.640438
vt 0.858018 0.092103
vt 0.760693 0.228610
vt 0.482321 0.100002
vt 0.541077 0.299463
vt 0.756641 0.899281
vt 0.298593 0.486036
vt 0.991905 0.432443
vt 0.308710 0.357868
vt 0.667317 0.399942
vt 0.491002 0.532060
vt 0.499240 0.576629
vt 0.357817 0.620601
vt 0.163279 0.678114
vt 0.288975 0.449663
vt 0.366576 0.403707
vt 0.576909 0.378878
vt 0.561668 0.352464
vt 0.434267 0.609255
vt 0.957283 0.559937
vt 0.694822 0.470707
vt 0.339266 0.261502
vt 0.527458 0.983558
vt 0.822314 0.607396
vt 0.536185 0.207778
vt 0.532317 0.227409
vt 0.385643 0.405190
vt 0.327344 0.715794
vt 0.897370 0.576539
vt 0.970970 0.891372
vt 0.012305 0.552168
vt 0.470601 0.076655
vt 0.057862 0.447021
vt 0.098229 0.812970
vt 0.166026 0.645202
vt 0.963645 0.789772
vt 0.848354 0.557835
vt 0.898660 0.621047
vt 0.267518 0.365031
vt 0.331732 0.416952
vt 0.077019 0.272654
vt 0.463565 0.052247
vt 0.466095 0.094349
vt 0.152310 0.579095
vt 0.810068 0.918577
vt 0.867567 0.431974
vt 0.489961 0.471649
vt 0.456769 0.378612
vt 0.172319 0.449522
vt 0.159874 0.956963
vt 0.371891 0.621094
vt 0.892213 0.456511
vn 0.807813 0.230974 0.542301
vn 0.820628 0.272684 0.502209
vn 0.757553 0.167491 0.630920
vn 0.808172 0.026195 0.588364
vn -0.805539 0.244499 0.539748
vn -0.817978 0.271800 0.506988
vn -0.756420 0.167004 0.632407
vn -0.693948 0.281944 0.662529
vn 0.747878 0.189929 0.636085
vn 0.805774 0.177460 0.565010
vn 0.806299 -0.084826 0.585394
vn 0.778268 -0.102440 0.619520
vn -0.807813 0.230974 0.542301
vn -0.805246 0.177473 0.565758
vn -0.805952 -0.084736 0.585885
vn -0.808172 0.026195 0.588364
vn 0.730883 0.314397 0.605776
vn 0.747878 0.189929 0.636085
vn 0.778268 -0.102440 0.619520
vn 0.853316 0.065781 0.517227
vn 0.831773 0.349595 0.431204
vn 0.725956 0.456485 0.514403
vn 0.892635 0.336457 0.299998
vn 0.910647 0.369332 0.185246
vn -0.730883 0.314397 0.605776
vn -0.732522 0.455171 0.506192
vn -0.893236 0.330118 0.305207
vn -0.853316 0.065781 0.517227
vn 0.892635 0.336457 0.299998
vn 0.725956 0.456485 0.514403
vn 0.730883 0.314397 0.605776
vn 0.853316 0.065781 0.517227
vn -0.893236 0.330118 0.305207
vn -0.732522 0.455171 0.506192
vn -0.831773 0.349595 0.431204
vn -0.910647 0.369333 0.185246
vn -0.778268 -0.102440 0.619519
vn -0.748708 0.190539 0.634926
vn -0.730883 0.314397 0.605776
vn -0.853316 0.065781 0.517227
vn 0.806299 -0.084826 0.585394
vn 0.805774 0.177460 0.565010
vn 0.807813 0.230974 0.542301
vn 0.808172 0.026195 0.588364
vn -0.778268 -0.102440 0.619519
vn -0.805952 -0.084736 0.585885
vn -0.805246 0.177473 0.565758
vn -0.748708 0.190539 0.634926
vn 0.805539 0.244499 0.539748
vn 0.848749 0.174789 0.499072
vn 0.615916 0.312373 0.723236
vn 0.693894 0.282050 0.662540
vn -0.800613 0.134769 0.583829
vn -0.512087 0.349171 0.784759
vn -0.466243 0.447809 0.762945
vn -0.760802 0.140619 0.633567
vn 0.465386 0.449188 0.762657
vn 0.760787 0.140615 0.633585
vn 0.802472 0.130642 0.582212
vn 0.597707 0.528108 0.603199
vn -0.760802 0.140619 0.633567
vn -0.466243 0.447809 0.762945
vn -0.597707 0.528108 0.603199
vn -0.802472 0.130642 0.582213
vn 0.825241 0.429311 0.366973
vn 0.597707 0.528108 0.603199
vn 0.802472 0.130642 0.582212
vn 0.873339 0.108064 0.474975
vn -0.597707 0.528108 0.603199
vn -0.825241 0.429311 0.366973
vn -0.873339 0.108064 0.474975
vn -0.802472 0.130642 0.582213
vn 0.873339 0.108064 0.474975
vn 0.906579 0.144938 0.396368
vn 0.946948 0.265013 0.181817
vn 0.825241 0.429311 0.366973
vn -0.906579 0.144938 0.396368
vn -0.873339 0.108064 0.474975
vn -0.825241 0.429311 0.366973
vn -0.946948 0.265013 0.181817
vn 0.910647 0.369332 0.185246
vn 0.946948 0.265013 0.181817
vn 0.906579 0.144938 0.396368
vn 0.831773 0.349595 0.431204
vn -0.946948 0.265013 0.181817
vn -0.910647 0.369333 0.185246
vn -0.831773 0.349595 0.431204
vn -0.906579 0.144938 0.396368
vn 0.512390 0.343351 0.787126
vn 0.792527 0.134173 0.594893
vn 0.760787 0.140615 0.633585
vn 0.465386 0.449188 0.762657
vn -0.845889 0.176535 0.503297
vn -0.614398 0.318869 0.721691
vn -0.512087 0.349171 0.784759
vn -0.800613 0.134769 0.583829
vn -0.512087 0.349171 0.784759
vn -0.614398 0.318869 0.721691
vn -0.412161 0.456600 0.788441
vn -0.284032 0.466382 0.837743
vn 0.693894 0.282050 0.662540
vn 0.615916 0.312373 0.723236
vn 0.411518 0.455701 0.789297
vn 0.592391 0.386945 0.706645
vn -0.284032 0.466382 0.837743
vn -0.308787 0.585357 0.749672
vn -0.466243 0.447809 0.762945
vn -0.512087 0.349171 0.784759
vn 0.307533 0.586461 0.749324
vn 0.280695 0.468374 0.837757
vn 0.512390 0.343351 0.787126
vn 0.465386 0.449188 0.762657
vn -0.756420 0.167004 0.632407
vn -0.759883 0.217292 0.612669
vn -0.592932 0.386626 0.706365
vn -0.693948 0.281944 0.662529
vn 0.757553 0.167491 0.630920
vn 0.763649 0.209709 0.610625
vn 0.847556 -0.015230 0.530488
vn 0.808172 0.026195 0.588364
vn -0.808172 0.026195 0.588364
vn -0.805952 -0.084736 0.585885
vn -0.819938 -0.178711 0.543842
vn -0.847556 -0.015230 0.530488
vn 0.806299 -0.084826 0.585394
vn 0.808172 0.026195 0.588364
vn 0.847556 -0.015230 0.530488
vn 0.819938 -0.178711 0.543842
vn -0.805952 -0.084736 0.585885
vn -0.778268 -0.102440 0.619519
vn -0.770317 -0.246731 0.587993
vn -0.819938 -0.178711 0.543842
vn 0.778268 -0.102440 0.619520
vn 0.806299 -0.084826 0.585394
vn 0.819938 -0.178711 0.543842
vn 0.770317 -0.246731 0.587993
vn -0.870273 -0.062225 0.488623
vn -0.770317 -0.246731 0.587993
vn -0.778268 -0.102440 0.619519
vn -0.853316 0.065781 0.517227
vn 0.770317 -0.246731 0.587993
vn 0.870273 -0.062225 0.488623
vn 0.853316 0.065781 0.517227
vn 0.778268 -0.102440 0.619520
vn -0.907248 0.339537 0.248226
vn -0.870273 -0.062225 0.488623
vn -0.853316 0.065781 0.517227
vn -0.893236 0.330118 0.305207
vn 0.870273 -0.062225 0.488623
vn 0.907248 0.339537 0.248226
vn 0.892635 0.336457 0.299998
vn 0.853316 0.065781 0.517227
vn -0.910647 0.369333 0.185246
vn -0.933228 0.331827 0.137751
vn -0.907248 0.339537 0.248226
vn -0.893236 0.330118 0.305207
vn 0.933228 0.331827 0.137751
vn 0.910647 0.369332 0.185246
vn 0.892635 0.336457 0.299998
vn 0.907248 0.339537 0.248226
vn -0.910647 0.369333 0.185246
vn -0.946948 0.265013 0.181817
vn -0.953594 0.200895 0.224275
vn -0.933228 0.331827 0.137751
vn 0.946948 0.265013 0.181817
vn 0.910647 0.369332 0.185246
vn 0.933228 0.331827 0.137751
vn 0.953594 0.200895 0.224275
vn -0.630646 0.633370 0.448473
vn -0.953594 0.200895 0.224275
vn -0.946948 0.265013 0.181817
vn -0.825241 0.429311 0.366973
vn 0.953594 0.200895 0.224275
vn 0.630646 0.633370 0.448473
vn 0.825241 0.429311 0.366973
vn 0.946948 0.265013 0.181817
vn -0.825241 0.429311 0.366973
vn -0.597707 0.528108 0.603199
vn -0.430539 0.715934 0.549612
vn -0.630646 0.633370 0.448473
vn 0.597707 0.528108 0.603199
vn 0.825241 0.429311 0.366973
vn 0.630646 0.633370 0.448473
vn 0.430539 0.715934 0.549612
vn -0.597707 0.528108 0.603199
vn -0.466243 0.447809 0.762945
vn -0.308787 0.585357 0.749672
vn -0.430539 0.715934 0.549612
vn 0.465386 0.449188 0.762657
vn 0.597707 0.528108 0.603199
vn 0.430539 0.715934 0.549612
vn 0.307533 0.586461 0.749324
vn 0.908937 0.088535 0.407426
vn 0.442247 0.586158 0.678850
vn 0.630646 0.633370 0.448473
vn 0.953594 0.200895 0.224275
vn -0.442246 0.586158 0.678850
vn -0.908937 0.088535 0.407426
vn -0.953594 0.200895 0.224275
vn -0.630646 0.633370 0.448473
vn 0.969691 0.092356 -0.226207
vn 0.985611 -0.082243 0.147672
vn 0.988770 0.114789 0.095691
vn 0.992761 0.098676 -0.068476
vn -0.988936 0.112055 0.097208
vn -0.985498 -0.092954 0.141962
vn -0.969691 0.092356 -0.226207
vn -0.992761 0.098676 -0.068476
vn 0.991710 0.036699 -0.123144
vn 0.967630 0.060606 -0.244989
vn 0.639997 -0.179649 -0.747081
vn 0.785193 -0.197725 -0.586836
vn -0.639997 -0.179649 -0.747081
vn -0.959483 0.069027 -0.273180
vn -0.979608 0.082304 -0.183289
vn -0.785193 -0.197725 -0.586836
vn 0.000905 -0.144089 -0.989564
vn -0.107677 -0.251029 -0.961972
vn 0.785193 -0.197725 -0.586836
vn 0.639997 -0.179649 -0.747081
vn 0.077047 -0.301367 -0.950390
vn -0.019297 -0.191553 -0.981293
vn -0.639997 -0.179649 -0.747081
vn -0.785193 -0.197725 -0.586836
vn -0.825138 0.386321 -0.412193
vn -0.625930 0.054890 -0.777945
vn -0.445037 0.264729 -0.855489
vn -0.591836 0.605965 -0.531541
vn 0.625930 0.054890 -0.777945
vn 0.825138 0.386321 -0.412193
vn 0.591836 0.605965 -0.531541
vn 0.445037 0.264729 -0.855488
vn -0.802279 0.588955 -0.097366
vn -0.825138 0.386321 -0.412193
vn -0.591836 0.605965 -0.531541
vn -0.516005 0.823216 -0.236758
vn 0.825138 0.386321 -0.412193
vn 0.802279 0.588955 -0.097366
vn 0.516005 0.823216 -0.236758
vn 0.591836 0.605965 -0.531541
vn -0.802279 0.588955 -0.097366
vn -0.516005 0.823216 -0.236758
vn -0.276644 0.960943 0.007534
vn -0.673317 0.721971 0.159380
vn 0.516005 0.823216 -0.236758
vn 0.802279 0.588955 -0.097366
vn 0.669357 0.725698 0.159133
vn 0.271063 0.962054 0.031264
vn 0.442247 0.586158 0.678850
vn -0.349126 0.807153 0.476041
vn 0.063316 0.943070 0.326513
vn 0.630646 0.633370 0.448473
vn 0.349125 0.807153 0.476041
vn -0.442246 0.586158 0.678850
vn -0.630646 0.633370 0.448473
vn -0.063316 0.943070 0.326513
vn 0.303335 -0.250387 0.919399
vn -0.000000 -0.385928 0.922529
vn -0.000000 -0.633783 0.773511
vn 0.542671 -0.523355 0.656968
vn -0.542671 -0.523355 0.656968
vn -0.000000 -0.633783 0.773511
vn -0.000000 -0.385928 0.922529
vn -0.303336 -0.250387 0.919399
vn 0.785508 -0.106380 0.609640
vn 0.448941 0.039148 0.892704
vn 0.303335 -0.250387 0.919399
vn 0.542671 -0.523355 0.656968
vn -0.303336 -0.250387 0.919399
vn -0.440705 0.059937 0.895649
vn -0.787304 -0.120477 0.604680
vn -0.542671 -0.523355 0.656968
vn -0.253013 0.680532 0.687649
vn -0.325960 0.649289 0.687149
vn -0.663183 0.450120 0.597981
vn -0.563099 0.509597 0.650562
vn 0.663183 0.450120 0.597980
vn 0.563099 0.509597 0.650562
vn 0.548722 0.307194 0.777519
vn 0.830065 0.167447 0.531934
vn -0.563099 0.509597 0.650562
vn -0.663183 0.450120 0.597981
vn -0.830065 0.167448 0.531934
vn -0.548721 0.307194 0.777519
vn 0.542671 -0.523355 0.656968
vn -0.000000 -0.633783 0.773511
vn -0.000000 -0.759578 0.650416
vn 0.464917 -0.740824 0.484801
vn -0.000000 -0.633783 0.773511
vn -0.542671 -0.523355 0.656968
vn -0.464917 -0.740824 0.484801
vn -0.000000 -0.759578 0.650416
vn 0.621911 -0.734672 0.271077
vn 0.814993 -0.453741 0.360424
vn 0.542671 -0.523355 0.656968
vn 0.464917 -0.740824 0.484801
vn -0.814993 -0.453742 0.360424
vn -0.621911 -0.734672 0.271078
vn -0.464917 -0.740824 0.484801
vn -0.542671 -0.523355 0.656968
vn -0.000000 -0.849467 0.527642
vn 0.340568 -0.873813 0.347079
vn 0.464917 -0.740824 0.484801
vn -0.000000 -0.759578 0.650416
vn -0.340568 -0.873813 0.347079
vn -0.000000 -0.849467 0.527642
vn -0.000000 -0.759578 0.650416
vn -0.464917 -0.740824 0.484801
vn 0.310169 -0.933934 0.177660
vn 0.621911 -0.734672 0.271077
vn 0.464917 -0.740824 0.484801
vn 0.340568 -0.873813 0.347079
vn -0.621911 -0.734672 0.271078
vn -0.310169 -0.933934 0.177660
vn -0.340568 -0.873813 0.347079
vn -0.464917 -0.740824 0.484801
vn 0.814993 -0.453741 0.360424
vn 0.896641 -0.152096 0.415815
vn 0.785508 -0.106380 0.609640
vn 0.542671 -0.523355 0.656968
vn -0.787304 -0.120477 0.604680
vn -0.902788 -0.135268 0.408260
vn -0.814993 -0.453742 0.360424
vn -0.542671 -0.523355 0.656968
vn 0.878413 0.071025 0.472594
vn 0.732065 0.326061 0.598134
vn 0.663183 0.450120 0.597980
vn 0.830065 0.167447 0.531934
vn -0.732073 0.326103 0.598102
vn -0.878413 0.071025 0.472594
vn -0.830065 0.167448 0.531934
vn -0.663183 0.450120 0.597981
vn -0.663183 0.450120 0.597981
vn -0.325960 0.649289 0.687149
vn -0.354096 0.550272 0.756186
vn -0.732073 0.326103 0.598102
vn 0.327191 0.649288 0.686565
vn 0.255681 0.679911 0.687276
vn 0.563099 0.509597 0.650562
vn 0.663183 0.450120 0.597980
vn 0.353722 0.550386 0.756278
vn 0.327191 0.649288 0.686565
vn 0.663183 0.450120 0.597980
vn 0.732065 0.326061 0.598134
vn -0.578999 -0.781469 0.232522
vn -0.253150 -0.960477 0.115752
vn -0.310169 -0.933934 0.177660
vn -0.621911 -0.734672 0.271078
vn 0.253150 -0.960477 0.115752
vn 0.578999 -0.781469 0.232522
vn 0.621911 -0.734672 0.271077
vn 0.310169 -0.933934 0.177660
vn 0.340568 -0.873813 0.347079
vn -0.000000 -0.849467 0.527642
vn 0.000000 -0.990762 0.135610
vn 0.310169 -0.933934 0.177660
vn 0.000000 -0.990762 0.135610
vn 0.000000 -0.996710 0.081046
vn 0.253150 -0.960477 0.115752
vn 0.310169 -0.933934 0.177660
vn 0.280695 0.468374 0.837757
vn 0.307533 0.586461 0.749324
vn 0.168619 0.664762 0.727777
vn 0.120548 0.519098 0.846171
vn -0.756420 0.167004 0.632407
vn -0.817978 0.271800 0.506988
vn -0.807813 0.230974 0.542301
vn -0.808172 0.026195 0.588364
vn -0.847556 -0.015230 0.530488
vn -0.759883 0.217292 0.612669
vn -0.756420 0.167004 0.632407
vn -0.808172 0.026195 0.588364
vn 0.757553 0.167491 0.630920
vn 0.820628 0.272684 0.502209
vn 0.805539 0.244499 0.539748
vn 0.693894 0.282050 0.662540
vn 0.592391 0.386945 0.706645
vn 0.763649 0.209709 0.610625
vn 0.757553 0.167491 0.630920
vn 0.693894 0.282050 0.662540
vn -0.878413 0.071025 0.472594
vn -0.732073 0.326103 0.598102
vn -0.759883 0.217292 0.612669
vn -0.847556 -0.015230 0.530488
vn 0.732065 0.326061 0.598134
vn 0.878413 0.071025 0.472594
vn 0.847556 -0.015230 0.530488
vn 0.763649 0.209709 0.610625
vn -0.592932 0.386626 0.706365
vn -0.759883 0.217292 0.612669
vn -0.732073 0.326103 0.598102
vn -0.354096 0.550272 0.756186
vn 0.763649 0.209709 0.610625
vn 0.592391 0.386945 0.706645
vn 0.353722 0.550386 0.756278
vn 0.732065 0.326061 0.598134
vn -0.693948 0.281944 0.662529
vn -0.614398 0.318869 0.721691
vn -0.845889 0.176535 0.503297
vn -0.805539 0.244499 0.539748
vn -0.412161 0.456600 0.788441
vn -0.614398 0.318869 0.721691
vn -0.693948 0.281944 0.662529
vn -0.592932 0.386626 0.706365
vn 0.615916 0.312373 0.723236
vn 0.848749 0.174789 0.499072
vn 0.792527 0.134173 0.594893
vn 0.512390 0.343351 0.787126
vn 0.411518 0.455701 0.789297
vn 0.615916 0.312373 0.723236
vn 0.512390 0.343351 0.787126
vn 0.280695 0.468374 0.837757
vn 0.152359 0.519487 0.840785
vn 0.353722 0.550386 0.756278
vn 0.592391 0.386945 0.706645
vn 0.411518 0.455701 0.789297
vn -0.354096 0.550272 0.756186
vn -0.152584 0.519410 0.840792
vn -0.412161 0.456600 0.788441
vn -0.592932 0.386626 0.706365
vn -0.120547 0.519098 0.846171
vn -0.168619 0.664762 0.727777
vn -0.308787 0.585357 0.749672
vn -0.284032 0.466382 0.837743
vn 0.411518 0.455701 0.789297
vn 0.280695 0.468374 0.837757
vn 0.120548 0.519098 0.846171
vn 0.152359 0.519487 0.840785
vn -0.284032 0.466382 0.837743
vn -0.412161 0.456600 0.788441
vn -0.152584 0.519410 0.840792
vn -0.120547 0.519098 0.846171
vn -0.430539 0.715934 0.549612
vn -0.308787 0.585357 0.749672
vn -0.168619 0.664762 0.727777
vn -0.221313 0.848942 0.479914
vn 0.307533 0.586461 0.749324
vn 0.430539 0.715934 0.549612
vn 0.221313 0.848942 0.479914
vn 0.168619 0.664762 0.727777
vn -0.630646 0.633370 0.448473
vn -0.430539 0.715934 0.549612
vn -0.221313 0.848942 0.479914
vn -0.063316 0.943070 0.326513
vn 0.430539 0.715934 0.549612
vn 0.630646 0.633370 0.448473
vn 0.063316 0.943070 0.326513
vn 0.221313 0.848942 0.479914
vn 0.591836 0.605965 -0.531541
vn 0.516005 0.823216 -0.236758
vn -0.000000 0.940629 -0.339435
vn -0.000000 0.762051 -0.647517
vn -0.000000 0.762051 -0.647517
vn -0.000000 0.940629 -0.339435
vn -0.516005 0.823216 -0.236758
vn -0.591836 0.605965 -0.531541
vn -0.000000 0.940629 -0.339435
vn -0.037535 0.995888 -0.082454
vn -0.276644 0.960943 0.007534
vn -0.516005 0.823216 -0.236758
vn 0.271063 0.962054 0.031264
vn -0.037535 0.995888 -0.082454
vn -0.000000 0.940629 -0.339435
vn 0.516005 0.823216 -0.236758
vn 0.000000 0.984962 0.172772
vn -0.000000 0.882348 0.470598
vn 0.221313 0.848942 0.479914
vn 0.063316 0.943070 0.326513
vn -0.000000 0.882348 0.470598
vn 0.000000 0.984962 0.172772
vn -0.063316 0.943070 0.326513
vn -0.221313 0.848942 0.479914
vn 0.165151 0.778328 -0.605748
vn 0.000905 -0.144089 -0.989564
vn 0.639997 -0.179649 -0.747081
vn 0.787321 0.431892 -0.439995
vn -0.639997 -0.179649 -0.747081
vn -0.019297 -0.191553 -0.981293
vn -0.165151 0.778328 -0.605748
vn -0.787321 0.431892 -0.439995
vn 0.639997 -0.179649 -0.747081
vn 0.754171 0.020511 -0.656358
vn 0.942597 0.231758 -0.240413
vn 0.787321 0.431892 -0.439995
vn -0.754171 0.020511 -0.656358
vn -0.639997 -0.179649 -0.747081
vn -0.787321 0.431892 -0.439995
vn -0.942597 0.231758 -0.240413
vn 0.938335 0.343680 -0.037560
vn 0.992761 0.098676 -0.068476
vn 0.988770 0.114789 0.095691
vn 0.929327 0.360288 0.080893
vn -0.992761 0.098676 -0.068476
vn -0.938335 0.343680 -0.037560
vn -0.928246 0.362488 0.083436
vn -0.988936 0.112055 0.097208
vn 0.967630 0.060606 -0.244989
vn 0.925531 0.259272 -0.275990
vn 0.754171 0.020511 -0.656358
vn 0.639997 -0.179649 -0.747081
vn -0.907808 0.266822 -0.323558
vn -0.959483 0.069027 -0.273180
vn -0.639997 -0.179649 -0.747081
vn -0.754171 0.020511 -0.656358
vn 0.942597 0.231758 -0.240413
vn 0.754171 0.020511 -0.656358
vn 0.727401 -0.196511 -0.657473
vn 0.982402 -0.043104 -0.181737
vn -0.754171 0.020511 -0.656358
vn -0.942597 0.231758 -0.240413
vn -0.982402 -0.043104 -0.181737
vn -0.727401 -0.196511 -0.657473
vn 0.629412 -0.760593 0.159182
vn 0.982402 -0.043104 -0.181737
vn 0.727401 -0.196511 -0.657473
vn 0.427569 -0.706567 -0.563869
vn -0.982402 -0.043104 -0.181737
vn -0.629412 -0.760593 0.159182
vn -0.427569 -0.706567 -0.563869
vn -0.727401 -0.196511 -0.657473
vn 0.168619 0.664762 0.727777
vn 0.221313 0.848942 0.479914
vn -0.000000 0.882348 0.470598
vn -0.000000 0.684757 0.728772
vn -0.221313 0.848942 0.479914
vn -0.168619 0.664762 0.727777
vn -0.000000 0.684757 0.728772
vn -0.000000 0.882348 0.470598
vn 0.003993 0.726768 0.686871
vn 0.000495 0.713354 0.700804
vn -0.325960 0.649289 0.687149
vn -0.253013 0.680532 0.687649
vn 0.000495 0.713354 0.700804
vn 0.003993 0.726768 0.686871
vn 0.255681 0.679911 0.687276
vn 0.327191 0.649288 0.686565
vn 0.327191 0.649288 0.686565
vn 0.353722 0.550386 0.756278
vn -0.000000 0.635049 0.772472
vn 0.000495 0.713354 0.700804
vn 0.000000 0.530656 0.847588
vn -0.000000 0.635049 0.772472
vn 0.353722 0.550386 0.756278
vn 0.152359 0.519487 0.840785
vn 0.152359 0.519487 0.840785
vn 0.120548 0.519098 0.846171
vn 0.000000 0.526320 0.850287
vn 0.000000 0.530656 0.847588
vn -0.000000 0.684757 0.728772
vn 0.000000 0.526320 0.850287
vn 0.120548 0.519098 0.846171
vn 0.168619 0.664762 0.727777
vn 0.000000 0.526320 0.850287
vn -0.000000 0.684757 0.728772
vn -0.168619 0.664762 0.727777
vn -0.120547 0.519098 0.846171
vn -0.120547 0.519098 0.846171
vn -0.152584 0.519410 0.840792
vn 0.000000 0.530656 0.847588
vn 0.000000 0.526320 0.850287
vn -0.152584 0.519410 0.840792
vn -0.354096 0.550272 0.756186
vn -0.000000 0.635049 0.772472
vn 0.000000 0.530656 0.847588
vn -0.354096 0.550272 0.756186
vn -0.325960 0.649289 0.687149
vn 0.000495 0.713354 0.700804
vn -0.000000 0.635049 0.772472
vn 0.223403 -0.974008 0.037409
vn 0.629412 -0.760593 0.159182
vn 0.427569 -0.706567 -0.563869
vn 0.132153 -0.956468 -0.260202
vn 0.223403 -0.974008 0.037409
vn 0.132153 -0.956468 -0.260202
vn 0.001771 -0.993581 -0.113111
vn 0.102904 -0.989494 0.101548
vn -0.000717 -0.993541 -0.113468
vn -0.101729 -0.989601 0.101689
vn -0.000000 -0.991071 0.133335
vn -0.000000 -0.998505 -0.054662
vn 0.102904 -0.989494 0.101548
vn 0.001771 -0.993581 -0.113111
vn -0.000000 -0.998505 -0.054662
vn -0.000000 -0.991071 0.133335
vn -0.132153 -0.956468 -0.260202
vn -0.223403 -0.974008 0.037409
vn -0.101729 -0.989601 0.101689
vn -0.000717 -0.993541 -0.113468
vn 0.000000 -0.990762 0.135610
vn -0.000000 -0.849467 0.527642
vn -0.340568 -0.873813 0.347079
vn -0.310169 -0.933934 0.177660
vn -0.253150 -0.960477 0.115752
vn 0.000000 -0.996710 0.081046
vn 0.000000 -0.990762 0.135610
vn -0.310169 -0.933934 0.177660
vn -0.427569 -0.706567 -0.563869
vn -0.629412 -0.760593 0.159182
vn -0.223403 -0.974008 0.037409
vn -0.132153 -0.956468 -0.260202
vn 0.942938 -0.235616 -0.235273
vn 0.930414 -0.116781 0.347407
vn 0.985611 -0.082243 0.147672
vn 0.969691 0.092356 -0.226207
vn -0.985498 -0.092954 0.141962
vn -0.930779 -0.123932 0.343935
vn -0.942938 -0.235616 -0.235273
vn -0.969691 0.092356 -0.226207
vn 0.908937 0.088535 0.407426
vn 0.779639 0.107794 0.616882
vn 0.121949 0.552234 0.824722
vn 0.442247 0.586158 0.678850
vn -0.779639 0.107794 0.616882
vn -0.908937 0.088535 0.407426
vn -0.442246 0.586158 0.678850
vn -0.121949 0.552234 0.824722
vn -0.121949 0.552234 0.824722
vn -0.442246 0.586158 0.678850
vn 0.349125 0.807153 0.476041
vn 0.616439 0.614569 0.492248
vn 0.442247 0.586158 0.678850
vn 0.121949 0.552234 0.824722
vn -0.616439 0.614569 0.492248
vn -0.349126 0.807153 0.476041
vn 0.835185 0.509955 0.205943
vn 0.669357 0.725698 0.159133
vn 0.802279 0.588955 -0.097366
vn 0.919945 0.387786 -0.057648
vn -0.802279 0.588955 -0.097366
vn -0.673317 0.721971 0.159380
vn -0.835114 0.511974 0.201164
vn -0.919945 0.387786 -0.057648
vn 0.901026 0.215761 -0.376298
vn 0.919945 0.387786 -0.057648
vn 0.802279 0.588955 -0.097366
vn 0.825138 0.386321 -0.412193
vn -0.919945 0.387786 -0.057648
vn -0.901026 0.215761 -0.376298
vn -0.825138 0.386321 -0.412193
vn -0.802279 0.588955 -0.097366
vn 0.691592 -0.040577 -0.721147
vn 0.901026 0.215761 -0.376298
vn 0.825138 0.386321 -0.412193
vn 0.625930 0.054890 -0.777945
vn -0.901026 0.215761 -0.376298
vn -0.691592 -0.040577 -0.721147
vn -0.625930 0.054890 -0.777945
vn -0.825138 0.386321 -0.412193
vn -0.785193 -0.197725 -0.586836
vn -0.695367 -0.359268 -0.622408
vn 0.241868 -0.328872 -0.912877
vn 0.077047 -0.301367 -0.950390
vn 0.695367 -0.359268 -0.622408
vn 0.785193 -0.197725 -0.586836
vn -0.107677 -0.251029 -0.961972
vn -0.269350 -0.293190 -0.917328
vn -0.269350 -0.293190 -0.917328
vn -0.457397 -0.298513 -0.837662
vn 0.595790 -0.500960 -0.627752
vn 0.695367 -0.359268 -0.622408
vn 0.566040 -0.327214 -0.756657
vn 0.457397 -0.298513 -0.837662
vn -0.600811 -0.486276 -0.634477
vn -0.546726 -0.605145 -0.578698
vn -0.564783 -0.323436 -0.759216
vn -0.623586 -0.346875 -0.700584
vn 0.490961 -0.706200 -0.510136
vn 0.546726 -0.605145 -0.578698
vn 0.666740 -0.363936 -0.650391
vn 0.623586 -0.346875 -0.700585
vn -0.493893 -0.701589 -0.513656
vn -0.449661 -0.752609 -0.481025
vn 0.394340 -0.748980 -0.532470
vn 0.449661 -0.752609 -0.481025
vn -0.662347 -0.343544 -0.665788
vn -0.680179 -0.357716 -0.639840
vn 0.693732 -0.342302 -0.633692
vn 0.666740 -0.363936 -0.650391
vn -0.449661 -0.752609 -0.481025
vn -0.394340 -0.748980 -0.532470
vn 0.392708 -0.524433 -0.755480
vn 0.413531 -0.671337 -0.615060
vn -0.694159 -0.266218 -0.668784
vn -0.659793 -0.131391 -0.739872
vn -0.394340 -0.748980 -0.532470
vn -0.408540 -0.675917 -0.613377
vn 0.694158 -0.266216 -0.668785
vn 0.693732 -0.342302 -0.633692
vn 0.544886 -0.035257 -0.837769
vn 0.515324 -0.314770 -0.797095
vn -0.616294 0.078205 -0.783623
vn -0.568902 0.299852 -0.765793
vn -0.392708 -0.524433 -0.755480
vn -0.515068 -0.315927 -0.796803
vn 0.616241 0.078290 -0.783656
vn 0.659829 -0.131370 -0.739843
vn 0.654892 0.252031 -0.712458
vn -0.486780 0.506073 -0.711994
vn -0.431019 0.701262 -0.567851
vn 0.733856 0.426552 -0.528686
vn -0.636365 0.244825 -0.731506
vn 0.486779 0.506073 -0.711994
vn 0.568901 0.299855 -0.765793
vn -0.544886 -0.035257 -0.837769
vn 0.763868 0.599072 -0.240040
vn -0.386153 0.894269 -0.226207
vn -0.405371 0.912783 0.050009
vn 0.815300 0.577851 0.037060
vn -0.791277 0.471483 -0.389339
vn 0.441427 0.790891 -0.423833
vn 0.430929 0.702196 -0.566764
vn -0.733856 0.426552 -0.528685
vn -0.421346 0.809495 0.408884
vn -0.402430 0.673634 0.619893
vn 0.741040 0.245489 0.624976
vn 0.777455 0.508830 0.369670
vn 0.391534 0.563687 0.727296
vn 0.402430 0.673634 0.619893
vn -0.747971 0.235111 0.620694
vn -0.784920 0.041295 0.618220
vn 0.832243 -0.066114 0.550455
vn 0.796913 -0.004140 0.604080
vn -0.268201 0.444746 0.854558
vn -0.115455 0.361984 0.925007
vn 0.268244 0.444752 0.854541
vn 0.354714 0.516227 0.779543
vn -0.817814 0.009642 0.575402
vn -0.796951 -0.004128 0.604030
vn 0.898705 -0.130977 0.418537
vn 0.156300 0.276935 0.948091
vn 0.542032 0.125726 0.830900
vn 0.954990 -0.193605 0.224747
vn -0.898541 -0.126761 0.420186
vn -0.156301 0.276936 0.948091
vn 0.115455 0.361984 0.925007
vn -0.832243 -0.066114 0.550455
vn 0.942938 -0.235616 -0.235273
vn 0.955429 -0.295009 -0.011174
vn 0.811137 -0.043503 0.583236
vn 0.930414 -0.116781 0.347407
vn -0.954990 -0.193605 0.224747
vn -0.955427 -0.295012 -0.011283
vn -0.811067 -0.044481 0.583259
vn -0.548355 0.120803 0.827474
vn -0.397547 0.543962 0.738960
vn -0.354714 0.516227 0.779543
vn 0.814377 0.009219 0.580263
vn 0.784919 0.041294 0.618220
vn 0.115455 0.361984 0.925007
vn 0.268244 0.444752 0.854541
vn -0.796951 -0.004128 0.604030
vn -0.832243 -0.066114 0.550455
vn -0.901026 0.215761 -0.376298
vn -0.921615 0.093223 -0.376742
vn -0.760597 -0.088878 -0.643112
vn -0.691592 -0.040577 -0.721147
vn 0.915820 0.039210 -0.399670
vn 0.921183 0.093748 -0.377668
vn 0.760409 -0.088814 -0.643343
vn 0.790084 -0.125046 -0.600109
vn -0.915820 0.039210 -0.399670
vn -0.909238 0.010312 -0.416148
vn -0.804187 -0.151563 -0.574728
vn -0.790084 -0.125046 -0.600109
vn 0.910206 0.005802 -0.414115
vn 0.909238 0.010312 -0.416148
vn 0.803299 -0.149272 -0.576566
vn 0.815561 -0.165279 -0.554566
vn -0.823628 -0.174377 -0.539656
vn -0.815561 -0.165279 -0.554566
vn -0.909924 0.006529 -0.414723
vn -0.916148 0.003565 -0.400824
vn 0.815561 -0.165279 -0.554566
vn 0.823628 -0.174377 -0.539656
vn 0.916148 0.003565 -0.400824
vn 0.910206 0.005802 -0.414115
vn -0.820916 -0.125177 -0.557160
vn -0.918182 0.042184 -0.393907
vn -0.908504 0.139362 -0.393952
vn -0.817014 -0.004235 -0.576602
vn 0.822901 -0.125675 -0.554112
vn 0.919463 0.041825 -0.390945
vn 0.916148 0.003565 -0.400824
vn 0.823628 -0.174377 -0.539656
vn -0.797659 0.167949 -0.579252
vn -0.881271 0.248853 -0.401789
vn -0.841660 0.364246 -0.398665
vn -0.752714 0.341492 -0.562855
vn 0.797632 0.167935 -0.579293
vn 0.882300 0.249211 -0.399300
vn 0.908504 0.139362 -0.393952
vn 0.817014 -0.004235 -0.576602
vn -0.711543 0.480496 -0.512670
vn -0.809548 0.448093 -0.379268
vn -0.792745 0.518246 -0.320898
vn -0.702710 0.569198 -0.426864
vn 0.719486 0.475068 -0.506606
vn 0.812698 0.446199 -0.374738
vn 0.841660 0.364246 -0.398665
vn 0.752714 0.341492 -0.562855
vn -0.712363 0.651118 0.261887
vn -0.830070 0.546990 0.108563
vn -0.833702 0.514584 0.200361
vn -0.700161 0.594785 0.394976
vn 0.836155 0.510717 0.200029
vn 0.702434 0.587388 0.401948
vn 0.671542 0.552765 0.493440
vn 0.830272 0.490689 0.264335
vn -0.725690 0.666840 -0.169406
vn -0.801429 0.578875 -0.150383
vn -0.809969 0.586358 -0.011597
vn -0.735231 0.677406 0.023609
vn 0.720401 0.619267 -0.312298
vn 0.792866 0.554932 -0.251819
vn 0.792745 0.518246 -0.320899
vn 0.702710 0.569198 -0.426864
vn -0.830272 0.490689 0.264335
vn -0.815170 0.479284 0.325247
vn -0.631056 0.527844 0.568462
vn -0.671541 0.552765 0.493440
vn 0.783197 0.468954 0.408270
vn 0.816514 0.476834 0.325476
vn 0.632531 0.522349 0.571889
vn 0.561165 0.487736 0.668736
vn -0.463379 0.454929 0.760473
vn -0.562982 0.484955 0.669231
vn -0.783197 0.468954 0.408270
vn -0.724765 0.461154 0.511910
vn 0.561165 0.487736 0.668736
vn 0.463379 0.454929 0.760473
vn 0.724765 0.461154 0.511910
vn 0.783197 0.468954 0.408270
vn -0.241741 0.425852 0.871901
vn -0.626322 0.469158 0.622585
vn -0.479526 0.496583 0.723505
vn 0.150015 0.351192 0.924208
vn 0.241741 0.425852 0.871901
vn 0.625573 0.472219 0.621022
vn 0.724765 0.461154 0.511910
vn 0.463379 0.454929 0.760473
vn 0.539407 0.226569 0.810991
vn -0.235128 0.519924 0.821215
vn 0.121949 0.552234 0.824722
vn 0.779639 0.107794 0.616882
vn -0.539447 0.226539 0.810973
vn 0.235355 0.541829 0.806864
vn 0.479526 0.496584 0.723505
vn -0.150015 0.351192 0.924208
vn -0.963911 0.254281 -0.078851
vn -0.921615 0.093223 -0.376742
vn -0.901026 0.215761 -0.376298
vn -0.919945 0.387786 -0.057648
vn 0.963914 0.254373 -0.078510
vn 0.921183 0.093748 -0.377668
vn 0.915820 0.039210 -0.399670
vn 0.969797 0.203042 -0.135161
vn -0.969797 0.203042 -0.135161
vn -0.966109 0.175947 -0.188883
vn -0.909238 0.010312 -0.416148
vn -0.915820 0.039210 -0.399670
vn 0.959038 0.170479 -0.226236
vn 0.966109 0.175947 -0.188883
vn 0.909238 0.010312 -0.416148
vn 0.910206 0.005802 -0.414115
vn -0.958763 0.171239 -0.226828
vn -0.957457 0.165522 -0.236385
vn -0.916148 0.003565 -0.400824
vn -0.909924 0.006529 -0.414723
vn 0.957457 0.165522 -0.236385
vn 0.959038 0.170479 -0.226236
vn 0.910206 0.005802 -0.414115
vn 0.916148 0.003565 -0.400824
vn -0.908504 0.139362 -0.393952
vn -0.918182 0.042184 -0.393907
vn -0.955147 0.189705 -0.227388
vn -0.941721 0.255930 -0.218317
vn 0.916148 0.003565 -0.400824
vn 0.919463 0.041825 -0.390945
vn 0.955862 0.189319 -0.224691
vn 0.957457 0.165522 -0.236385
vn -0.881271 0.248853 -0.401789
vn -0.917748 0.325641 -0.227369
vn -0.883535 0.396274 -0.249664
vn -0.841660 0.364246 -0.398665
vn 0.882300 0.249211 -0.399300
vn 0.913894 0.335214 -0.228973
vn 0.941721 0.255930 -0.218317
vn 0.908504 0.139362 -0.393952
vn -0.809548 0.448093 -0.379268
vn -0.859724 0.441070 -0.257550
vn -0.836033 0.489306 -0.248251
vn -0.792745 0.518246 -0.320898
vn 0.883535 0.396274 -0.249664
vn 0.841660 0.364246 -0.398665
vn 0.812698 0.446199 -0.374738
vn 0.853377 0.455013 -0.254384
vn -0.801429 0.578875 -0.150383
vn -0.841741 0.517822 -0.152750
vn -0.857954 0.507340 -0.080751
vn -0.809969 0.586358 -0.011597
vn 0.836033 0.489306 -0.248252
vn 0.792745 0.518246 -0.320899
vn 0.792866 0.554932 -0.251819
vn 0.844378 0.496015 -0.202474
vn -0.893571 0.447338 0.037681
vn -0.833702 0.514584 0.200361
vn -0.830070 0.546990 0.108563
vn -0.880800 0.473074 -0.019798
vn 0.830272 0.490689 0.264335
vn 0.905354 0.418343 0.072958
vn 0.897121 0.440397 0.035006
vn 0.836155 0.510717 0.200029
vn -0.905354 0.418344 0.072958
vn -0.908265 0.403710 0.109880
vn -0.815170 0.479284 0.325247
vn -0.830272 0.490689 0.264335
vn 0.901907 0.402486 0.156741
vn 0.909369 0.401439 0.109062
vn 0.816514 0.476834 0.325476
vn 0.783197 0.468954 0.408270
vn -0.901907 0.402486 0.156741
vn -0.878528 0.407149 0.249836
vn -0.724765 0.461154 0.511910
vn -0.783197 0.468954 0.408270
vn 0.878528 0.407149 0.249836
vn 0.901907 0.402486 0.156741
vn 0.783197 0.468954 0.408270
vn 0.724765 0.461154 0.511910
vn -0.479526 0.496583 0.723505
vn -0.626322 0.469158 0.622585
vn -0.833743 0.422461 0.355526
vn -0.782403 0.452870 0.427498
vn 0.724765 0.461154 0.511910
vn 0.625573 0.472219 0.621022
vn 0.833372 0.423787 0.354818
vn 0.878528 0.407149 0.249836
vn -0.235128 0.519924 0.821215
vn -0.733709 0.495573 0.464843
vn -0.616439 0.614569 0.492248
vn 0.121949 0.552234 0.824722
vn 0.235355 0.541829 0.806864
vn 0.734163 0.496537 0.463093
vn 0.782403 0.452870 0.427498
vn 0.479526 0.496584 0.723505
vn -0.835114 0.511974 0.201164
vn -0.901112 0.385645 0.198181
vn -0.963911 0.254281 -0.078851
vn -0.919945 0.387786 -0.057648
vn 0.922667 0.350097 0.161612
vn 0.901112 0.385645 0.198181
vn 0.963914 0.254373 -0.078510
vn 0.969797 0.203042 -0.135161
vn -0.922717 0.350994 0.159361
vn -0.942059 0.323705 0.087973
vn -0.966109 0.175947 -0.188883
vn -0.969797 0.203042 -0.135161
vn 0.950350 0.311143 0.004951
vn 0.942040 0.323858 0.087616
vn 0.966109 0.175947 -0.188883
vn 0.959038 0.170479 -0.226236
vn -0.957457 0.165522 -0.236385
vn -0.958763 0.171239 -0.226828
vn -0.950208 0.311574 0.005109
vn -0.951660 0.303661 -0.046193
vn 0.959038 0.170479 -0.226236
vn 0.957457 0.165522 -0.236385
vn 0.951655 0.303697 -0.046049
vn 0.950350 0.311143 0.004951
vn -0.941721 0.255930 -0.218317
vn -0.955147 0.189705 -0.227388
vn -0.949655 0.306972 -0.062637
vn -0.935858 0.344682 -0.073232
vn 0.957457 0.165522 -0.236385
vn 0.955862 0.189319 -0.224691
vn 0.949668 0.306929 -0.062658
vn 0.951655 0.303697 -0.046049
vn -0.431019 0.701262 -0.567851
vn -0.441427 0.790890 -0.423833
vn 0.796719 0.457419 -0.394976
vn 0.733856 0.426552 -0.528686
vn -0.792745 0.518246 -0.320898
vn -0.792087 0.555081 -0.253938
vn -0.714440 0.620078 -0.324157
vn -0.702710 0.569198 -0.426864
vn -0.792745 0.518246 -0.320898
vn -0.836033 0.489306 -0.248251
vn -0.844326 0.496087 -0.202512
vn -0.792087 0.555081 -0.253938
vn 0.404307 0.831699 0.380542
vn 0.405371 0.912784 0.050009
vn -0.813171 0.572462 0.105067
vn -0.777455 0.508830 0.369670
vn 0.830070 0.546990 0.108563
vn 0.823555 0.567167 -0.008920
vn 0.736790 0.674789 0.042423
vn 0.712363 0.651118 0.261887
vn 0.867977 0.490440 -0.077999
vn 0.823555 0.567167 -0.008920
vn 0.830070 0.546990 0.108563
vn 0.880800 0.473074 -0.019799
vn -0.917748 0.325641 -0.227369
vn -0.918244 0.385337 -0.091341
vn -0.894092 0.429529 -0.126904
vn -0.883535 0.396274 -0.249664
vn 0.918244 0.385338 -0.091340
vn 0.935829 0.344714 -0.073456
vn 0.941721 0.255930 -0.218317
vn 0.913894 0.335214 -0.228973
vn -0.875489 0.456705 -0.157922
vn -0.844326 0.496087 -0.202512
vn -0.836033 0.489306 -0.248251
vn -0.859724 0.441070 -0.257550
vn 0.853377 0.455013 -0.254384
vn 0.875531 0.456647 -0.157857
vn 0.894043 0.429244 -0.128203
vn 0.883535 0.396274 -0.249664
vn 0.777455 0.508830 0.369670
vn 0.741040 0.245489 0.624976
vn 0.815955 -0.530302 -0.230211
vn 0.820770 -0.551099 -0.150421
vn -0.784920 0.041295 0.618220
vn -0.747971 0.235111 0.620694
vn -0.812106 -0.535070 -0.232776
vn -0.807975 -0.488516 -0.329436
vn -0.303336 -0.250387 0.919399
vn -0.000000 -0.385928 0.922529
vn 0.044830 0.004955 0.998982
vn -0.440705 0.059937 0.895649
vn -0.000000 -0.385928 0.922529
vn 0.303335 -0.250387 0.919399
vn 0.448941 0.039148 0.892704
vn 0.044830 0.004955 0.998982
vn 0.290360 0.475215 0.830579
vn 0.548722 0.307194 0.777519
vn 0.563099 0.509597 0.650562
vn 0.255681 0.679911 0.687276
vn -0.548721 0.307194 0.777519
vn -0.289470 0.476033 0.830422
vn -0.253013 0.680532 0.687649
vn -0.563099 0.509597 0.650562
vn -0.000097 0.456982 0.889476
vn -0.289470 0.476033 0.830422
vn -0.548721 0.307194 0.777519
vn -0.000000 0.217794 0.975995
vn 0.290360 0.475215 0.830579
vn -0.000097 0.456982 0.889476
vn -0.000000 0.217794 0.975995
vn 0.548722 0.307194 0.777519
vn -0.253013 0.680532 0.687649
vn -0.289470 0.476033 0.830422
vn -0.000097 0.456982 0.889476
vn 0.003993 0.726768 0.686871
vn 0.290360 0.475215 0.830579
vn 0.255681 0.679911 0.687276
vn 0.003993 0.726768 0.686871
vn -0.000097 0.456982 0.889476
vn 0.796913 -0.004140 0.604080
vn 0.832243 -0.066114 0.550455
vn 0.830488 -0.376524 -0.410511
vn 0.816982 -0.417983 -0.397280
vn -0.832243 -0.066114 0.550455
vn -0.796951 -0.004128 0.604030
vn -0.816981 -0.417983 -0.397280
vn -0.830488 -0.376524 -0.410511
vn 0.777900 -0.384936 -0.496685
vn 0.955429 -0.295009 -0.011174
vn 0.942938 -0.235616 -0.235273
vn 0.536874 -0.360964 -0.762543
vn -0.782136 -0.377365 -0.495842
vn -0.955427 -0.295012 -0.011283
vn -0.954990 -0.193605 0.224747
vn -0.822503 -0.345679 -0.451658
vn 0.835061 -0.349138 -0.425178
vn 0.898705 -0.130977 0.418537
vn 0.954990 -0.193605 0.224747
vn 0.822503 -0.345679 -0.451658
vn -0.835036 -0.349148 -0.425218
vn -0.898541 -0.126761 0.420186
vn -0.832243 -0.066114 0.550455
vn -0.830488 -0.376524 -0.410511
vn 0.814377 0.009219 0.580263
vn 0.804777 -0.457374 -0.378342
vn 0.807975 -0.488516 -0.329436
vn 0.784919 0.041294 0.618220
vn -0.817814 0.009642 0.575402
vn -0.804367 -0.458474 -0.377881
vn -0.816981 -0.417983 -0.397280
vn -0.796951 -0.004128 0.604030
vn -0.882061 -0.442102 0.162830
vn -0.791277 0.471483 -0.389339
vn -0.733856 0.426552 -0.528685
vn -0.894247 -0.400677 0.199448
vn 0.733856 0.426552 -0.528686
vn 0.796719 0.457419 -0.394976
vn 0.881675 -0.441569 0.166332
vn 0.894247 -0.400678 0.199447
vn -0.813171 0.572462 0.105067
vn -0.847453 -0.530430 -0.021614
vn -0.820770 -0.551099 -0.150422
vn -0.777455 0.508830 0.369670
vn 0.868051 -0.490279 0.078188
vn 0.763868 0.599072 -0.240040
vn 0.815300 0.577851 0.037060
vn 0.850206 -0.525933 -0.023340
vn 0.929559 -0.283816 0.235304
vn 0.515324 -0.314770 -0.797095
vn 0.544886 -0.035257 -0.837769
vn 0.928003 -0.307784 0.209952
vn -0.928876 -0.286037 0.235315
vn -0.515068 -0.315927 -0.796803
vn -0.392708 -0.524433 -0.755480
vn -0.934594 -0.247728 0.255275
vn 0.449661 -0.752609 -0.481025
vn 0.394340 -0.748980 -0.532470
vn 0.937001 -0.180629 0.299002
vn 0.937789 -0.174946 0.299909
vn -0.394340 -0.748980 -0.532470
vn -0.449661 -0.752609 -0.481025
vn -0.937789 -0.174946 0.299909
vn -0.937001 -0.180629 0.299002
vn 0.695367 -0.359268 -0.622408
vn 0.595790 -0.500960 -0.627752
vn 0.976888 -0.180606 0.114327
vn 0.990442 -0.128310 0.050614
vn -0.546726 -0.605145 -0.578698
vn -0.600811 -0.486276 -0.634477
vn -0.976888 -0.180606 0.114327
vn -0.964766 -0.180354 0.191568
vn 0.490961 -0.706200 -0.510136
vn 0.948589 -0.176871 0.262479
vn 0.964766 -0.180354 0.191568
vn 0.546726 -0.605145 -0.578698
vn -0.937789 -0.174946 0.299909
vn -0.449661 -0.752609 -0.481025
vn -0.493893 -0.701589 -0.513656
vn -0.948932 -0.175124 0.262412
vn 0.392708 -0.524433 -0.755480
vn 0.934594 -0.247728 0.255275
vn 0.939634 -0.201752 0.276376
vn 0.413531 -0.671337 -0.615060
vn -0.939596 -0.201684 0.276556
vn -0.408540 -0.675917 -0.613377
vn -0.394340 -0.748980 -0.532470
vn -0.937001 -0.180629 0.299002
vn 0.894247 -0.400678 0.199447
vn 0.910854 -0.353609 0.212854
vn 0.654892 0.252031 -0.712458
vn 0.733856 0.426552 -0.528686
vn -0.928003 -0.307784 0.209952
vn -0.912070 -0.352420 0.209590
vn -0.636365 0.244825 -0.731506
vn -0.544886 -0.035257 -0.837769
vn 0.880499 -0.340000 -0.330336
vn 0.895922 -0.337729 -0.288554
vn 0.840411 -0.355147 -0.409366
vn 0.825897 -0.354148 -0.438719
vn -0.937789 -0.174946 0.299909
vn -0.948932 -0.175124 0.262412
vn -0.959703 -0.177662 0.217731
vn -0.943966 -0.164221 0.286287
vn 0.854888 -0.407587 -0.320998
vn 0.848942 -0.370527 -0.376838
vn 0.911913 -0.340823 -0.228592
vn 0.916575 -0.371584 -0.147703
vn -0.937789 -0.174946 0.299909
vn -0.943966 -0.164221 0.286287
vn -0.935146 -0.169926 0.310849
vn -0.937001 -0.180629 0.299002
vn 0.865744 -0.468887 -0.175022
vn 0.862418 -0.436399 -0.256497
vn 0.912853 -0.400836 -0.077654
vn 0.904899 -0.425615 -0.003149
vn -0.937001 -0.180629 0.299002
vn -0.935146 -0.169926 0.310849
vn -0.928007 -0.202191 0.312925
vn -0.939596 -0.201684 0.276556
vn 0.881675 -0.441569 0.166332
vn 0.895673 -0.412383 0.166464
vn 0.902454 -0.361639 0.234079
vn 0.894247 -0.400678 0.199447
vn -0.916345 -0.374469 0.141721
vn -0.895691 -0.412370 0.166401
vn -0.902454 -0.361639 0.234079
vn -0.916652 -0.318924 0.240907
vn 0.902454 -0.361639 0.234079
vn 0.910532 -0.314302 0.268601
vn 0.910854 -0.353609 0.212854
vn 0.894247 -0.400678 0.199447
vn -0.934594 -0.247728 0.255275
vn -0.919660 -0.259915 0.294396
vn -0.910531 -0.314272 0.268638
vn -0.928876 -0.286037 0.235315
vn 0.850206 -0.525933 -0.023340
vn 0.855307 -0.510149 -0.090548
vn 0.882104 -0.467800 0.055282
vn 0.868051 -0.490279 0.078188
vn -0.812106 -0.535070 -0.232776
vn -0.855285 -0.510181 -0.090573
vn -0.866913 -0.466959 -0.174388
vn -0.807975 -0.488516 -0.329436
vn 0.968945 -0.238637 0.064789
vn 0.946473 -0.298666 -0.122425
vn 0.930325 -0.310995 -0.194367
vn 0.964539 -0.261325 -0.037068
vn 0.947906 -0.316153 0.039012
vn 0.953236 -0.299409 -0.041176
vn 0.960907 -0.232444 0.150427
vn 0.948992 -0.241120 0.203164
vn 0.916649 -0.318902 0.240948
vn 0.916218 -0.374623 0.142134
vn 0.934443 -0.342809 0.096431
vn 0.934029 -0.270915 0.232798
vn -0.852573 -0.365270 -0.373761
vn -0.840411 -0.355147 -0.409366
vn -0.835036 -0.349148 -0.425218
vn -0.830488 -0.376524 -0.410511
vn -0.857850 -0.399907 -0.322750
vn -0.852573 -0.365270 -0.373761
vn -0.830488 -0.376524 -0.410511
vn -0.816981 -0.417983 -0.397280
vn -0.804367 -0.458474 -0.377881
vn -0.862403 -0.436403 -0.256540
vn -0.857850 -0.399907 -0.322750
vn -0.816981 -0.417983 -0.397280
vn 0.974880 -0.187636 0.120006
vn 0.959703 -0.177662 0.217731
vn 0.968945 -0.238637 0.064789
vn 0.964539 -0.261325 -0.037068
vn 0.948992 -0.241120 0.203164
vn 0.960907 -0.232444 0.150427
vn 0.943565 -0.167694 0.285595
vn 0.934602 -0.171302 0.311727
vn 0.916649 -0.318902 0.240948
vn 0.934029 -0.270915 0.232798
vn 0.928007 -0.202190 0.312924
vn 0.919079 -0.261515 0.294794
vn -0.962583 -0.227400 0.147385
vn -0.968944 -0.238627 0.064834
vn -0.946473 -0.298666 -0.122425
vn -0.953485 -0.298843 -0.039498
vn -0.947699 -0.242026 0.208064
vn -0.962583 -0.227400 0.147385
vn -0.953485 -0.298843 -0.039498
vn -0.947991 -0.315885 0.039103
vn -0.947991 -0.315885 0.039103
vn -0.934443 -0.342809 0.096431
vn -0.934030 -0.270942 0.232761
vn -0.947699 -0.242026 0.208064
vn 0.762004 0.330460 -0.556907
vn 0.536874 -0.360964 -0.762543
vn 0.942938 -0.235616 -0.235273
vn 0.969691 0.092356 -0.226207
vn -0.536873 -0.360964 -0.762543
vn -0.762005 0.330460 -0.556907
vn -0.969691 0.092356 -0.226207
vn -0.942938 -0.235616 -0.235273
vn 0.997901 0.018576 0.062036
vn 0.843394 0.459256 -0.278875
vn 0.991710 0.036699 -0.123144
vn 0.785193 -0.197725 -0.586836
vn -0.979608 0.082304 -0.183289
vn -0.897948 0.398248 -0.187318
vn -0.997901 0.018576 0.062036
vn -0.785193 -0.197725 -0.586836
vn 0.785193 -0.197725 -0.586836
vn 0.695367 -0.359268 -0.622408
vn 0.990442 -0.128310 0.050614
vn 0.997901 0.018576 0.062036
vn -0.695367 -0.359268 -0.622408
vn -0.785193 -0.197725 -0.586836
vn -0.997901 0.018576 0.062036
vn -0.990442 -0.128309 0.050614
vn 0.920543 -0.353487 -0.166272
vn 0.998222 -0.051413 -0.030149
vn 0.994350 -0.094172 0.048982
vn 0.951382 -0.283546 -0.120309
vn -0.897948 0.398248 -0.187318
vn -0.998222 -0.051413 -0.030149
vn -0.988523 -0.123663 0.086769
vn -0.997901 0.018576 0.062036
vn 0.954729 -0.264812 -0.135525
vn 0.951382 -0.283546 -0.120309
vn 0.994350 -0.094172 0.048982
vn 0.988141 -0.151092 0.027346
vn -0.988523 -0.123663 0.086769
vn -0.984667 -0.169870 0.039700
vn -0.990442 -0.128309 0.050614
vn -0.997901 0.018576 0.062036
vn 0.746029 -0.435742 -0.503556
vn 0.649318 -0.250228 -0.718172
vn 0.875256 -0.406584 -0.261949
vn 0.871399 -0.372023 -0.319785
vn -0.749883 -0.440762 -0.493361
vn -0.649385 -0.257635 -0.715489
vn -0.762005 0.330460 -0.556907
vn -0.536873 -0.360964 -0.762543
vn 0.954990 -0.193605 0.224747
vn 0.955429 -0.295009 -0.011174
vn 0.777900 -0.384936 -0.496685
vn 0.822503 -0.345679 -0.451658
vn 0.542032 0.125726 0.830900
vn 0.811137 -0.043503 0.583236
vn 0.955429 -0.295009 -0.011174
vn 0.954990 -0.193605 0.224747
vn -0.479526 0.496583 0.723505
vn -0.235128 0.519924 0.821215
vn 0.539407 0.226569 0.810991
vn 0.150015 0.351192 0.924208
vn -0.782403 0.452870 0.427498
vn -0.733709 0.495573 0.464843
vn -0.235128 0.519924 0.821215
vn -0.479526 0.496583 0.723505
vn -0.963911 0.254281 -0.078851
vn -0.901112 0.385645 0.198181
vn -0.922717 0.350994 0.159361
vn -0.969797 0.203042 -0.135161
vn -0.915820 0.039210 -0.399670
vn -0.921615 0.093223 -0.376742
vn -0.963911 0.254281 -0.078851
vn -0.969797 0.203042 -0.135161
vn -0.760597 -0.088878 -0.643112
vn -0.921615 0.093223 -0.376742
vn -0.915820 0.039210 -0.399670
vn -0.790084 -0.125046 -0.600109
vn 0.546726 -0.605145 -0.578698
vn 0.595790 -0.500960 -0.627752
vn -0.457397 -0.298513 -0.837662
vn -0.564783 -0.323436 -0.759216
vn 0.976888 -0.180606 0.114327
vn 0.595790 -0.500960 -0.627752
vn 0.546726 -0.605145 -0.578698
vn 0.964766 -0.180354 0.191568
vn -0.942938 -0.235616 -0.235273
vn -0.955427 -0.295012 -0.011283
vn -0.782136 -0.377365 -0.495842
vn -0.536873 -0.360964 -0.762543
vn -0.930779 -0.123932 0.343935
vn -0.811067 -0.044481 0.583259
vn -0.955427 -0.295012 -0.011283
vn -0.942938 -0.235616 -0.235273
vn -0.121949 0.552234 0.824722
vn 0.235355 0.541829 0.806864
vn -0.539447 0.226539 0.810973
vn -0.779639 0.107794 0.616882
vn 0.616439 0.614569 0.492248
vn 0.734163 0.496537 0.463093
vn 0.235355 0.541829 0.806864
vn -0.121949 0.552234 0.824722
vn 0.963914 0.254373 -0.078510
vn 0.901112 0.385645 0.198181
vn 0.835185 0.509955 0.205943
vn 0.919945 0.387786 -0.057648
vn 0.901026 0.215761 -0.376298
vn 0.921183 0.093748 -0.377668
vn 0.963914 0.254373 -0.078510
vn 0.919945 0.387786 -0.057648
vn 0.760409 -0.088814 -0.643343
vn 0.921183 0.093748 -0.377668
vn 0.901026 0.215761 -0.376298
vn 0.691592 -0.040577 -0.721147
vn -0.600811 -0.486276 -0.634477
vn 0.457397 -0.298513 -0.837662
vn 0.241868 -0.328872 -0.912877
vn -0.695367 -0.359268 -0.622408
vn -0.976888 -0.180606 0.114327
vn -0.600811 -0.486276 -0.634477
vn -0.695367 -0.359268 -0.622408
vn -0.990442 -0.128309 0.050614
vn 0.956255 -0.271587 -0.108703
vn 0.954729 -0.264812 -0.135525
vn 0.988141 -0.151092 0.027346
vn 0.980487 -0.185502 0.065063
vn -0.984667 -0.169870 0.039700
vn -0.979097 -0.191639 0.068151
vn -0.976888 -0.180606 0.114327
vn -0.990442 -0.128309 0.050614
vn 0.871399 -0.372023 -0.319785
vn 0.866193 -0.350826 -0.355853
vn 0.798006 -0.377456 -0.469801
vn 0.746029 -0.435742 -0.503556
vn -0.798741 -0.384129 -0.463096
vn -0.749883 -0.440762 -0.493361
vn -0.536873 -0.360964 -0.762543
vn -0.782136 -0.377365 -0.495842
vn 0.866193 -0.350826 -0.355853
vn 0.880499 -0.340000 -0.330336
vn 0.825897 -0.354148 -0.438719
vn 0.798006 -0.377456 -0.469801
vn -0.822249 -0.359383 -0.441305
vn -0.798741 -0.384129 -0.463096
vn -0.782136 -0.377365 -0.495842
vn -0.822503 -0.345679 -0.451658
vn 0.980487 -0.185502 0.065063
vn 0.974880 -0.187636 0.120006
vn 0.964539 -0.261325 -0.037068
vn 0.956255 -0.271587 -0.108703
vn -0.964766 -0.180354 0.191568
vn -0.976888 -0.180606 0.114327
vn -0.979097 -0.191639 0.068151
vn -0.972078 -0.192402 0.134337
vn 0.956255 -0.271587 -0.108703
vn 0.964539 -0.261325 -0.037068
vn 0.930325 -0.310995 -0.194367
vn 0.918638 -0.317340 -0.235371
vn -0.964120 -0.263004 -0.036082
vn -0.956255 -0.271587 -0.108703
vn -0.917709 -0.319374 -0.236244
vn -0.930361 -0.310970 -0.194231
vn 0.954729 -0.264812 -0.135525
vn 0.956255 -0.271587 -0.108703
vn 0.918638 -0.317340 -0.235371
vn 0.919242 -0.314626 -0.236652
vn -0.956255 -0.271587 -0.108703
vn -0.954729 -0.264813 -0.135525
vn -0.918783 -0.314536 -0.238549
vn -0.917709 -0.319374 -0.236244
vn 0.919242 -0.314626 -0.236652
vn 0.920543 -0.353487 -0.166272
vn 0.951382 -0.283546 -0.120309
vn 0.954729 -0.264812 -0.135525
vn -0.951382 -0.283546 -0.120309
vn -0.924866 -0.342926 -0.164389
vn -0.918783 -0.314536 -0.238549
vn -0.954729 -0.264813 -0.135525
vn 0.449661 -0.752609 -0.481025
vn 0.937789 -0.174946 0.299909
vn 0.948589 -0.176871 0.262479
vn 0.490961 -0.706200 -0.510136
vn 0.968945 -0.238637 0.064789
vn 0.959703 -0.177662 0.217731
vn 0.943565 -0.167694 0.285595
vn 0.960907 -0.232444 0.150427
vn 0.953236 -0.299409 -0.041176
vn 0.946473 -0.298666 -0.122425
vn 0.968945 -0.238637 0.064789
vn 0.960907 -0.232444 0.150427
vn 0.848942 -0.370527 -0.376838
vn 0.840411 -0.355147 -0.409366
vn 0.895922 -0.337729 -0.288554
vn 0.911913 -0.340823 -0.228592
vn 0.832243 -0.066114 0.550455
vn 0.898705 -0.130977 0.418537
vn 0.835061 -0.349138 -0.425178
vn 0.830488 -0.376524 -0.410511
vn -0.115455 0.361984 0.925007
vn 0.156300 0.276935 0.948091
vn 0.898705 -0.130977 0.418537
vn 0.832243 -0.066114 0.550455
vn -0.724765 0.461154 0.511910
vn -0.626322 0.469158 0.622585
vn -0.241741 0.425852 0.871901
vn -0.463379 0.454929 0.760473
vn -0.833743 0.422461 0.355526
vn -0.626322 0.469158 0.622585
vn -0.724765 0.461154 0.511910
vn -0.878528 0.407149 0.249836
vn -0.966109 0.175947 -0.188883
vn -0.942059 0.323705 0.087973
vn -0.950208 0.311574 0.005109
vn -0.958763 0.171239 -0.226828
vn -0.909238 0.010312 -0.416148
vn -0.966109 0.175947 -0.188883
vn -0.958763 0.171239 -0.226828
vn -0.909924 0.006529 -0.414723
vn -0.804187 -0.151563 -0.574728
vn -0.909238 0.010312 -0.416148
vn -0.909924 0.006529 -0.414723
vn -0.815561 -0.165279 -0.554566
vn 0.449661 -0.752609 -0.481025
vn 0.490961 -0.706200 -0.510136
vn -0.623586 -0.346875 -0.700584
vn -0.662347 -0.343544 -0.665788
vn -0.948932 -0.175124 0.262412
vn -0.493893 -0.701589 -0.513656
vn -0.546726 -0.605145 -0.578698
vn -0.964766 -0.180354 0.191568
vn -0.972078 -0.192402 0.134337
vn -0.959703 -0.177662 0.217731
vn -0.948932 -0.175124 0.262412
vn -0.964766 -0.180354 0.191568
vn -0.930361 -0.310970 -0.194231
vn -0.946473 -0.298666 -0.122425
vn -0.968944 -0.238627 0.064834
vn -0.964120 -0.263004 -0.036082
vn -0.835036 -0.349148 -0.425218
vn -0.840411 -0.355147 -0.409366
vn -0.822249 -0.359383 -0.441305
vn -0.822503 -0.345679 -0.451658
vn -0.954990 -0.193605 0.224747
vn -0.898541 -0.126761 0.420186
vn -0.835036 -0.349148 -0.425218
vn -0.822503 -0.345679 -0.451658
vn -0.548355 0.120803 0.827474
vn -0.156301 0.276936 0.948091
vn -0.898541 -0.126761 0.420186
vn -0.954990 -0.193605 0.224747
vn 0.479526 0.496584 0.723505
vn 0.625573 0.472219 0.621022
vn 0.241741 0.425852 0.871901
vn -0.150015 0.351192 0.924208
vn 0.833372 0.423787 0.354818
vn 0.625573 0.472219 0.621022
vn 0.479526 0.496584 0.723505
vn 0.782403 0.452870 0.427498
vn 0.966109 0.175947 -0.188883
vn 0.942040 0.323858 0.087616
vn 0.922667 0.350097 0.161612
vn 0.969797 0.203042 -0.135161
vn 0.909238 0.010312 -0.416148
vn 0.966109 0.175947 -0.188883
vn 0.969797 0.203042 -0.135161
vn 0.915820 0.039210 -0.399670
vn 0.803299 -0.149272 -0.576566
vn 0.909238 0.010312 -0.416148
vn 0.915820 0.039210 -0.399670
vn 0.790084 -0.125046 -0.600109
vn -0.493893 -0.701589 -0.513656
vn 0.623586 -0.346875 -0.700585
vn 0.566040 -0.327214 -0.756657
vn -0.546726 -0.605145 -0.578698
vn -0.916148 0.003565 -0.400824
vn -0.918182 0.042184 -0.393907
vn -0.820916 -0.125177 -0.557160
vn -0.823628 -0.174377 -0.539656
vn -0.955147 0.189705 -0.227388
vn -0.918182 0.042184 -0.393907
vn -0.916148 0.003565 -0.400824
vn -0.957457 0.165522 -0.236385
vn -0.951660 0.303661 -0.046193
vn -0.949655 0.306972 -0.062637
vn -0.955147 0.189705 -0.227388
vn -0.957457 0.165522 -0.236385
vn -0.815170 0.479284 0.325247
vn -0.908265 0.403710 0.109880
vn -0.901907 0.402486 0.156741
vn -0.783197 0.468954 0.408270
vn -0.631056 0.527844 0.568462
vn -0.815170 0.479284 0.325247
vn -0.783197 0.468954 0.408270
vn -0.562982 0.484955 0.669231
vn -0.354714 0.516227 0.779543
vn -0.268201 0.444746 0.854558
vn 0.796913 -0.004140 0.604080
vn 0.814377 0.009219 0.580263
vn 0.816982 -0.417983 -0.397280
vn 0.804777 -0.457374 -0.378342
vn 0.814377 0.009219 0.580263
vn 0.796913 -0.004140 0.604080
vn 0.862418 -0.436399 -0.256497
vn 0.854888 -0.407587 -0.320998
vn 0.916575 -0.371584 -0.147703
vn 0.912853 -0.400836 -0.077654
vn 0.934029 -0.270915 0.232798
vn 0.934443 -0.342809 0.096431
vn 0.947906 -0.316153 0.039012
vn 0.948992 -0.241120 0.203164
vn 0.934602 -0.171302 0.311727
vn 0.928007 -0.202190 0.312924
vn 0.934029 -0.270915 0.232798
vn 0.948992 -0.241120 0.203164
vn 0.413531 -0.671337 -0.615060
vn 0.939634 -0.201752 0.276376
vn 0.937001 -0.180629 0.299002
vn 0.394340 -0.748980 -0.532470
vn -0.680179 -0.357716 -0.639840
vn -0.694159 -0.266218 -0.668784
vn 0.413531 -0.671337 -0.615060
vn 0.394340 -0.748980 -0.532470
vn 0.908504 0.139362 -0.393952
vn 0.919463 0.041825 -0.390945
vn 0.822901 -0.125675 -0.554112
vn 0.817014 -0.004235 -0.576602
vn 0.955862 0.189319 -0.224691
vn 0.919463 0.041825 -0.390945
vn 0.908504 0.139362 -0.393952
vn 0.941721 0.255930 -0.218317
vn 0.935829 0.344714 -0.073456
vn 0.949668 0.306929 -0.062658
vn 0.955862 0.189319 -0.224691
vn 0.941721 0.255930 -0.218317
vn 0.816514 0.476834 0.325476
vn 0.909369 0.401439 0.109062
vn 0.905354 0.418343 0.072958
vn 0.830272 0.490689 0.264335
vn 0.632531 0.522349 0.571889
vn 0.816514 0.476834 0.325476
vn 0.830272 0.490689 0.264335
vn 0.671542 0.552765 0.493440
vn -0.784920 0.041295 0.618220
vn -0.817814 0.009642 0.575402
vn 0.354714 0.516227 0.779543
vn 0.391534 0.563687 0.727296
vn -0.807975 -0.488516 -0.329436
vn -0.804367 -0.458474 -0.377881
vn -0.817814 0.009642 0.575402
vn -0.784920 0.041295 0.618220
vn -0.866913 -0.466959 -0.174388
vn -0.862403 -0.436403 -0.256540
vn -0.804367 -0.458474 -0.377881
vn -0.807975 -0.488516 -0.329436
vn -0.934443 -0.342809 0.096431
vn -0.916345 -0.374469 0.141721
vn -0.916652 -0.318924 0.240907
vn -0.934030 -0.270942 0.232761
vn -0.939596 -0.201684 0.276556
vn -0.928007 -0.202191 0.312925
vn -0.919660 -0.259915 0.294396
vn -0.934594 -0.247728 0.255275
vn -0.934594 -0.247728 0.255275
vn -0.392708 -0.524433 -0.755480
vn -0.408540 -0.675917 -0.613377
vn -0.939596 -0.201684 0.276556
vn 0.659829 -0.131370 -0.739843
vn 0.694158 -0.266216 -0.668785
vn -0.408540 -0.675917 -0.613377
vn -0.392708 -0.524433 -0.755480
vn -0.841660 0.364246 -0.398665
vn -0.809548 0.448093 -0.379268
vn -0.711543 0.480496 -0.512670
vn -0.752714 0.341492 -0.562855
vn -0.841660 0.364246 -0.398665
vn -0.883535 0.396274 -0.249664
vn -0.859724 0.441070 -0.257550
vn -0.809548 0.448093 -0.379268
vn -0.894092 0.429529 -0.126904
vn -0.875489 0.456705 -0.157922
vn -0.859724 0.441070 -0.257550
vn -0.883535 0.396274 -0.249664
vn -0.809969 0.586358 -0.011597
vn -0.857954 0.507340 -0.080751
vn -0.880800 0.473074 -0.019798
vn -0.830070 0.546990 0.108563
vn -0.735231 0.677406 0.023609
vn -0.809969 0.586358 -0.011597
vn -0.830070 0.546990 0.108563
vn -0.712363 0.651118 0.261887
vn 0.815300 0.577851 0.037060
vn -0.405371 0.912783 0.050009
vn -0.421346 0.809495 0.408884
vn 0.777455 0.508830 0.369670
vn 0.850206 -0.525933 -0.023340
vn 0.815300 0.577851 0.037060
vn 0.777455 0.508830 0.369670
vn 0.820770 -0.551099 -0.150421
vn 0.815955 -0.530302 -0.230211
vn 0.855307 -0.510149 -0.090548
vn 0.850206 -0.525933 -0.023340
vn 0.820770 -0.551099 -0.150421
vn 0.804777 -0.457374 -0.378342
vn 0.862418 -0.436399 -0.256497
vn 0.865744 -0.468887 -0.175022
vn 0.807975 -0.488516 -0.329436
vn 0.816982 -0.417983 -0.397280
vn 0.854888 -0.407587 -0.320998
vn 0.862418 -0.436399 -0.256497
vn 0.804777 -0.457374 -0.378342
vn 0.830488 -0.376524 -0.410511
vn 0.848942 -0.370527 -0.376838
vn 0.854888 -0.407587 -0.320998
vn 0.816982 -0.417983 -0.397280
vn 0.835061 -0.349138 -0.425178
vn 0.840411 -0.355147 -0.409366
vn 0.848942 -0.370527 -0.376838
vn 0.830488 -0.376524 -0.410511
vn 0.825897 -0.354148 -0.438719
vn 0.840411 -0.355147 -0.409366
vn 0.835061 -0.349138 -0.425178
vn 0.822503 -0.345679 -0.451658
vn 0.798006 -0.377456 -0.469801
vn 0.825897 -0.354148 -0.438719
vn 0.822503 -0.345679 -0.451658
vn 0.777900 -0.384936 -0.496685
vn 0.746029 -0.435742 -0.503556
vn 0.798006 -0.377456 -0.469801
vn 0.777900 -0.384936 -0.496685
vn 0.536874 -0.360964 -0.762543
vn 0.762004 0.330460 -0.556907
vn 0.649318 -0.250228 -0.718172
vn 0.746029 -0.435742 -0.503556
vn 0.536874 -0.360964 -0.762543
vn 0.994350 -0.094172 0.048982
vn 0.998222 -0.051413 -0.030149
vn 0.843394 0.459256 -0.278875
vn 0.997901 0.018576 0.062036
vn 0.988141 -0.151092 0.027346
vn 0.994350 -0.094172 0.048982
vn 0.997901 0.018576 0.062036
vn 0.990442 -0.128310 0.050614
vn 0.980487 -0.185502 0.065063
vn 0.988141 -0.151092 0.027346
vn 0.990442 -0.128310 0.050614
vn 0.976888 -0.180606 0.114327
vn 0.976888 -0.180606 0.114327
vn 0.964766 -0.180354 0.191568
vn 0.974880 -0.187636 0.120006
vn 0.980487 -0.185502 0.065063
vn 0.964766 -0.180354 0.191568
vn 0.948589 -0.176871 0.262479
vn 0.959703 -0.177662 0.217731
vn 0.974880 -0.187636 0.120006
vn 0.943565 -0.167694 0.285595
vn 0.959703 -0.177662 0.217731
vn 0.948589 -0.176871 0.262479
vn 0.937789 -0.174946 0.299909
vn 0.934602 -0.171302 0.311727
vn 0.943565 -0.167694 0.285595
vn 0.937789 -0.174946 0.299909
vn 0.937001 -0.180629 0.299002
vn 0.939634 -0.201752 0.276376
vn 0.928007 -0.202190 0.312924
vn 0.934602 -0.171302 0.311727
vn 0.937001 -0.180629 0.299002
vn 0.919079 -0.261515 0.294794
vn 0.928007 -0.202190 0.312924
vn 0.939634 -0.201752 0.276376
vn 0.934594 -0.247728 0.255275
vn 0.910854 -0.353609 0.212854
vn 0.910532 -0.314302 0.268601
vn 0.929559 -0.283816 0.235304
vn 0.928003 -0.307784 0.209952
vn 0.654892 0.252031 -0.712458
vn 0.910854 -0.353609 0.212854
vn 0.928003 -0.307784 0.209952
vn 0.544886 -0.035257 -0.837769
vn -0.568902 0.299852 -0.765793
vn -0.486780 0.506073 -0.711994
vn 0.654892 0.252031 -0.712458
vn 0.544886 -0.035257 -0.837769
vn 0.792745 0.518246 -0.320899
vn 0.812698 0.446199 -0.374738
vn 0.719486 0.475068 -0.506606
vn 0.702710 0.569198 -0.426864
vn 0.853377 0.455013 -0.254384
vn 0.812698 0.446199 -0.374738
vn 0.792745 0.518246 -0.320899
vn 0.836033 0.489306 -0.248252
vn 0.836033 0.489306 -0.248252
vn 0.844378 0.496015 -0.202474
vn 0.875531 0.456647 -0.157857
vn 0.853377 0.455013 -0.254384
vn 0.842100 0.516874 -0.153974
vn 0.800897 0.578386 -0.155026
vn 0.823555 0.567167 -0.008920
vn 0.867977 0.490440 -0.077999
vn 0.736790 0.674789 0.042423
vn 0.823555 0.567167 -0.008920
vn 0.800897 0.578386 -0.155026
vn 0.722323 0.669140 -0.174644
vn -0.813171 0.572462 0.105067
vn 0.405371 0.912784 0.050009
vn 0.386152 0.894269 -0.226208
vn -0.777070 0.588800 -0.222432
vn -0.777070 0.588800 -0.222432
vn -0.866799 -0.492308 0.079329
vn -0.847453 -0.530430 -0.021614
vn -0.813171 0.572462 0.105067
vn -0.904862 -0.425692 -0.003313
vn -0.866913 -0.466959 -0.174388
vn -0.855285 -0.510181 -0.090573
vn -0.882104 -0.467799 0.055283
vn -0.904862 -0.425692 -0.003313
vn -0.912853 -0.400836 -0.077653
vn -0.862403 -0.436403 -0.256540
vn -0.866913 -0.466959 -0.174388
vn -0.857850 -0.399907 -0.322750
vn -0.862403 -0.436403 -0.256540
vn -0.912853 -0.400836 -0.077653
vn -0.914421 -0.373612 -0.155717
vn -0.914421 -0.373612 -0.155717
vn -0.909159 -0.346046 -0.231693
vn -0.852573 -0.365270 -0.373761
vn -0.857850 -0.399907 -0.322750
vn -0.909159 -0.346046 -0.231693
vn -0.895922 -0.337729 -0.288554
vn -0.840411 -0.355147 -0.409366
vn -0.852573 -0.365270 -0.373761
vn -0.822249 -0.359383 -0.441305
vn -0.840411 -0.355147 -0.409366
vn -0.895922 -0.337729 -0.288554
vn -0.880806 -0.342328 -0.327096
vn -0.880806 -0.342328 -0.327096
vn -0.866193 -0.350826 -0.355853
vn -0.798741 -0.384129 -0.463096
vn -0.822249 -0.359383 -0.441305
vn -0.866193 -0.350826 -0.355853
vn -0.871399 -0.372023 -0.319785
vn -0.749883 -0.440762 -0.493361
vn -0.798741 -0.384129 -0.463096
vn -0.875256 -0.406584 -0.261949
vn -0.649385 -0.257635 -0.715489
vn -0.749883 -0.440762 -0.493361
vn -0.871399 -0.372023 -0.319785
vn -0.988523 -0.123663 0.086769
vn -0.998222 -0.051413 -0.030149
vn -0.924866 -0.342926 -0.164389
vn -0.951382 -0.283546 -0.120309
vn -0.951382 -0.283546 -0.120309
vn -0.954729 -0.264813 -0.135525
vn -0.984667 -0.169870 0.039700
vn -0.988523 -0.123663 0.086769
vn -0.954729 -0.264813 -0.135525
vn -0.956255 -0.271587 -0.108703
vn -0.979097 -0.191639 0.068151
vn -0.984667 -0.169870 0.039700
vn -0.972078 -0.192402 0.134337
vn -0.979097 -0.191639 0.068151
vn -0.956255 -0.271587 -0.108703
vn -0.964120 -0.263004 -0.036082
vn -0.968944 -0.238627 0.064834
vn -0.959703 -0.177662 0.217731
vn -0.972078 -0.192402 0.134337
vn -0.964120 -0.263004 -0.036082
vn -0.943966 -0.164221 0.286287
vn -0.959703 -0.177662 0.217731
vn -0.968944 -0.238627 0.064834
vn -0.962583 -0.227400 0.147385
vn -0.935146 -0.169926 0.310849
vn -0.943966 -0.164221 0.286287
vn -0.962583 -0.227400 0.147385
vn -0.947699 -0.242026 0.208064
vn -0.928007 -0.202191 0.312925
vn -0.935146 -0.169926 0.310849
vn -0.947699 -0.242026 0.208064
vn -0.934030 -0.270942 0.232761
vn -0.919660 -0.259915 0.294396
vn -0.928007 -0.202191 0.312925
vn -0.934030 -0.270942 0.232761
vn -0.916652 -0.318924 0.240907
vn -0.902454 -0.361639 0.234079
vn -0.910531 -0.314272 0.268638
vn -0.919660 -0.259915 0.294396
vn -0.916652 -0.318924 0.240907
vn -0.636365 0.244825 -0.731506
vn -0.912070 -0.352420 0.209590
vn -0.894247 -0.400677 0.199448
vn -0.733856 0.426552 -0.528685
vn 0.430929 0.702196 -0.566764
vn 0.486779 0.506073 -0.711994
vn -0.636365 0.244825 -0.731506
vn -0.733856 0.426552 -0.528685
vn -0.908504 0.139362 -0.393952
vn -0.881271 0.248853 -0.401789
vn -0.797659 0.167949 -0.579252
vn -0.817014 -0.004235 -0.576602
vn -0.941721 0.255930 -0.218317
vn -0.917748 0.325641 -0.227369
vn -0.881271 0.248853 -0.401789
vn -0.908504 0.139362 -0.393952
vn -0.941721 0.255930 -0.218317
vn -0.935858 0.344682 -0.073232
vn -0.918244 0.385337 -0.091341
vn -0.917748 0.325641 -0.227369
vn -0.905354 0.418344 0.072958
vn -0.830272 0.490689 0.264335
vn -0.833702 0.514584 0.200361
vn -0.893571 0.447338 0.037681
vn -0.700161 0.594785 0.394976
vn -0.833702 0.514584 0.200361
vn -0.830272 0.490689 0.264335
vn -0.671541 0.552765 0.493440
vn 0.741040 0.245489 0.624976
vn -0.402430 0.673634 0.619893
vn -0.397547 0.543962 0.738960
vn 0.784919 0.041294 0.618220
vn 0.815955 -0.530302 -0.230211
vn 0.741040 0.245489 0.624976
vn 0.784919 0.041294 0.618220
vn 0.807975 -0.488516 -0.329436
vn 0.807975 -0.488516 -0.329436
vn 0.865744 -0.468887 -0.175022
vn 0.855307 -0.510149 -0.090548
vn 0.815955 -0.530302 -0.230211
vn 0.882104 -0.467800 0.055282
vn 0.855307 -0.510149 -0.090548
vn 0.865744 -0.468887 -0.175022
vn 0.904899 -0.425615 -0.003149
vn 0.916649 -0.318902 0.240948
vn 0.902454 -0.361639 0.234079
vn 0.895673 -0.412383 0.166464
vn 0.916218 -0.374623 0.142134
vn 0.916649 -0.318902 0.240948
vn 0.919079 -0.261515 0.294794
vn 0.910532 -0.314302 0.268601
vn 0.902454 -0.361639 0.234079
vn 0.929559 -0.283816 0.235304
vn 0.910532 -0.314302 0.268601
vn 0.919079 -0.261515 0.294794
vn 0.934594 -0.247728 0.255275
vn 0.392708 -0.524433 -0.755480
vn 0.515324 -0.314770 -0.797095
vn 0.929559 -0.283816 0.235304
vn 0.934594 -0.247728 0.255275
vn -0.659793 -0.131391 -0.739872
vn -0.616294 0.078205 -0.783623
vn 0.515324 -0.314770 -0.797095
vn 0.392708 -0.524433 -0.755480
vn 0.841660 0.364246 -0.398665
vn 0.882300 0.249211 -0.399300
vn 0.797632 0.167935 -0.579293
vn 0.752714 0.341492 -0.562855
vn 0.883535 0.396274 -0.249664
vn 0.913894 0.335214 -0.228973
vn 0.882300 0.249211 -0.399300
vn 0.841660 0.364246 -0.398665
vn 0.894043 0.429244 -0.128203
vn 0.918244 0.385338 -0.091340
vn 0.913894 0.335214 -0.228973
vn 0.883535 0.396274 -0.249664
vn 0.836155 0.510717 0.200029
vn 0.897121 0.440397 0.035006
vn 0.880800 0.473074 -0.019799
vn 0.830070 0.546990 0.108563
vn 0.830070 0.546990 0.108563
vn 0.712363 0.651118 0.261887
vn 0.702434 0.587388 0.401948
vn 0.836155 0.510717 0.200029
vn -0.747971 0.235111 0.620694
vn 0.402430 0.673634 0.619893
vn 0.404307 0.831699 0.380542
vn -0.777455 0.508830 0.369670
vn -0.812106 -0.535070 -0.232776
vn -0.747971 0.235111 0.620694
vn -0.777455 0.508830 0.369670
vn -0.820770 -0.551099 -0.150422
vn -0.847453 -0.530430 -0.021614
vn -0.855285 -0.510181 -0.090573
vn -0.812106 -0.535070 -0.232776
vn -0.820770 -0.551099 -0.150422
vn -0.882104 -0.467799 0.055283
vn -0.855285 -0.510181 -0.090573
vn -0.847453 -0.530430 -0.021614
vn -0.866799 -0.492308 0.079329
vn -0.894247 -0.400677 0.199448
vn -0.902454 -0.361639 0.234079
vn -0.895691 -0.412370 0.166401
vn -0.882061 -0.442102 0.162830
vn -0.912070 -0.352420 0.209590
vn -0.910531 -0.314272 0.268638
vn -0.902454 -0.361639 0.234079
vn -0.894247 -0.400677 0.199448
vn -0.928876 -0.286037 0.235315
vn -0.910531 -0.314272 0.268638
vn -0.912070 -0.352420 0.209590
vn -0.928003 -0.307784 0.209952
vn -0.544886 -0.035257 -0.837769
vn -0.515068 -0.315927 -0.796803
vn -0.928876 -0.286037 0.235315
vn -0.928003 -0.307784 0.209952
vn 0.568901 0.299855 -0.765793
vn 0.616241 0.078290 -0.783656
vn -0.515068 -0.315927 -0.796803
vn -0.544886 -0.035257 -0.837769
vn 0.621911 -0.734672 0.271077
vn 0.578999 -0.781469 0.232522
vn 0.809298 -0.461031 0.363987
vn 0.814993 -0.453741 0.360424
vn -0.578999 -0.781469 0.232522
vn -0.621911 -0.734672 0.271078
vn -0.814993 -0.453742 0.360424
vn -0.809298 -0.461031 0.363986
vn 0.814993 -0.453741 0.360424
vn 0.809298 -0.461031 0.363987
vn 0.850757 -0.245614 0.464636
vn 0.896641 -0.152096 0.415815
vn -0.809298 -0.461031 0.363986
vn -0.814993 -0.453742 0.360424
vn -0.902788 -0.135268 0.408260
vn -0.857073 -0.234041 0.458967
vn 0.984644 0.131001 0.115386
vn 0.938335 0.343680 -0.037560
vn 0.929327 0.360288 0.080893
vn 0.938287 0.279830 0.203258
vn -0.938335 0.343680 -0.037560
vn -0.984644 0.131001 0.115386
vn -0.940037 0.266052 0.213418
vn -0.928246 0.362488 0.083436
vn 0.831931 -0.317600 0.454995
vn 0.984644 0.131001 0.115386
vn 0.938287 0.279830 0.203258
vn 0.869568 -0.190690 0.455511
vn -0.984644 0.131001 0.115386
vn -0.831931 -0.317600 0.454995
vn -0.870086 -0.192020 0.453958
vn -0.940037 0.266052 0.213418
vn 0.662401 -0.564852 0.492105
vn 0.831931 -0.317600 0.454995
vn 0.869568 -0.190690 0.455511
vn 0.743034 -0.398974 0.537327
vn -0.831931 -0.317600 0.454995
vn -0.662401 -0.564852 0.492105
vn -0.746770 -0.407500 0.525622
vn -0.870086 -0.192020 0.453958
vn 0.703159 -0.575863 0.417073
vn 0.662401 -0.564852 0.492105
vn 0.743034 -0.398974 0.537327
vn 0.790450 -0.373586 0.485409
vn -0.662401 -0.564852 0.492105
vn -0.703159 -0.575863 0.417072
vn -0.798107 -0.358075 0.484569
vn -0.746770 -0.407500 0.525622
vn 0.809298 -0.461031 0.363987
vn 0.703159 -0.575863 0.417073
vn 0.790450 -0.373586 0.485409
vn 0.850757 -0.245614 0.464636
vn -0.703159 -0.575863 0.417072
vn -0.809298 -0.461031 0.363986
vn -0.857073 -0.234041 0.458967
vn -0.798107 -0.358075 0.484569
vn 0.578999 -0.781469 0.232522
vn 0.458893 -0.838572 0.293624
vn 0.703159 -0.575863 0.417073
vn 0.809298 -0.461031 0.363987
vn -0.458893 -0.838572 0.293624
vn -0.578999 -0.781469 0.232522
vn -0.809298 -0.461031 0.363986
vn -0.703159 -0.575863 0.417072
vn 0.662401 -0.564852 0.492105
vn 0.703159 -0.575863 0.417073
vn 0.458893 -0.838572 0.293624
vn 0.422020 -0.820752 0.385051
vn -0.703159 -0.575863 0.417072
vn -0.662401 -0.564852 0.492105
vn -0.422020 -0.820752 0.385051
vn -0.458893 -0.838572 0.293624
vn 0.831931 -0.317600 0.454995
vn 0.662401 -0.564852 0.492105
vn 0.422020 -0.820752 0.385051
vn 0.730933 -0.551190 0.402400
vn -0.662401 -0.564852 0.492105
vn -0.831931 -0.317600 0.454995
vn -0.730933 -0.551190 0.402400
vn -0.422020 -0.820752 0.385051
vn 0.727401 -0.196511 -0.657473
vn 0.754171 0.020511 -0.656358
vn 0.925531 0.259272 -0.275990
vn 0.955066 0.137474 -0.262584
vn -0.754171 0.020511 -0.656358
vn -0.727401 -0.196511 -0.657473
vn -0.949430 0.136935 -0.282544
vn -0.907808 0.266822 -0.323558
vn 0.730933 -0.551190 0.402400
vn 0.940132 -0.261214 0.218903
vn 0.984644 0.131001 0.115386
vn 0.831931 -0.317600 0.454995
vn -0.940132 -0.261215 0.218903
vn -0.730933 -0.551190 0.402400
vn -0.831931 -0.317600 0.454995
vn -0.984644 0.131001 0.115386
vn 0.806755 -0.477869 -0.347547
vn 0.727401 -0.196511 -0.657473
vn 0.955066 0.137474 -0.262584
vn 0.934292 -0.353934 -0.042775
vn -0.727401 -0.196511 -0.657473
vn -0.806755 -0.477869 -0.347547
vn -0.936309 -0.348812 -0.040685
vn -0.949430 0.136935 -0.282544
vn 0.806755 -0.477869 -0.347547
vn 0.551369 -0.825091 -0.123354
vn 0.427569 -0.706567 -0.563869
vn 0.727401 -0.196511 -0.657473
vn -0.551369 -0.825091 -0.123354
vn -0.806755 -0.477869 -0.347547
vn -0.727401 -0.196511 -0.657473
vn -0.427569 -0.706567 -0.563869
vn 0.132153 -0.956468 -0.260202
vn 0.427569 -0.706567 -0.563869
vn 0.551369 -0.825091 -0.123354
vn 0.168366 -0.984543 0.048248
vn -0.427569 -0.706567 -0.563869
vn -0.132153 -0.956468 -0.260202
vn -0.168366 -0.984543 0.048248
vn -0.551369 -0.825091 -0.123354
vn -0.016496 -0.998408 0.053931
vn 0.001771 -0.993581 -0.113111
vn 0.132153 -0.956468 -0.260202
vn 0.168366 -0.984543 0.048248
vn -0.000717 -0.993541 -0.113468
vn 0.016496 -0.998408 0.053931
vn -0.168366 -0.984543 0.048248
vn -0.132153 -0.956468 -0.260202
vn -0.000000 -0.998505 -0.054662
vn 0.001771 -0.993581 -0.113111
vn -0.016496 -0.998408 0.053931
vn 0.000000 -0.998727 0.050441
vn -0.000717 -0.993541 -0.113468
vn -0.000000 -0.998505 -0.054662
vn 0.000000 -0.998727 0.050441
vn 0.016496 -0.998408 0.053931
vn 0.551369 -0.825091 -0.123354
vn 0.806755 -0.477869 -0.347547
vn 0.934292 -0.353934 -0.042775
vn 0.633651 -0.741489 0.220636
vn -0.806755 -0.477869 -0.347547
vn -0.551369 -0.825091 -0.123354
vn -0.643371 -0.732015 0.224116
vn -0.936309 -0.348812 -0.040685
vn 0.168366 -0.984543 0.048248
vn 0.551369 -0.825091 -0.123354
vn 0.633651 -0.741489 0.220636
vn 0.292284 -0.911549 0.289221
vn -0.551369 -0.825091 -0.123354
vn -0.168366 -0.984543 0.048248
vn -0.291872 -0.913669 0.282878
vn -0.643371 -0.732015 0.224116
vn 0.253150 -0.960477 0.115752
vn 0.183429 -0.972394 0.144236
vn 0.458893 -0.838572 0.293624
vn 0.578999 -0.781469 0.232522
vn -0.183429 -0.972394 0.144236
vn -0.253150 -0.960477 0.115752
vn -0.578999 -0.781469 0.232522
vn -0.458893 -0.838572 0.293624
vn 0.422020 -0.820752 0.385051
vn 0.458893 -0.838572 0.293624
vn 0.183429 -0.972394 0.144236
vn 0.106916 -0.972113 0.208725
vn -0.458893 -0.838572 0.293624
vn -0.422020 -0.820752 0.385051
vn -0.106916 -0.972113 0.208725
vn -0.183429 -0.972394 0.144236
vn 0.183429 -0.972394 0.144236
vn 0.253150 -0.960477 0.115752
vn 0.000000 -0.996710 0.081046
vn 0.000000 -0.994761 0.102228
vn -0.253150 -0.960477 0.115752
vn -0.183429 -0.972394 0.144236
vn 0.000000 -0.994761 0.102228
vn 0.000000 -0.996710 0.081046
vn 0.106916 -0.972113 0.208725
vn 0.183429 -0.972394 0.144236
vn 0.000000 -0.994761 0.102228
vn 0.000000 -0.988568 0.150775
vn -0.183429 -0.972394 0.144236
vn -0.106916 -0.972113 0.208725
vn 0.000000 -0.988568 0.150775
vn 0.000000 -0.994761 0.102228
vn 0.000000 -0.998727 0.050441
vn -0.016496 -0.998408 0.053931
vn 0.038524 -0.980156 0.194448
vn -0.000022 -0.988038 0.154212
vn 0.016496 -0.998408 0.053931
vn 0.000000 -0.998727 0.050441
vn -0.000022 -0.988038 0.154212
vn -0.038527 -0.980166 0.194400
vn 0.292284 -0.911549 0.289221
vn 0.038524 -0.980156 0.194448
vn -0.016496 -0.998408 0.053931
vn 0.168366 -0.984543 0.048248
vn 0.016496 -0.998408 0.053931
vn -0.038527 -0.980166 0.194400
vn -0.291872 -0.913669 0.282878
vn -0.168366 -0.984543 0.048248
vn 0.035963 -0.995474 -0.087964
vn -0.348273 -0.891312 -0.290291
vn -0.599177 -0.772439 0.210535
vn -0.089989 -0.965785 0.243231
vn 0.348273 -0.891312 -0.290291
vn -0.035963 -0.995474 -0.087964
vn 0.086013 -0.964868 0.248256
vn 0.604339 -0.769220 0.207544
vn 0.035963 -0.995474 -0.087964
vn 0.528761 -0.841916 -0.107652
vn 0.252367 -0.848810 -0.464578
vn -0.348273 -0.891312 -0.290291
vn -0.528761 -0.841916 -0.107652
vn -0.035963 -0.995474 -0.087964
vn 0.348273 -0.891312 -0.290291
vn -0.252367 -0.848810 -0.464578
vn 0.792454 -0.497875 -0.352330
vn 0.252367 -0.848810 -0.464578
vn 0.528761 -0.841916 -0.107652
vn 0.919443 -0.380420 -0.099523
vn -0.252367 -0.848810 -0.464578
vn -0.792454 -0.497875 -0.352330
vn -0.919443 -0.380420 -0.099523
vn -0.528761 -0.841916 -0.107652
vn 0.853763 0.515605 -0.072390
vn 0.968369 -0.036395 -0.246854
vn 0.974793 0.219675 -0.038999
vn 0.720018 0.678323 0.146462
vn -0.792454 -0.497875 -0.352330
vn -0.954524 0.003570 -0.298113
vn -0.983375 0.176288 -0.043545
vn -0.919443 -0.380420 -0.099523
vn 0.634212 0.726589 0.264280
vn 0.853763 0.515605 -0.072390
vn 0.720018 0.678323 0.146462
vn 0.572346 0.773671 0.271759
vn -0.853763 0.515605 -0.072390
vn -0.634212 0.726589 0.264280
vn -0.572346 0.773671 0.271759
vn -0.720018 0.678323 0.146462
vn 0.974793 0.219675 -0.038999
vn 0.968369 -0.036395 -0.246854
vn 0.792454 -0.497875 -0.352330
vn 0.919443 -0.380420 -0.099523
vn -0.983375 0.176288 -0.043545
vn -0.954524 0.003570 -0.298113
vn -0.853763 0.515605 -0.072390
vn -0.720018 0.678323 0.146462
vn 0.566076 0.638835 0.521007
vn 0.634212 0.726589 0.264280
vn 0.572346 0.773671 0.271759
vn 0.787321 0.431892 -0.439995
vn -0.634212 0.726589 0.264280
vn -0.566076 0.638835 0.521007
vn -0.787321 0.431892 -0.439995
vn -0.572346 0.773671 0.271759
vn 0.583820 0.412578 0.699238
vn 0.566076 0.638835 0.521007
vn 0.787321 0.431892 -0.439995
vn 0.942597 0.231758 -0.240413
vn -0.566076 0.638835 0.521007
vn -0.583820 0.412578 0.699238
vn -0.942597 0.231758 -0.240413
vn -0.787321 0.431892 -0.439995
vn 0.942597 0.231758 -0.240413
vn 0.982402 -0.043104 -0.181737
vn 0.379732 0.095598 0.920144
vn 0.583820 0.412578 0.699238
vn -0.982402 -0.043104 -0.181737
vn -0.942597 0.231758 -0.240413
vn -0.583820 0.412578 0.699238
vn -0.379732 0.095598 0.920144
vn 0.982402 -0.043104 -0.181737
vn 0.629412 -0.760593 0.159182
vn 0.173458 -0.197728 0.964788
vn 0.379732 0.095598 0.920144
vn -0.629412 -0.760593 0.159182
vn -0.982402 -0.043104 -0.181737
vn -0.379732 0.095598 0.920144
vn -0.173459 -0.197728 0.964788
vn 0.173458 -0.197728 0.964788
vn 0.629412 -0.760593 0.159182
vn 0.223403 -0.974008 0.037409
vn -0.310172 -0.586289 0.748371
vn -0.629412 -0.760593 0.159182
vn -0.173459 -0.197728 0.964788
vn 0.310172 -0.586289 0.748371
vn -0.223403 -0.974008 0.037409
vn 0.223403 -0.974008 0.037409
vn -0.089989 -0.965785 0.243231
vn -0.599177 -0.772439 0.210535
vn -0.310172 -0.586289 0.748371
vn 0.604339 -0.769220 0.207544
vn 0.086013 -0.964868 0.248256
vn -0.223403 -0.974008 0.037409
vn 0.310172 -0.586289 0.748371
vn -0.223403 -0.974008 0.037409
vn 0.086013 -0.964868 0.248256
vn -0.104611 -0.966030 0.236310
vn -0.101729 -0.989601 0.101689
vn -0.089989 -0.965785 0.243231
vn 0.223403 -0.974008 0.037409
vn 0.102904 -0.989494 0.101548
vn 0.104611 -0.966030 0.236310
vn -0.000000 -0.991071 0.133335
vn 0.000000 -0.975784 0.218736
vn 0.104611 -0.966030 0.236310
vn 0.102904 -0.989494 0.101548
vn 0.000000 -0.975784 0.218736
vn -0.000000 -0.991071 0.133335
vn -0.101729 -0.989601 0.101689
vn -0.104611 -0.966030 0.236310
vn -0.104611 -0.966030 0.236310
vn 0.086013 -0.964868 0.248256
vn -0.035963 -0.995474 -0.087964
vn -0.048870 -0.998257 0.033086
vn 0.035963 -0.995474 -0.087964
vn -0.089989 -0.965785 0.243231
vn 0.104611 -0.966030 0.236310
vn 0.048870 -0.998257 0.033086
vn 0.000000 -0.975784 0.218736
vn -0.104611 -0.966030 0.236310
vn -0.048870 -0.998257 0.033086
vn 0.000000 -0.999458 0.032927
vn 0.104611 -0.966030 0.236310
vn 0.000000 -0.975784 0.218736
vn 0.000000 -0.999458 0.032927
vn 0.048870 -0.998257 0.033086
vn -0.445037 0.264729 -0.855489
vn -0.625930 0.054890 -0.777945
vn -0.107677 -0.251029 -0.961972
vn 0.000905 -0.144089 -0.989564
vn -0.269350 -0.293190 -0.917328
vn -0.107677 -0.251029 -0.961972
vn -0.625930 0.054890 -0.777945
vn -0.691592 -0.040577 -0.721147
vn -0.760597 -0.088878 -0.643112
vn -0.457397 -0.298513 -0.837662
vn -0.269350 -0.293190 -0.917328
vn -0.691592 -0.040577 -0.721147
vn -0.564783 -0.323436 -0.759216
vn -0.457397 -0.298513 -0.837662
vn -0.760597 -0.088878 -0.643112
vn -0.790084 -0.125046 -0.600109
vn -0.804187 -0.151563 -0.574728
vn -0.623586 -0.346875 -0.700584
vn -0.564783 -0.323436 -0.759216
vn -0.790084 -0.125046 -0.600109
vn -0.662347 -0.343544 -0.665788
vn -0.623586 -0.346875 -0.700584
vn -0.804187 -0.151563 -0.574728
vn -0.815561 -0.165279 -0.554566
vn -0.680179 -0.357716 -0.639840
vn -0.662347 -0.343544 -0.665788
vn -0.815561 -0.165279 -0.554566
vn -0.823628 -0.174377 -0.539656
vn -0.820916 -0.125177 -0.557160
vn -0.694159 -0.266218 -0.668784
vn -0.680179 -0.357716 -0.639840
vn -0.823628 -0.174377 -0.539656
vn -0.659793 -0.131391 -0.739872
vn -0.694159 -0.266218 -0.668784
vn -0.820916 -0.125177 -0.557160
vn -0.817014 -0.004235 -0.576602
vn -0.797659 0.167949 -0.579252
vn -0.616294 0.078205 -0.783623
vn -0.659793 -0.131391 -0.739872
vn -0.817014 -0.004235 -0.576602
vn -0.568902 0.299852 -0.765793
vn -0.616294 0.078205 -0.783623
vn -0.797659 0.167949 -0.579252
vn -0.752714 0.341492 -0.562855
vn -0.752714 0.341492 -0.562855
vn -0.711543 0.480496 -0.512670
vn -0.486780 0.506073 -0.711994
vn -0.568902 0.299852 -0.765793
vn -0.431019 0.701262 -0.567851
vn -0.486780 0.506073 -0.711994
vn -0.711543 0.480496 -0.512670
vn -0.702710 0.569198 -0.426864
vn -0.702710 0.569198 -0.426864
vn -0.714440 0.620078 -0.324157
vn -0.441427 0.790890 -0.423833
vn -0.431019 0.701262 -0.567851
vn -0.405371 0.912783 0.050009
vn -0.386153 0.894269 -0.226207
vn -0.725690 0.666840 -0.169406
vn -0.735231 0.677406 0.023609
vn -0.421346 0.809495 0.408884
vn -0.405371 0.912783 0.050009
vn -0.735231 0.677406 0.023609
vn -0.712363 0.651118 0.261887
vn -0.712363 0.651118 0.261887
vn -0.700161 0.594785 0.394976
vn -0.402430 0.673634 0.619893
vn -0.421346 0.809495 0.408884
vn -0.397547 0.543962 0.738960
vn -0.402430 0.673634 0.619893
vn -0.700161 0.594785 0.394976
vn -0.671541 0.552765 0.493440
vn -0.631056 0.527844 0.568462
vn -0.354714 0.516227 0.779543
vn -0.397547 0.543962 0.738960
vn -0.671541 0.552765 0.493440
vn -0.562982 0.484955 0.669231
vn -0.268201 0.444746 0.854558
vn -0.354714 0.516227 0.779543
vn -0.631056 0.527844 0.568462
vn -0.115455 0.361984 0.925007
vn -0.268201 0.444746 0.854558
vn -0.562982 0.484955 0.669231
vn -0.463379 0.454929 0.760473
vn -0.463379 0.454929 0.760473
vn -0.241741 0.425852 0.871901
vn 0.156300 0.276935 0.948091
vn -0.115455 0.361984 0.925007
vn 0.542032 0.125726 0.830900
vn 0.156300 0.276935 0.948091
vn -0.241741 0.425852 0.871901
vn 0.150015 0.351192 0.924208
vn 0.539407 0.226569 0.810991
vn 0.811137 -0.043503 0.583236
vn 0.542032 0.125726 0.830900
vn 0.150015 0.351192 0.924208
vn 0.930414 -0.116781 0.347407
vn 0.811137 -0.043503 0.583236
vn 0.539407 0.226569 0.810991
vn 0.779639 0.107794 0.616882
vn 0.985611 -0.082243 0.147672
vn 0.930414 -0.116781 0.347407
vn 0.779639 0.107794 0.616882
vn 0.908937 0.088535 0.407426
vn 0.988770 0.114789 0.095691
vn 0.985611 -0.082243 0.147672
vn 0.908937 0.088535 0.407426
vn 0.953594 0.200895 0.224275
vn 0.929327 0.360288 0.080893
vn 0.988770 0.114789 0.095691
vn 0.953594 0.200895 0.224275
vn 0.933228 0.331827 0.137751
vn 0.938287 0.279830 0.203258
vn 0.929327 0.360288 0.080893
vn 0.933228 0.331827 0.137751
vn 0.907248 0.339537 0.248226
vn 0.869568 -0.190690 0.455511
vn 0.938287 0.279830 0.203258
vn 0.907248 0.339537 0.248226
vn 0.870273 -0.062225 0.488623
vn 0.743034 -0.398974 0.537327
vn 0.869568 -0.190690 0.455511
vn 0.870273 -0.062225 0.488623
vn 0.770317 -0.246731 0.587993
vn 0.790450 -0.373586 0.485409
vn 0.743034 -0.398974 0.537327
vn 0.770317 -0.246731 0.587993
vn 0.819938 -0.178711 0.543842
vn 0.850757 -0.245614 0.464636
vn 0.790450 -0.373586 0.485409
vn 0.819938 -0.178711 0.543842
vn 0.847556 -0.015230 0.530488
vn 0.896641 -0.152096 0.415815
vn 0.850757 -0.245614 0.464636
vn 0.847556 -0.015230 0.530488
vn 0.878413 0.071025 0.472594
vn 0.785508 -0.106380 0.609640
vn 0.896641 -0.152096 0.415815
vn 0.878413 0.071025 0.472594
vn 0.830065 0.167447 0.531934
vn 0.548722 0.307194 0.777519
vn 0.448941 0.039148 0.892704
vn 0.785508 -0.106380 0.609640
vn 0.830065 0.167447 0.531934
vn 0.044830 0.004955 0.998982
vn 0.448941 0.039148 0.892704
vn 0.548722 0.307194 0.777519
vn -0.000000 0.217794 0.975995
vn -0.440705 0.059937 0.895649
vn 0.044830 0.004955 0.998982
vn -0.000000 0.217794 0.975995
vn -0.548721 0.307194 0.777519
vn -0.787304 -0.120477 0.604680
vn -0.440705 0.059937 0.895649
vn -0.548721 0.307194 0.777519
vn -0.830065 0.167448 0.531934
vn -0.878413 0.071025 0.472594
vn -0.902788 -0.135268 0.408260
vn -0.787304 -0.120477 0.604680
vn -0.830065 0.167448 0.531934
vn -0.857073 -0.234041 0.458967
vn -0.902788 -0.135268 0.408260
vn -0.878413 0.071025 0.472594
vn -0.847556 -0.015230 0.530488
vn -0.798107 -0.358075 0.484569
vn -0.857073 -0.234041 0.458967
vn -0.847556 -0.015230 0.530488
vn -0.819938 -0.178711 0.543842
vn -0.746770 -0.407500 0.525622
vn -0.798107 -0.358075 0.484569
vn -0.819938 -0.178711 0.543842
vn -0.770317 -0.246731 0.587993
vn -0.870086 -0.192020 0.453958
vn -0.746770 -0.407500 0.525622
vn -0.770317 -0.246731 0.587993
vn -0.870273 -0.062225 0.488623
vn -0.940037 0.266052 0.213418
vn -0.870086 -0.192020 0.453958
vn -0.870273 -0.062225 0.488623
vn -0.907248 0.339537 0.248226
vn -0.928246 0.362488 0.083436
vn -0.940037 0.266052 0.213418
vn -0.907248 0.339537 0.248226
vn -0.933228 0.331827 0.137751
vn -0.988936 0.112055 0.097208
vn -0.928246 0.362488 0.083436
vn -0.933228 0.331827 0.137751
vn -0.953594 0.200895 0.224275
vn -0.908937 0.088535 0.407426
vn -0.985498 -0.092954 0.141962
vn -0.988936 0.112055 0.097208
vn -0.953594 0.200895 0.224275
vn -0.779639 0.107794 0.616882
vn -0.930779 -0.123932 0.343935
vn -0.985498 -0.092954 0.141962
vn -0.908937 0.088535 0.407426
vn -0.539447 0.226539 0.810973
vn -0.811067 -0.044481 0.583259
vn -0.930779 -0.123932 0.343935
vn -0.779639 0.107794 0.616882
vn -0.548355 0.120803 0.827474
vn -0.811067 -0.044481 0.583259
vn -0.539447 0.226539 0.810973
vn -0.150015 0.351192 0.924208
vn -0.150015 0.351192 0.924208
vn 0.241741 0.425852 0.871901
vn -0.156301 0.276936 0.948091
vn -0.548355 0.120803 0.827474
vn 0.115455 0.361984 0.925007
vn -0.156301 0.276936 0.948091
vn 0.241741 0.425852 0.871901
vn 0.463379 0.454929 0.760473
vn 0.561165 0.487736 0.668736
vn 0.268244 0.444752 0.854541
vn 0.115455 0.361984 0.925007
vn 0.463379 0.454929 0.760473
vn 0.632531 0.522349 0.571889
vn 0.354714 0.516227 0.779543
vn 0.268244 0.444752 0.854541
vn 0.561165 0.487736 0.668736
vn 0.391534 0.563687 0.727296
vn 0.354714 0.516227 0.779543
vn 0.632531 0.522349 0.571889
vn 0.671542 0.552765 0.493440
vn 0.671542 0.552765 0.493440
vn 0.702434 0.587388 0.401948
vn 0.402430 0.673634 0.619893
vn 0.391534 0.563687 0.727296
vn 0.404307 0.831699 0.380542
vn 0.402430 0.673634 0.619893
vn 0.702434 0.587388 0.401948
vn 0.712363 0.651118 0.261887
vn 0.712363 0.651118 0.261887
vn 0.736790 0.674789 0.042423
vn 0.405371 0.912784 0.050009
vn 0.404307 0.831699 0.380542
vn 0.386152 0.894269 -0.226208
vn 0.405371 0.912784 0.050009
vn 0.736790 0.674789 0.042423
vn 0.722323 0.669140 -0.174644
vn 0.430929 0.702196 -0.566764
vn 0.441427 0.790891 -0.423833
vn 0.720401 0.619267 -0.312298
vn 0.702710 0.569198 -0.426864
vn 0.702710 0.569198 -0.426864
vn 0.719486 0.475068 -0.506606
vn 0.486779 0.506073 -0.711994
vn 0.430929 0.702196 -0.566764
vn 0.568901 0.299855 -0.765793
vn 0.486779 0.506073 -0.711994
vn 0.719486 0.475068 -0.506606
vn 0.752714 0.341492 -0.562855
vn 0.797632 0.167935 -0.579293
vn 0.616241 0.078290 -0.783656
vn 0.568901 0.299855 -0.765793
vn 0.752714 0.341492 -0.562855
vn 0.659829 -0.131370 -0.739843
vn 0.616241 0.078290 -0.783656
vn 0.797632 0.167935 -0.579293
vn 0.817014 -0.004235 -0.576602
vn 0.822901 -0.125675 -0.554112
vn 0.694158 -0.266216 -0.668785
vn 0.659829 -0.131370 -0.739843
vn 0.817014 -0.004235 -0.576602
vn 0.693732 -0.342302 -0.633692
vn 0.694158 -0.266216 -0.668785
vn 0.822901 -0.125675 -0.554112
vn 0.823628 -0.174377 -0.539656
vn 0.823628 -0.174377 -0.539656
vn 0.815561 -0.165279 -0.554566
vn 0.666740 -0.363936 -0.650391
vn 0.693732 -0.342302 -0.633692
vn 0.815561 -0.165279 -0.554566
vn 0.803299 -0.149272 -0.576566
vn 0.623586 -0.346875 -0.700585
vn 0.666740 -0.363936 -0.650391
vn 0.566040 -0.327214 -0.756657
vn 0.623586 -0.346875 -0.700585
vn 0.803299 -0.149272 -0.576566
vn 0.790084 -0.125046 -0.600109
vn 0.790084 -0.125046 -0.600109
vn 0.760409 -0.088814 -0.643343
vn 0.457397 -0.298513 -0.837662
vn 0.566040 -0.327214 -0.756657
vn 0.241868 -0.328872 -0.912877
vn 0.457397 -0.298513 -0.837662
vn 0.760409 -0.088814 -0.643343
vn 0.691592 -0.040577 -0.721147
vn 0.077047 -0.301367 -0.950390
vn 0.241868 -0.328872 -0.912877
vn 0.691592 -0.040577 -0.721147
vn 0.625930 0.054890 -0.777945
vn 0.625930 0.054890 -0.777945
vn 0.445037 0.264729 -0.855488
vn -0.019297 -0.191553 -0.981293
vn 0.077047 -0.301367 -0.950390
vn 0.360764 0.893224 0.268328
vn 0.165151 0.778328 -0.605748
vn 0.787321 0.431892 -0.439995
vn 0.572346 0.773671 0.271759
vn -0.165151 0.778328 -0.605748
vn -0.360764 0.893224 0.268328
vn -0.572346 0.773671 0.271759
vn -0.787321 0.431892 -0.439995
vn -0.000000 0.967436 0.253114
vn -0.000000 0.917999 -0.396584
vn 0.165151 0.778328 -0.605748
vn 0.360764 0.893224 0.268328
vn -0.000000 0.917999 -0.396584
vn -0.000000 0.967436 0.253114
vn -0.360764 0.893224 0.268328
vn -0.165151 0.778328 -0.605748
vn 0.787676 -0.410007 0.459849
vn 0.930586 0.145463 0.335931
vn 0.936153 0.271072 0.223916
vn 0.896560 -0.355365 0.264378
vn -0.930586 0.145464 0.335931
vn -0.787676 -0.410007 0.459849
vn -0.896560 -0.355365 0.264378
vn -0.936153 0.271072 0.223916
vn 0.896560 -0.355365 0.264378
vn 0.548230 -0.820805 0.160385
vn 0.418550 -0.805113 0.420249
vn 0.787676 -0.410007 0.459849
vn -0.548230 -0.820805 0.160386
vn -0.896560 -0.355365 0.264378
vn -0.787676 -0.410007 0.459849
vn -0.418550 -0.805113 0.420249
vn 0.112830 -0.991795 0.060094
vn -0.080122 -0.961865 0.261526
vn 0.418550 -0.805113 0.420249
vn 0.548230 -0.820805 0.160385
vn 0.080122 -0.961865 0.261526
vn -0.112830 -0.991795 0.060094
vn -0.548230 -0.820805 0.160386
vn -0.418550 -0.805113 0.420249
vn 0.783511 0.620203 -0.038189
vn 0.690301 0.720844 -0.062187
vn 0.936153 0.271072 0.223916
vn 0.930586 0.145463 0.335931
vn -0.690301 0.720845 -0.062187
vn -0.783511 0.620203 -0.038189
vn -0.930586 0.145464 0.335931
vn -0.936153 0.271072 0.223916
vn 0.438279 0.803781 -0.402304
vn 0.508727 0.763058 -0.398673
vn 0.257939 0.706630 -0.658894
vn 0.334927 0.681793 -0.650371
vn -0.257939 0.706630 -0.658894
vn -0.509715 0.733888 -0.448997
vn -0.477171 0.792446 -0.379917
vn -0.334927 0.681793 -0.650371
vn 0.308636 0.563097 -0.766593
vn 0.334927 0.681793 -0.650371
vn 0.257939 0.706630 -0.658894
vn 0.133597 0.618321 -0.774487
vn -0.334927 0.681793 -0.650371
vn -0.308636 0.563097 -0.766593
vn -0.133598 0.618321 -0.774487
vn -0.257939 0.706630 -0.658894
vn 0.453001 0.231305 -0.860981
vn 0.365889 0.426813 -0.827016
vn 0.068082 0.509675 -0.857669
vn 0.016872 0.300002 -0.953789
vn -0.308636 0.563097 -0.766593
vn -0.365889 0.426813 -0.827016
vn -0.068651 0.509933 -0.857470
vn -0.133598 0.618321 -0.774487
vn -0.001950 -0.017097 -0.999852
vn 0.460650 -0.101152 -0.881799
vn 0.453001 0.231305 -0.860981
vn 0.016872 0.300002 -0.953789
vn -0.296222 -0.512935 -0.805699
vn 0.140232 -0.327549 -0.934370
vn 0.045559 -0.024633 -0.998658
vn -0.454669 -0.135394 -0.880309
vn -0.396093 -0.637073 -0.661248
vn 0.114732 -0.805497 -0.581387
vn 0.296222 -0.512935 -0.805699
vn -0.140232 -0.327549 -0.934370
vn -0.119391 -0.809619 -0.574684
vn 0.392827 -0.646405 -0.654101
vn 0.140232 -0.327549 -0.934370
vn -0.296222 -0.512935 -0.805699
vn -0.052000 -0.998615 -0.007989
vn -0.400802 -0.910807 0.098939
vn -0.080122 -0.961865 0.261526
vn 0.112830 -0.991795 0.060094
vn -0.112830 -0.991795 0.060094
vn 0.080122 -0.961865 0.261526
vn 0.390682 -0.915066 0.100104
vn 0.051204 -0.998663 -0.007102
vn 0.409387 0.884523 0.223655
vn 0.360764 0.893224 0.268328
vn 0.572346 0.773671 0.271759
vn 0.720018 0.678323 0.146462
vn -0.360764 0.893224 0.268328
vn -0.409387 0.884523 0.223655
vn -0.720018 0.678323 0.146462
vn -0.572346 0.773671 0.271759
vn 0.409387 0.884523 0.223655
vn 0.000000 0.972459 0.233072
vn -0.000000 0.967436 0.253114
vn 0.360764 0.893224 0.268328
vn 0.000000 0.972459 0.233072
vn -0.409387 0.884523 0.223655
vn -0.360764 0.893224 0.268328
vn -0.000000 0.967436 0.253114
vn 0.896560 -0.355365 0.264378
vn 0.936153 0.271072 0.223916
vn 0.974200 0.208794 0.085666
vn 0.940088 -0.340339 0.020092
vn -0.936153 0.271072 0.223916
vn -0.896560 -0.355365 0.264378
vn -0.940510 -0.339321 0.017393
vn -0.973755 0.212094 0.082567
vn 0.548230 -0.820805 0.160385
vn 0.896560 -0.355365 0.264378
vn 0.940088 -0.340339 0.020092
vn 0.593271 -0.804791 -0.018469
vn -0.896560 -0.355365 0.264378
vn -0.548230 -0.820805 0.160386
vn -0.593947 -0.804329 -0.016797
vn -0.940510 -0.339321 0.017393
vn 0.112830 -0.991795 0.060094
vn 0.548230 -0.820805 0.160385
vn 0.593271 -0.804791 -0.018469
vn 0.184899 -0.982704 -0.010239
vn -0.548230 -0.820805 0.160386
vn -0.112830 -0.991795 0.060094
vn -0.184921 -0.982701 -0.010142
vn -0.593947 -0.804329 -0.016797
vn 0.112830 -0.991795 0.060094
vn 0.184899 -0.982704 -0.010239
vn 0.039961 -0.999138 -0.011220
vn 0.030077 -0.999463 -0.013027
vn -0.039961 -0.999138 -0.011220
vn -0.184921 -0.982701 -0.010142
vn -0.112830 -0.991795 0.060094
vn -0.030077 -0.999463 -0.013027
vn 0.039961 -0.999138 -0.011220
vn 0.000000 -0.999877 -0.015702
vn 0.000000 -0.999899 -0.014224
vn 0.030077 -0.999463 -0.013027
vn 0.000000 -0.999899 -0.014224
vn 0.000000 -0.999877 -0.015702
vn -0.039961 -0.999138 -0.011220
vn -0.030077 -0.999463 -0.013027
vn 0.112830 -0.991795 0.060094
vn 0.030077 -0.999463 -0.013027
vn 0.032305 -0.999153 -0.025483
vn -0.052000 -0.998615 -0.007989
vn -0.030077 -0.999463 -0.013027
vn -0.112830 -0.991795 0.060094
vn 0.051204 -0.998663 -0.007102
vn -0.031567 -0.999143 -0.026763
vn 0.030077 -0.999463 -0.013027
vn 0.000000 -0.999899 -0.014224
vn 0.001497 -0.999786 -0.020652
vn 0.032305 -0.999153 -0.025483
vn 0.000000 -0.999899 -0.014224
vn -0.030077 -0.999463 -0.013027
vn -0.031567 -0.999143 -0.026763
vn 0.001497 -0.999786 -0.020652
vn 0.936153 0.271072 0.223916
vn 0.690301 0.720844 -0.062187
vn 0.760313 0.644249 0.082876
vn 0.974200 0.208794 0.085666
vn -0.690301 0.720845 -0.062187
vn -0.936153 0.271072 0.223916
vn -0.973755 0.212094 0.082567
vn -0.757401 0.647022 0.087784
vn -0.002836 0.996518 0.083332
vn 0.440003 0.894399 0.080296
vn 0.439799 0.882659 -0.165800
vn -0.000000 0.984933 -0.172937
vn -0.439799 0.882659 -0.165800
vn -0.436486 0.896557 0.075270
vn -0.002836 0.996518 0.083332
vn -0.000000 0.984933 -0.172937
vn 0.439799 0.882659 -0.165800
vn 0.440003 0.894399 0.080296
vn 0.760313 0.644249 0.082876
vn 0.690301 0.720844 -0.062187
vn -0.757401 0.647022 0.087784
vn -0.436486 0.896557 0.075270
vn -0.439799 0.882659 -0.165800
vn -0.690301 0.720845 -0.062187
vn -0.000000 0.742953 -0.669344
vn -0.024031 0.879867 -0.474611
vn 0.383985 0.817060 -0.430081
vn 0.315142 0.684994 -0.656863
vn -0.403636 0.792585 -0.457042
vn -0.024031 0.879867 -0.474611
vn -0.000000 0.742953 -0.669344
vn -0.315142 0.684994 -0.656863
vn 0.383985 0.817060 -0.430081
vn 0.438279 0.803781 -0.402304
vn 0.334927 0.681793 -0.650371
vn 0.315142 0.684994 -0.656863
vn -0.334927 0.681793 -0.650371
vn -0.477171 0.792446 -0.379917
vn -0.403636 0.792585 -0.457042
vn -0.315142 0.684994 -0.656863
vn 0.334927 0.681793 -0.650371
vn 0.308636 0.563097 -0.766593
vn 0.329789 0.587773 -0.738757
vn 0.315142 0.684994 -0.656863
vn -0.308636 0.563097 -0.766593
vn -0.334927 0.681793 -0.650371
vn -0.315142 0.684994 -0.656863
vn -0.329789 0.587773 -0.738757
vn 0.315142 0.684994 -0.656863
vn 0.329789 0.587773 -0.738757
vn -0.000000 0.663216 -0.748428
vn -0.000000 0.742953 -0.669344
vn -0.329789 0.587773 -0.738757
vn -0.315142 0.684994 -0.656863
vn -0.000000 0.742953 -0.669344
vn -0.000000 0.663216 -0.748428
vn -0.000000 0.663216 -0.748428
vn -0.000000 0.618005 -0.786175
vn -0.388481 0.504568 -0.771034
vn -0.329789 0.587773 -0.738757
vn -0.000000 0.618005 -0.786175
vn -0.000000 0.663216 -0.748428
vn 0.329789 0.587773 -0.738757
vn 0.388481 0.504568 -0.771034
vn -0.068651 0.509933 -0.857470
vn -0.365889 0.426813 -0.827016
vn -0.453000 0.231305 -0.860981
vn -0.016871 0.300002 -0.953789
vn 0.068082 0.509675 -0.857669
vn 0.365889 0.426813 -0.827016
vn 0.308636 0.563097 -0.766593
vn 0.133597 0.618321 -0.774487
vn -0.365889 0.426813 -0.827016
vn -0.308636 0.563097 -0.766593
vn -0.329789 0.587773 -0.738757
vn -0.388481 0.504568 -0.771034
vn 0.308636 0.563097 -0.766593
vn 0.365889 0.426813 -0.827016
vn 0.388481 0.504568 -0.771034
vn 0.329789 0.587773 -0.738757
vn -0.000000 -0.891581 -0.452862
vn 0.000000 -0.970370 -0.241624
vn -0.071237 -0.963283 -0.258864
vn -0.225622 -0.815264 -0.533329
vn 0.000000 -0.970370 -0.241624
vn -0.000000 -0.891581 -0.452862
vn 0.225622 -0.815264 -0.533329
vn 0.071237 -0.963283 -0.258864
vn 0.584722 0.496194 0.641788
vn 0.566076 0.638835 0.521007
vn 0.583820 0.412578 0.699238
vn 0.363053 0.342657 0.866475
vn -0.566076 0.638835 0.521007
vn -0.584722 0.496194 0.641788
vn -0.363053 0.342657 0.866475
vn -0.583820 0.412578 0.699238
vn 0.566076 0.638835 0.521007
vn 0.584722 0.496194 0.641788
vn 0.770737 0.561428 0.301270
vn 0.634212 0.726589 0.264280
vn -0.584722 0.496194 0.641788
vn -0.566076 0.638835 0.521007
vn -0.634212 0.726589 0.264280
vn -0.770737 0.561428 0.301270
vn 0.634212 0.726589 0.264280
vn 0.770737 0.561428 0.301270
vn 0.957188 0.266736 -0.112440
vn 0.853763 0.515605 -0.072390
vn -0.770737 0.561428 0.301270
vn -0.634212 0.726589 0.264280
vn -0.853763 0.515605 -0.072390
vn -0.957188 0.266736 -0.112440
vn 0.957188 0.266736 -0.112440
vn 0.905490 -0.186217 -0.381329
vn 0.968369 -0.036395 -0.246854
vn 0.853763 0.515605 -0.072390
vn -0.905489 -0.186217 -0.381329
vn -0.957188 0.266736 -0.112440
vn -0.853763 0.515605 -0.072390
vn -0.954524 0.003570 -0.298113
vn 0.032336 0.184646 0.982273
vn 0.363053 0.342657 0.866475
vn 0.583820 0.412578 0.699238
vn 0.379732 0.095598 0.920144
vn -0.363053 0.342657 0.866475
vn -0.032336 0.184646 0.982273
vn -0.379732 0.095598 0.920144
vn -0.583820 0.412578 0.699238
vn -0.403059 -0.019087 0.914975
vn 0.032336 0.184646 0.982273
vn 0.379732 0.095598 0.920144
vn 0.173458 -0.197728 0.964788
vn -0.032336 0.184646 0.982273
vn 0.403059 -0.019087 0.914975
vn -0.173459 -0.197728 0.964788
vn -0.379732 0.095598 0.920144
vn -0.762024 -0.284089 0.581905
vn -0.403059 -0.019087 0.914975
vn 0.173458 -0.197728 0.964788
vn -0.310172 -0.586289 0.748371
vn 0.403059 -0.019087 0.914975
vn 0.762023 -0.284089 0.581905
vn 0.310172 -0.586289 0.748371
vn -0.173459 -0.197728 0.964788
vn -0.809624 -0.582847 0.069267
vn -0.762024 -0.284089 0.581905
vn -0.310172 -0.586289 0.748371
vn -0.599177 -0.772439 0.210535
vn 0.762023 -0.284089 0.581905
vn 0.809624 -0.582847 0.069267
vn 0.604339 -0.769220 0.207544
vn 0.310172 -0.586289 0.748371
vn -0.522033 -0.766470 -0.374173
vn -0.809624 -0.582847 0.069267
vn -0.599177 -0.772439 0.210535
vn -0.348273 -0.891312 -0.290291
vn 0.348273 -0.891312 -0.290291
vn 0.604339 -0.769220 0.207544
vn 0.809624 -0.582847 0.069267
vn 0.522033 -0.766470 -0.374173
vn 0.046570 -0.756582 -0.652239
vn -0.522033 -0.766470 -0.374173
vn -0.348273 -0.891312 -0.290291
vn 0.252367 -0.848810 -0.464578
vn 0.522033 -0.766470 -0.374173
vn -0.046570 -0.756582 -0.652239
vn -0.252367 -0.848810 -0.464578
vn 0.348273 -0.891312 -0.290291
vn 0.583329 -0.527265 -0.617834
vn 0.046570 -0.756582 -0.652239
vn 0.252367 -0.848810 -0.464578
vn 0.792454 -0.497875 -0.352330
vn -0.046570 -0.756582 -0.652239
vn -0.583329 -0.527265 -0.617834
vn -0.792454 -0.497875 -0.352330
vn -0.252367 -0.848810 -0.464578
vn 0.792454 -0.497875 -0.352330
vn 0.968369 -0.036395 -0.246854
vn 0.905490 -0.186217 -0.381329
vn 0.583329 -0.527265 -0.617834
vn -0.954524 0.003570 -0.298113
vn -0.792454 -0.497875 -0.352330
vn -0.583329 -0.527265 -0.617834
vn -0.905489 -0.186217 -0.381329
vn -0.612981 0.052099 0.788378
vn -0.207914 0.243982 0.947230
vn -0.145800 0.230790 0.962018
vn -0.554115 0.047688 0.831073
vn 0.146481 0.231909 0.961645
vn 0.553355 0.054559 0.831156
vn 0.403059 -0.019087 0.914975
vn -0.032336 0.184646 0.982273
vn -0.862133 -0.227491 0.452742
vn -0.612981 0.052099 0.788378
vn -0.554115 0.047688 0.831073
vn -0.833763 -0.221336 0.505816
vn 0.553355 0.054559 0.831156
vn 0.834741 -0.214504 0.507145
vn 0.762023 -0.284089 0.581905
vn 0.403059 -0.019087 0.914975
vn -0.855608 -0.515448 0.047416
vn -0.862133 -0.227491 0.452742
vn -0.833763 -0.221336 0.505816
vn -0.849639 -0.523780 0.061387
vn 0.834741 -0.214504 0.507145
vn 0.846838 -0.527982 0.064035
vn 0.809624 -0.582847 0.069267
vn 0.762023 -0.284089 0.581905
vn -0.594200 -0.728313 -0.341301
vn -0.855608 -0.515448 0.047416
vn -0.849639 -0.523780 0.061387
vn -0.564990 -0.744072 -0.356573
vn 0.846838 -0.527982 0.064035
vn 0.565640 -0.741038 -0.361820
vn 0.522033 -0.766470 -0.374173
vn 0.809624 -0.582847 0.069267
vn -0.121127 -0.772877 -0.622888
vn -0.594200 -0.728313 -0.341301
vn -0.564990 -0.744072 -0.356573
vn -0.055394 -0.759741 -0.647862
vn 0.565640 -0.741038 -0.361820
vn 0.057759 -0.754567 -0.653676
vn -0.046570 -0.756582 -0.652239
vn 0.522033 -0.766470 -0.374173
vn 0.243656 0.331354 0.911502
vn 0.273701 0.324159 0.905544
vn -0.145800 0.230790 0.962018
vn -0.207914 0.243982 0.947230
vn -0.363053 0.342657 0.866475
vn -0.273726 0.324196 0.905522
vn 0.146481 0.231909 0.961645
vn -0.032336 0.184646 0.982273
vn 0.614322 0.330603 0.716457
vn 0.610515 0.352609 0.709182
vn 0.273701 0.324159 0.905544
vn 0.243656 0.331354 0.911502
vn -0.584722 0.496194 0.641788
vn -0.611967 0.357530 0.705456
vn -0.273726 0.324196 0.905522
vn -0.363053 0.342657 0.866475
vn 0.876744 0.296772 0.378479
vn 0.610515 0.352609 0.709182
vn 0.614322 0.330603 0.716457
vn 0.888086 0.246104 0.388246
vn -0.879579 0.302004 0.367605
vn -0.611967 0.357530 0.705456
vn -0.584722 0.496194 0.641788
vn -0.770737 0.561428 0.301270
vn 0.996397 0.078322 -0.032524
vn 0.876744 0.296772 0.378479
vn 0.888086 0.246104 0.388246
vn 0.998441 0.049981 -0.024854
vn -0.996200 0.076805 -0.041065
vn -0.879579 0.302004 0.367605
vn -0.770737 0.561428 0.301270
vn -0.957188 0.266736 -0.112440
vn 0.863360 -0.263416 -0.430374
vn 0.878033 -0.235914 -0.416416
vn 0.996397 0.078322 -0.032524
vn 0.998441 0.049981 -0.024854
vn -0.905489 -0.186217 -0.381329
vn -0.876601 -0.239033 -0.417652
vn -0.996200 0.076805 -0.041065
vn -0.957188 0.266736 -0.112440
vn 0.507902 -0.546696 -0.665701
vn 0.878033 -0.235914 -0.416416
vn 0.863360 -0.263416 -0.430374
vn 0.443901 -0.595922 -0.669200
vn -0.905489 -0.186217 -0.381329
vn -0.583329 -0.527265 -0.617834
vn -0.507701 -0.546604 -0.665931
vn -0.876601 -0.239033 -0.417652
vn -0.055394 -0.759741 -0.647862
vn 0.507902 -0.546696 -0.665701
vn 0.443901 -0.595922 -0.669200
vn -0.121127 -0.772877 -0.622888
vn -0.583329 -0.527265 -0.617834
vn -0.046570 -0.756582 -0.652239
vn 0.057759 -0.754567 -0.653676
vn -0.507701 -0.546604 -0.665931
vn 0.871760 -0.249233 0.421802
vn 0.852624 -0.520173 0.049523
vn 0.855608 -0.515448 0.047416
vn 0.862132 -0.227491 0.452742
vn -0.970727 -0.216625 0.103744
vn -0.773556 0.144319 0.617076
vn -0.676187 -0.046206 0.735279
vn -0.877226 -0.305058 0.370694
vn 0.659626 0.029168 0.751028
vn 0.871760 -0.249233 0.421802
vn 0.862132 -0.227491 0.452742
vn 0.612980 0.052100 0.788378
vn -0.773556 0.144319 0.617076
vn -0.201822 0.372138 0.905970
vn -0.310283 0.142165 0.939954
vn -0.676187 -0.046206 0.735279
vn 0.272197 0.230616 0.934198
vn 0.659626 0.029168 0.751028
vn 0.612980 0.052100 0.788378
vn 0.207914 0.243982 0.947230
vn 0.193864 0.219026 0.956266
vn -0.310283 0.142165 0.939954
vn -0.201822 0.372138 0.905970
vn 0.233096 0.308762 0.922134
vn -0.191262 0.329447 0.924599
vn 0.272197 0.230616 0.934198
vn 0.207914 0.243982 0.947230
vn -0.243656 0.331354 0.911502
vn 0.645221 0.200376 0.737252
vn 0.598780 0.194070 0.777045
vn 0.193864 0.219026 0.956266
vn 0.233096 0.308762 0.922134
vn -0.614322 0.330603 0.716457
vn -0.594430 0.328831 0.733841
vn -0.191262 0.329447 0.924599
vn -0.243656 0.331354 0.911502
vn 0.879701 0.100650 0.464753
vn 0.598780 0.194070 0.777045
vn 0.645221 0.200376 0.737252
vn 0.930929 -0.153795 0.331238
vn -0.880437 0.233792 0.412520
vn -0.594430 0.328831 0.733841
vn -0.614322 0.330603 0.716457
vn -0.888086 0.246104 0.388246
vn -0.998441 0.049981 -0.024854
vn -0.999857 0.004224 -0.016391
vn -0.880437 0.233792 0.412520
vn -0.888086 0.246104 0.388246
vn 0.946324 -0.308641 0.095977
vn 0.694795 -0.648947 -0.310045
vn 0.785664 -0.497860 -0.367244
vn 0.988050 -0.146422 0.048133
vn -0.863360 -0.263416 -0.430375
vn -0.829854 -0.358879 -0.427256
vn -0.999857 0.004224 -0.016391
vn -0.998441 0.049981 -0.024854
vn 0.694795 -0.648947 -0.310045
vn 0.146522 -0.842322 -0.518676
vn 0.273590 -0.784713 -0.556214
vn 0.785664 -0.497860 -0.367244
vn -0.443901 -0.595922 -0.669200
vn -0.354972 -0.684029 -0.637259
vn -0.829854 -0.358879 -0.427256
vn -0.863360 -0.263416 -0.430375
vn 0.146522 -0.842322 -0.518676
vn -0.391421 -0.789441 -0.472834
vn -0.264850 -0.838660 -0.475924
vn 0.273590 -0.784713 -0.556214
vn 0.205503 -0.799619 -0.564249
vn -0.354972 -0.684029 -0.637259
vn -0.443901 -0.595922 -0.669200
vn 0.121127 -0.772877 -0.622888
vn -0.391421 -0.789441 -0.472834
vn -0.732897 -0.622666 -0.274135
vn -0.648834 -0.722515 -0.238720
vn -0.264850 -0.838660 -0.475924
vn 0.633178 -0.715996 -0.293999
vn 0.205503 -0.799619 -0.564249
vn 0.121127 -0.772877 -0.622888
vn 0.594200 -0.728313 -0.341301
vn -0.732897 -0.622666 -0.274135
vn -0.891094 -0.453240 0.022899
vn -0.841017 -0.538039 0.056608
vn -0.648834 -0.722515 -0.238720
vn 0.852624 -0.520173 0.049523
vn 0.633178 -0.715996 -0.293999
vn 0.594200 -0.728313 -0.341301
vn 0.855608 -0.515448 0.047416
vn 0.992761 0.098676 -0.068476
vn 0.938335 0.343680 -0.037560
vn 0.925531 0.259272 -0.275990
vn 0.967630 0.060606 -0.244989
vn 0.955066 0.137474 -0.262584
vn 0.925531 0.259272 -0.275990
vn 0.938335 0.343680 -0.037560
vn 0.984644 0.131001 0.115386
vn 0.934292 -0.353934 -0.042775
vn 0.955066 0.137474 -0.262584
vn 0.984644 0.131001 0.115386
vn 0.940132 -0.261214 0.218903
vn 0.633651 -0.741489 0.220636
vn 0.934292 -0.353934 -0.042775
vn 0.940132 -0.261214 0.218903
vn 0.730933 -0.551190 0.402400
vn 0.292284 -0.911549 0.289221
vn 0.633651 -0.741489 0.220636
vn 0.730933 -0.551190 0.402400
vn 0.422020 -0.820752 0.385051
vn 0.106916 -0.972113 0.208725
vn 0.038524 -0.980156 0.194448
vn 0.292284 -0.911549 0.289221
vn 0.422020 -0.820752 0.385051
vn -0.000022 -0.988038 0.154212
vn 0.038524 -0.980156 0.194448
vn 0.106916 -0.972113 0.208725
vn 0.000000 -0.988568 0.150775
vn -0.038527 -0.980166 0.194400
vn -0.000022 -0.988038 0.154212
vn 0.000000 -0.988568 0.150775
vn -0.106916 -0.972113 0.208725
vn -0.291872 -0.913669 0.282878
vn -0.038527 -0.980166 0.194400
vn -0.106916 -0.972113 0.208725
vn -0.422020 -0.820752 0.385051
vn -0.643371 -0.732015 0.224116
vn -0.291872 -0.913669 0.282878
vn -0.422020 -0.820752 0.385051
vn -0.730933 -0.551190 0.402400
vn -0.936309 -0.348812 -0.040685
vn -0.643371 -0.732015 0.224116
vn -0.730933 -0.551190 0.402400
vn -0.940132 -0.261215 0.218903
vn -0.949430 0.136935 -0.282544
vn -0.936309 -0.348812 -0.040685
vn -0.940132 -0.261215 0.218903
vn -0.984644 0.131001 0.115386
vn -0.907808 0.266822 -0.323558
vn -0.949430 0.136935 -0.282544
vn -0.984644 0.131001 0.115386
vn -0.938335 0.343680 -0.037560
vn -0.938335 0.343680 -0.037560
vn -0.992761 0.098676 -0.068476
vn -0.959483 0.069027 -0.273180
vn -0.907808 0.266822 -0.323558
vn -0.979608 0.082304 -0.183289
vn -0.959483 0.069027 -0.273180
vn -0.992761 0.098676 -0.068476
vn -0.969691 0.092356 -0.226207
vn -0.762005 0.330460 -0.556907
vn -0.897948 0.398248 -0.187318
vn -0.979608 0.082304 -0.183289
vn -0.969691 0.092356 -0.226207
vn -0.762005 0.330460 -0.556907
vn -0.649385 -0.257635 -0.715489
vn -0.998222 -0.051413 -0.030149
vn -0.897948 0.398248 -0.187318
vn -0.924866 -0.342926 -0.164389
vn -0.998222 -0.051413 -0.030149
vn -0.649385 -0.257635 -0.715489
vn -0.875256 -0.406584 -0.261949
vn -0.918783 -0.314536 -0.238549
vn -0.924866 -0.342926 -0.164389
vn -0.875256 -0.406584 -0.261949
vn -0.871399 -0.372023 -0.319785
vn -0.917709 -0.319374 -0.236244
vn -0.918783 -0.314536 -0.238549
vn -0.871399 -0.372023 -0.319785
vn -0.866193 -0.350826 -0.355853
vn -0.930361 -0.310970 -0.194231
vn -0.917709 -0.319374 -0.236244
vn -0.866193 -0.350826 -0.355853
vn -0.880806 -0.342328 -0.327096
vn -0.895922 -0.337729 -0.288554
vn -0.946473 -0.298666 -0.122425
vn -0.930361 -0.310970 -0.194231
vn -0.880806 -0.342328 -0.327096
vn -0.953485 -0.298843 -0.039498
vn -0.946473 -0.298666 -0.122425
vn -0.895922 -0.337729 -0.288554
vn -0.909159 -0.346046 -0.231693
vn -0.947991 -0.315885 0.039103
vn -0.953485 -0.298843 -0.039498
vn -0.909159 -0.346046 -0.231693
vn -0.914421 -0.373612 -0.155717
vn -0.912853 -0.400836 -0.077653
vn -0.934443 -0.342809 0.096431
vn -0.947991 -0.315885 0.039103
vn -0.914421 -0.373612 -0.155717
vn -0.904862 -0.425692 -0.003313
vn -0.916345 -0.374469 0.141721
vn -0.934443 -0.342809 0.096431
vn -0.912853 -0.400836 -0.077653
vn -0.882104 -0.467799 0.055283
vn -0.895691 -0.412370 0.166401
vn -0.916345 -0.374469 0.141721
vn -0.904862 -0.425692 -0.003313
vn -0.882061 -0.442102 0.162830
vn -0.895691 -0.412370 0.166401
vn -0.882104 -0.467799 0.055283
vn -0.866799 -0.492308 0.079329
vn -0.777070 0.588800 -0.222432
vn -0.791277 0.471483 -0.389339
vn -0.882061 -0.442102 0.162830
vn -0.866799 -0.492308 0.079329
vn -0.777070 0.588800 -0.222432
vn 0.386152 0.894269 -0.226208
vn 0.441427 0.790891 -0.423833
vn -0.791277 0.471483 -0.389339
vn 0.720401 0.619267 -0.312298
vn 0.441427 0.790891 -0.423833
vn 0.386152 0.894269 -0.226208
vn 0.722323 0.669140 -0.174644
vn 0.722323 0.669140 -0.174644
vn 0.800897 0.578386 -0.155026
vn 0.792866 0.554932 -0.251819
vn 0.720401 0.619267 -0.312298
vn 0.844378 0.496015 -0.202474
vn 0.792866 0.554932 -0.251819
vn 0.800897 0.578386 -0.155026
vn 0.842100 0.516874 -0.153974
vn 0.875531 0.456647 -0.157857
vn 0.844378 0.496015 -0.202474
vn 0.842100 0.516874 -0.153974
vn 0.867977 0.490440 -0.077999
vn 0.894043 0.429244 -0.128203
vn 0.875531 0.456647 -0.157857
vn 0.867977 0.490440 -0.077999
vn 0.880800 0.473074 -0.019799
vn 0.897121 0.440397 0.035006
vn 0.918244 0.385338 -0.091340
vn 0.894043 0.429244 -0.128203
vn 0.880800 0.473074 -0.019799
vn 0.905354 0.418343 0.072958
vn 0.935829 0.344714 -0.073456
vn 0.918244 0.385338 -0.091340
vn 0.897121 0.440397 0.035006
vn 0.909369 0.401439 0.109062
vn 0.949668 0.306929 -0.062658
vn 0.935829 0.344714 -0.073456
vn 0.905354 0.418343 0.072958
vn 0.951655 0.303697 -0.046049
vn 0.949668 0.306929 -0.062658
vn 0.909369 0.401439 0.109062
vn 0.901907 0.402486 0.156741
vn 0.950350 0.311143 0.004951
vn 0.951655 0.303697 -0.046049
vn 0.901907 0.402486 0.156741
vn 0.878528 0.407149 0.249836
vn 0.878528 0.407149 0.249836
vn 0.833372 0.423787 0.354818
vn 0.942040 0.323858 0.087616
vn 0.950350 0.311143 0.004951
vn 0.922667 0.350097 0.161612
vn 0.942040 0.323858 0.087616
vn 0.833372 0.423787 0.354818
vn 0.782403 0.452870 0.427498
vn 0.782403 0.452870 0.427498
vn 0.734163 0.496537 0.463093
vn 0.901112 0.385645 0.198181
vn 0.922667 0.350097 0.161612
vn 0.835185 0.509955 0.205943
vn 0.901112 0.385645 0.198181
vn 0.734163 0.496537 0.463093
vn 0.616439 0.614569 0.492248
vn 0.349125 0.807153 0.476041
vn 0.669357 0.725698 0.159133
vn 0.835185 0.509955 0.205943
vn 0.616439 0.614569 0.492248
vn 0.271063 0.962054 0.031264
vn 0.669357 0.725698 0.159133
vn 0.349125 0.807153 0.476041
vn -0.063316 0.943070 0.326513
vn 0.000000 0.984962 0.172772
vn -0.037535 0.995888 -0.082454
vn 0.271063 0.962054 0.031264
vn -0.063316 0.943070 0.326513
vn -0.276644 0.960943 0.007534
vn -0.037535 0.995888 -0.082454
vn 0.000000 0.984962 0.172772
vn 0.063316 0.943070 0.326513
vn -0.673317 0.721971 0.159380
vn -0.276644 0.960943 0.007534
vn 0.063316 0.943070 0.326513
vn -0.349126 0.807153 0.476041
vn -0.835114 0.511974 0.201164
vn -0.673317 0.721971 0.159380
vn -0.349126 0.807153 0.476041
vn -0.616439 0.614569 0.492248
vn -0.616439 0.614569 0.492248
vn -0.733709 0.495573 0.464843
vn -0.901112 0.385645 0.198181
vn -0.835114 0.511974 0.201164
vn -0.922717 0.350994 0.159361
vn -0.901112 0.385645 0.198181
vn -0.733709 0.495573 0.464843
vn -0.782403 0.452870 0.427498
vn -0.782403 0.452870 0.427498
vn -0.833743 0.422461 0.355526
vn -0.942059 0.323705 0.087973
vn -0.922717 0.350994 0.159361
vn -0.950208 0.311574 0.005109
vn -0.942059 0.323705 0.087973
vn -0.833743 0.422461 0.355526
vn -0.878528 0.407149 0.249836
vn -0.951660 0.303661 -0.046193
vn -0.950208 0.311574 0.005109
vn -0.878528 0.407149 0.249836
vn -0.901907 0.402486 0.156741
vn -0.908265 0.403710 0.109880
vn -0.949655 0.306972 -0.062637
vn -0.951660 0.303661 -0.046193
vn -0.901907 0.402486 0.156741
vn -0.935858 0.344682 -0.073232
vn -0.949655 0.306972 -0.062637
vn -0.908265 0.403710 0.109880
vn -0.905354 0.418344 0.072958
vn -0.918244 0.385337 -0.091341
vn -0.935858 0.344682 -0.073232
vn -0.905354 0.418344 0.072958
vn -0.893571 0.447338 0.037681
vn -0.894092 0.429529 -0.126904
vn -0.918244 0.385337 -0.091341
vn -0.893571 0.447338 0.037681
vn -0.880800 0.473074 -0.019798
vn -0.857954 0.507340 -0.080751
vn -0.875489 0.456705 -0.157922
vn -0.894092 0.429529 -0.126904
vn -0.880800 0.473074 -0.019798
vn -0.841741 0.517822 -0.152750
vn -0.844326 0.496087 -0.202512
vn -0.875489 0.456705 -0.157922
vn -0.857954 0.507340 -0.080751
vn -0.792087 0.555081 -0.253938
vn -0.844326 0.496087 -0.202512
vn -0.841741 0.517822 -0.152750
vn -0.801429 0.578875 -0.150383
vn -0.714440 0.620078 -0.324157
vn -0.792087 0.555081 -0.253938
vn -0.801429 0.578875 -0.150383
vn -0.725690 0.666840 -0.169406
vn -0.441427 0.790890 -0.423833
vn -0.714440 0.620078 -0.324157
vn -0.725690 0.666840 -0.169406
vn -0.386153 0.894269 -0.226207
vn 0.796719 0.457419 -0.394976
vn -0.441427 0.790890 -0.423833
vn -0.386153 0.894269 -0.226207
vn 0.763868 0.599072 -0.240040
vn 0.881675 -0.441569 0.166332
vn 0.796719 0.457419 -0.394976
vn 0.763868 0.599072 -0.240040
vn 0.868051 -0.490279 0.078188
vn 0.882104 -0.467800 0.055282
vn 0.895673 -0.412383 0.166464
vn 0.881675 -0.441569 0.166332
vn 0.868051 -0.490279 0.078188
vn 0.916218 -0.374623 0.142134
vn 0.895673 -0.412383 0.166464
vn 0.882104 -0.467800 0.055282
vn 0.904899 -0.425615 -0.003149
vn 0.934443 -0.342809 0.096431
vn 0.916218 -0.374623 0.142134
vn 0.904899 -0.425615 -0.003149
vn 0.912853 -0.400836 -0.077654
vn 0.947906 -0.316153 0.039012
vn 0.934443 -0.342809 0.096431
vn 0.912853 -0.400836 -0.077654
vn 0.916575 -0.371584 -0.147703
vn 0.916575 -0.371584 -0.147703
vn 0.911913 -0.340823 -0.228592
vn 0.953236 -0.299409 -0.041176
vn 0.947906 -0.316153 0.039012
vn 0.911913 -0.340823 -0.228592
vn 0.895922 -0.337729 -0.288554
vn 0.946473 -0.298666 -0.122425
vn 0.953236 -0.299409 -0.041176
vn 0.930325 -0.310995 -0.194367
vn 0.946473 -0.298666 -0.122425
vn 0.895922 -0.337729 -0.288554
vn 0.880499 -0.340000 -0.330336
vn 0.918638 -0.317340 -0.235371
vn 0.930325 -0.310995 -0.194367
vn 0.880499 -0.340000 -0.330336
vn 0.866193 -0.350826 -0.355853
vn 0.919242 -0.314626 -0.236652
vn 0.918638 -0.317340 -0.235371
vn 0.866193 -0.350826 -0.355853
vn 0.871399 -0.372023 -0.319785
vn 0.875256 -0.406584 -0.261949
vn 0.920543 -0.353487 -0.166272
vn 0.919242 -0.314626 -0.236652
vn 0.871399 -0.372023 -0.319785
vn 0.875256 -0.406584 -0.261949
vn 0.649318 -0.250228 -0.718172
vn 0.998222 -0.051413 -0.030149
vn 0.920543 -0.353487 -0.166272
vn 0.843394 0.459256 -0.278875
vn 0.998222 -0.051413 -0.030149
vn 0.649318 -0.250228 -0.718172
vn 0.762004 0.330460 -0.556907
vn 0.991710 0.036699 -0.123144
vn 0.843394 0.459256 -0.278875
vn 0.762004 0.330460 -0.556907
vn 0.969691 0.092356 -0.226207
vn 0.992761 0.098676 -0.068476
vn 0.967630 0.060606 -0.244989
vn 0.991710 0.036699 -0.123144
vn 0.969691 0.092356 -0.226207
vn -0.841017 -0.538039 0.056608
vn -0.877226 -0.305058 0.370694
vn -0.870943 -0.249903 0.423091
vn -0.854530 -0.517140 0.048420
vn -0.648834 -0.722515 -0.238720
vn -0.841017 -0.538039 0.056608
vn -0.854530 -0.517140 0.048420
vn -0.631025 -0.719585 -0.289834
vn -0.264850 -0.838660 -0.475924
vn -0.648834 -0.722515 -0.238720
vn -0.631025 -0.719585 -0.289834
vn -0.203869 -0.803770 -0.558920
vn 0.273590 -0.784713 -0.556214
vn -0.264850 -0.838660 -0.475924
vn -0.203869 -0.803770 -0.558920
vn 0.356940 -0.687648 -0.632245
vn 0.785664 -0.497860 -0.367244
vn 0.273590 -0.784713 -0.556214
vn 0.356940 -0.687648 -0.632245
vn 0.831394 -0.361482 -0.422037
vn 0.988050 -0.146422 0.048133
vn 0.785664 -0.497860 -0.367244
vn 0.831394 -0.361482 -0.422037
vn 0.999934 0.001636 -0.011405
vn 0.879701 0.100650 0.464753
vn 0.988050 -0.146422 0.048133
vn 0.999934 0.001636 -0.011405
vn 0.881298 0.232250 0.411551
vn 0.881298 0.232250 0.411551
vn 0.594631 0.328835 0.733676
vn 0.598780 0.194070 0.777045
vn 0.879701 0.100650 0.464753
vn 0.193864 0.219026 0.956266
vn 0.598780 0.194070 0.777045
vn 0.594631 0.328835 0.733676
vn 0.191287 0.329352 0.924628
vn 0.191287 0.329352 0.924628
vn -0.270925 0.230389 0.934623
vn -0.310283 0.142165 0.939954
vn 0.193864 0.219026 0.956266
vn -0.676187 -0.046206 0.735279
vn -0.310283 0.142165 0.939954
vn -0.270925 0.230389 0.934623
vn -0.657399 0.029223 0.752976
vn -0.877226 -0.305058 0.370694
vn -0.676187 -0.046206 0.735279
vn -0.657399 0.029223 0.752976
vn -0.870943 -0.249903 0.423091
vn 0.970727 -0.216624 0.103744
vn 0.825884 -0.450300 -0.339332
vn 0.739879 -0.615825 -0.270812
vn 0.890110 -0.455008 0.025917
vn 0.825884 -0.450300 -0.339332
vn 0.389575 -0.723989 -0.569272
vn 0.389196 -0.794272 -0.466539
vn 0.739879 -0.615825 -0.270812
vn 0.389575 -0.723989 -0.569272
vn -0.106724 -0.796508 -0.595135
vn -0.144626 -0.843393 -0.517466
vn 0.389196 -0.794272 -0.466539
vn -0.690070 -0.654827 -0.308228
vn -0.144626 -0.843393 -0.517466
vn -0.106724 -0.796508 -0.595135
vn -0.729432 -0.615536 -0.298403
vn -0.944489 -0.315497 0.091664
vn -0.690070 -0.654827 -0.308228
vn -0.729432 -0.615536 -0.298403
vn -0.930929 -0.153795 0.331238
vn -0.645221 0.200376 0.737252
vn -0.600767 0.189316 0.776685
vn -0.883424 0.091227 0.459609
vn -0.930929 -0.153795 0.331238
vn -0.166946 0.209106 0.963537
vn -0.600767 0.189316 0.776685
vn -0.645221 0.200376 0.737252
vn -0.233096 0.308762 0.922134
vn 0.201822 0.372138 0.905970
vn 0.286744 0.151497 0.945953
vn -0.166946 0.209106 0.963537
vn -0.233096 0.308762 0.922134
vn 0.201822 0.372138 0.905970
vn 0.773556 0.144320 0.617076
vn 0.700530 -0.028684 0.713046
vn 0.286744 0.151497 0.945953
vn 0.773556 0.144320 0.617076
vn 0.970727 -0.216624 0.103744
vn 0.878827 -0.288151 0.380306
vn 0.700530 -0.028684 0.713046
vn 0.729432 -0.615536 -0.298403
vn 0.694795 -0.648947 -0.310045
vn 0.946324 -0.308641 0.095977
vn 0.930929 -0.153795 0.331238
vn 0.106724 -0.796508 -0.595135
vn 0.146522 -0.842322 -0.518676
vn 0.694795 -0.648947 -0.310045
vn 0.729432 -0.615536 -0.298403
vn 0.106724 -0.796508 -0.595135
vn -0.389574 -0.723989 -0.569272
vn -0.391421 -0.789441 -0.472834
vn 0.146522 -0.842322 -0.518676
vn -0.389574 -0.723989 -0.569272
vn -0.825884 -0.450300 -0.339332
vn -0.732897 -0.622666 -0.274135
vn -0.391421 -0.789441 -0.472834
vn -0.825884 -0.450300 -0.339332
vn -0.970727 -0.216625 0.103744
vn -0.891094 -0.453240 0.022899
vn -0.732897 -0.622666 -0.274135
vn -0.988447 -0.145910 0.041026
vn -0.785306 -0.495561 -0.371099
vn -0.690070 -0.654827 -0.308228
vn -0.944489 -0.315497 0.091664
vn -0.785306 -0.495561 -0.371099
vn -0.273618 -0.784783 -0.556101
vn -0.144626 -0.843393 -0.517466
vn -0.690070 -0.654827 -0.308228
vn 0.389196 -0.794272 -0.466539
vn -0.144626 -0.843393 -0.517466
vn -0.273618 -0.784783 -0.556101
vn 0.264675 -0.839494 -0.474550
vn 0.739879 -0.615825 -0.270812
vn 0.389196 -0.794272 -0.466539
vn 0.264675 -0.839494 -0.474550
vn 0.648377 -0.723204 -0.237870
vn 0.890110 -0.455008 0.025917
vn 0.739879 -0.615825 -0.270812
vn 0.648377 -0.723204 -0.237870
vn 0.842519 -0.535889 0.054640
vn 0.946324 -0.308641 0.095977
vn 0.988050 -0.146422 0.048133
vn 0.879701 0.100650 0.464753
vn 0.930929 -0.153795 0.331238
vn -0.988447 -0.145910 0.041026
vn -0.944489 -0.315497 0.091664
vn -0.930929 -0.153795 0.331238
vn -0.883424 0.091227 0.459609
vn -0.891094 -0.453240 0.022899
vn -0.970727 -0.216625 0.103744
vn -0.877226 -0.305058 0.370694
vn -0.841017 -0.538039 0.056608
vn 0.970727 -0.216624 0.103744
vn 0.890110 -0.455008 0.025917
vn 0.842519 -0.535889 0.054640
vn 0.878827 -0.288151 0.380306
vn -0.362212 0.658562 0.659620
vn -0.897038 0.272616 0.347854
vn -0.857478 0.420512 0.296481
vn -0.360497 0.713121 0.601249
vn 0.970727 -0.216624 0.103744
vn 0.773556 0.144320 0.617076
vn 0.623593 0.487473 0.611148
vn 0.993858 -0.036811 0.104365
vn 0.067836 0.741770 0.667215
vn -0.362212 0.658562 0.659620
vn -0.360497 0.713121 0.601249
vn 0.022828 0.798529 0.601523
vn 0.773556 0.144320 0.617076
vn 0.201822 0.372138 0.905970
vn 0.045007 0.607862 0.792766
vn 0.623593 0.487473 0.611148
vn 0.352514 0.734432 0.579952
vn 0.067836 0.741770 0.667215
vn 0.022828 0.798529 0.601523
vn 0.308856 0.797635 0.518060
vn 0.201822 0.372138 0.905970
vn -0.233096 0.308762 0.922134
vn -0.322393 0.529122 0.784916
vn 0.045007 0.607862 0.792766
vn 0.639719 0.648515 0.412538
vn 0.352514 0.734432 0.579952
vn 0.308856 0.797635 0.518060
vn 0.601455 0.718167 0.349984
vn -0.233096 0.308762 0.922134
vn -0.645221 0.200376 0.737252
vn -0.644577 0.366829 0.670788
vn -0.322393 0.529122 0.784916
vn 0.969588 0.242299 -0.034495
vn 0.639719 0.648515 0.412538
vn 0.601455 0.718167 0.349984
vn 0.947447 0.294172 -0.125726
vn -0.645221 0.200376 0.737252
vn -0.930929 -0.153795 0.331238
vn -0.952876 -0.008061 0.303252
vn -0.644577 0.366829 0.670788
vn 0.720294 -0.431390 -0.543212
vn 0.969588 0.242299 -0.034495
vn 0.947447 0.294172 -0.125726
vn 0.682907 -0.429688 -0.590768
vn -0.930929 -0.153795 0.331238
vn -0.729432 -0.615536 -0.298403
vn -0.779970 -0.565146 -0.268807
vn -0.952876 -0.008061 0.303252
vn 0.155079 -0.724826 -0.671251
vn 0.720294 -0.431390 -0.543212
vn 0.682907 -0.429688 -0.590768
vn 0.142898 -0.737098 -0.660505
vn -0.729432 -0.615536 -0.298403
vn -0.106724 -0.796508 -0.595135
vn -0.149060 -0.818884 -0.554265
vn -0.779970 -0.565146 -0.268807
vn -0.383200 -0.708484 -0.592628
vn 0.155079 -0.724826 -0.671251
vn 0.142898 -0.737098 -0.660505
vn -0.399262 -0.711671 -0.578026
vn -0.106724 -0.796508 -0.595135
vn 0.389575 -0.723989 -0.569272
vn 0.407052 -0.757095 -0.510995
vn -0.149060 -0.818884 -0.554265
vn -0.891199 -0.376926 -0.252371
vn -0.383200 -0.708484 -0.592628
vn -0.399262 -0.711671 -0.578026
vn -0.928301 -0.266528 -0.259268
vn 0.389575 -0.723989 -0.569272
vn 0.825884 -0.450300 -0.339332
vn 0.803306 -0.527672 -0.276154
vn 0.407052 -0.757095 -0.510995
vn -0.897038 0.272616 0.347854
vn -0.891199 -0.376926 -0.252371
vn -0.928301 -0.266528 -0.259268
vn -0.857478 0.420512 0.296481
vn 0.825884 -0.450300 -0.339332
vn 0.970727 -0.216624 0.103744
vn 0.993858 -0.036811 0.104365
vn 0.803306 -0.527672 -0.276154
vn 0.998270 0.005247 -0.058564
vn 0.400727 0.889604 0.219139
vn 0.415139 0.758993 0.501586
vn 0.996814 -0.056366 0.056431
vn -0.265224 0.912272 -0.312115
vn -0.605637 0.757002 0.245257
vn -0.988100 -0.116664 -0.100243
vn -0.351099 0.925622 -0.141257
vn 0.996814 -0.056366 0.056431
vn 0.389761 -0.860277 -0.328647
vn 0.384527 -0.893222 -0.233011
vn 0.998270 0.005247 -0.058564
vn 0.086238 -0.766984 0.635845
vn -0.401133 -0.912354 0.081866
vn -0.988100 -0.116664 -0.100243
vn -0.605637 0.757002 0.245257
vn 0.389761 -0.860277 -0.328647
vn -0.509045 -0.820609 -0.259758
vn -0.447402 -0.852990 -0.268772
vn 0.384527 -0.893222 -0.233011
vn 0.938197 -0.304002 0.165438
vn 0.442105 -0.894988 0.059499
vn 0.287773 -0.842595 0.455216
vn 0.100827 -0.699623 0.707363
vn -0.505173 0.657012 0.559586
vn 0.415139 0.758993 0.501586
vn 0.400727 0.889604 0.219139
vn -0.503150 0.765562 0.400942
vn -0.261011 0.949238 -0.175557
vn 0.639648 0.757102 0.132841
vn 0.938197 -0.304002 0.165438
vn 0.100827 -0.699623 0.707363
vn 0.345702 0.929129 -0.131186
vn -0.639644 0.757104 0.132852
vn -0.503150 0.765562 0.400942
vn 0.400727 0.889604 0.219139
vn -0.442104 -0.894988 0.059500
vn 0.387009 -0.917247 0.094244
vn 0.384527 -0.893222 -0.233011
vn -0.447402 -0.852990 -0.268772
vn 0.998270 0.005247 -0.058564
vn 0.384527 -0.893222 -0.233011
vn 0.387009 -0.917247 0.094244
vn 0.987496 -0.113364 -0.109545
vn 0.987496 -0.113364 -0.109545
vn 0.345702 0.929129 -0.131186
vn 0.400727 0.889604 0.219139
vn 0.998270 0.005247 -0.058564
vn 0.972510 -0.099832 0.210374
vn 0.505173 0.657012 0.559585
vn 0.487607 0.471774 0.734622
vn 0.890366 -0.170193 0.422236
vn 0.686072 -0.719113 -0.110370
vn 0.509044 -0.820610 -0.259757
vn 0.972510 -0.099832 0.210374
vn 0.890366 -0.170193 0.422236
vn -0.995297 -0.073025 0.063644
vn -0.392824 -0.856258 -0.335426
vn -0.241689 -0.959086 -0.147449
vn -0.944773 -0.212361 0.249614
vn -0.435104 0.743057 0.508479
vn -0.995297 -0.073025 0.063644
vn -0.944773 -0.212361 0.249614
vn -0.339704 0.475904 0.811244
vn -0.985446 -0.146125 0.086859
vn -0.503150 0.765562 0.400942
vn -0.639644 0.757104 0.132852
vn -0.938859 -0.288553 0.187833
vn -0.974458 -0.090730 0.205425
vn -0.505173 0.657012 0.559586
vn -0.503150 0.765562 0.400942
vn -0.985446 -0.146125 0.086859
vn -0.265224 0.912272 -0.312115
vn -0.351099 0.925622 -0.141257
vn 0.639648 0.757102 0.132841
vn -0.261011 0.949238 -0.175557
vn 0.487607 0.471774 0.734622
vn 0.505173 0.657012 0.559585
vn -0.435104 0.743057 0.508479
vn -0.339704 0.475904 0.811244
vn -0.985446 -0.146125 0.086859
vn -0.447402 -0.852990 -0.268772
vn -0.509045 -0.820609 -0.259758
vn -0.974458 -0.090730 0.205425
vn -0.938859 -0.288553 0.187833
vn -0.442104 -0.894988 0.059500
vn -0.447402 -0.852990 -0.268772
vn -0.985446 -0.146125 0.086859
vn -0.241689 -0.959086 -0.147449
vn -0.392824 -0.856258 -0.335426
vn 0.509044 -0.820610 -0.259757
vn 0.686072 -0.719113 -0.110370
vn 0.287773 -0.842595 0.455216
vn 0.442105 -0.894988 0.059499
vn -0.401133 -0.912354 0.081866
vn 0.086238 -0.766984 0.635845
vn 0.241688 -0.959086 -0.147449
vn 0.389761 -0.860277 -0.328647
vn 0.996814 -0.056366 0.056431
vn 0.944772 -0.212364 0.249613
vn -0.680889 -0.732382 -0.002577
vn -0.509045 -0.820609 -0.259758
vn 0.389761 -0.860277 -0.328647
vn 0.241688 -0.959086 -0.147449
vn -0.974458 -0.090730 0.205425
vn -0.509045 -0.820609 -0.259758
vn -0.680889 -0.732382 -0.002577
vn -0.890366 -0.170193 0.422236
vn -0.511582 0.483362 0.710384
vn -0.505173 0.657012 0.559586
vn -0.974458 -0.090730 0.205425
vn -0.890366 -0.170193 0.422236
vn 0.339703 0.475903 0.811244
vn 0.415139 0.758993 0.501586
vn -0.505173 0.657012 0.559586
vn -0.511582 0.483362 0.710384
vn 0.415139 0.758993 0.501586
vn 0.339703 0.475903 0.811244
vn 0.944772 -0.212364 0.249613
vn 0.996814 -0.056366 0.056431
vn -0.994048 -0.092150 -0.058111
vn -0.346083 -0.896410 -0.276904
vn -0.392824 -0.856258 -0.335426
vn -0.995297 -0.073025 0.063644
vn 0.509044 -0.820610 -0.259757
vn -0.392824 -0.856258 -0.335426
vn -0.346083 -0.896410 -0.276904
vn 0.447399 -0.852993 -0.268770
vn 0.972510 -0.099832 0.210374
vn 0.509044 -0.820610 -0.259757
vn 0.447399 -0.852993 -0.268770
vn 0.978084 -0.180463 0.103851
vn 0.978084 -0.180463 0.103851
vn 0.503150 0.765562 0.400943
vn 0.505173 0.657012 0.559585
vn 0.972510 -0.099832 0.210374
vn -0.435104 0.743057 0.508479
vn 0.505173 0.657012 0.559585
vn 0.503150 0.765562 0.400943
vn -0.400727 0.889604 0.219139
vn -0.994048 -0.092150 -0.058111
vn -0.995297 -0.073025 0.063644
vn -0.435104 0.743057 0.508479
vn -0.400727 0.889604 0.219139
vn -0.534499 0.727622 0.429974
vn 0.360019 0.824514 0.436535
vn 0.332305 0.905659 0.263354
vn -0.659740 0.684665 0.309802
vn 0.974969 -0.092261 0.202297
vn 0.534500 0.727622 0.429972
vn 0.578042 0.502257 0.643122
vn 0.927981 -0.128581 0.349741
vn -0.345497 -0.917333 -0.197818
vn -0.258810 -0.958203 -0.121916
vn -0.976886 -0.096375 0.190801
vn -0.996538 -0.058994 0.058585
vn -0.083204 -0.982335 0.167615
vn 0.258829 -0.958206 -0.121858
vn 0.974969 -0.092261 0.202297
vn 0.927981 -0.128581 0.349741
vn 0.958785 -0.260486 -0.113484
vn 0.962323 -0.265171 0.060155
vn -0.258810 -0.958203 -0.121916
vn -0.345497 -0.917333 -0.197818
vn -0.896014 -0.294693 0.332137
vn -0.962340 -0.265115 0.060140
vn 0.258829 -0.958206 -0.121858
vn -0.083204 -0.982335 0.167615
vn -0.369544 0.817484 0.441767
vn -0.962340 -0.265115 0.060140
vn -0.896014 -0.294693 0.332137
vn -0.259401 0.635365 0.727339
vn -0.976886 -0.096375 0.190801
vn -0.534499 0.727622 0.429974
vn -0.659740 0.684665 0.309802
vn -0.996538 -0.058994 0.058585
vn 0.534500 0.727622 0.429972
vn -0.369544 0.817484 0.441767
vn -0.259401 0.635365 0.727339
vn 0.578042 0.502257 0.643122
vn 0.360019 0.824514 0.436535
vn 0.962323 -0.265171 0.060155
vn 0.958785 -0.260486 -0.113484
vn 0.332305 0.905659 0.263354
vn -0.676732 0.597271 0.430467
vn 0.342877 0.939289 0.013071
vn 0.347645 0.898614 -0.267650
vn 0.605638 0.757002 0.245258
vn 0.680714 0.679509 0.273672
vn 0.996538 -0.058993 0.058585
vn 0.828966 -0.212148 0.517502
vn 0.702419 0.609000 0.368411
vn -0.295048 -0.955131 0.025915
vn -0.789248 -0.321793 0.523008
vn -0.086239 -0.766984 0.635845
vn 0.153631 -0.953452 0.259473
vn 0.996538 -0.058993 0.058585
vn 0.345497 -0.917333 -0.197818
vn 0.287842 -0.956310 0.051168
vn 0.828966 -0.212148 0.517502
vn 0.912243 -0.241462 -0.330921
vn -0.295048 -0.955131 0.025915
vn 0.153631 -0.953452 0.259473
vn 0.846066 -0.088308 -0.525712
vn 0.345497 -0.917333 -0.197818
vn -0.958785 -0.260486 -0.113484
vn -0.912244 -0.241461 -0.330920
vn 0.287842 -0.956310 0.051168
vn -0.789248 -0.321793 0.523008
vn -0.676732 0.597271 0.430467
vn 0.605638 0.757002 0.245258
vn -0.086239 -0.766984 0.635845
vn -0.332305 0.905659 0.263354
vn 0.680714 0.679509 0.273672
vn 0.702419 0.609000 0.368411
vn -0.346306 0.937832 0.023293
vn 0.342877 0.939289 0.013071
vn 0.912243 -0.241462 -0.330921
vn 0.846066 -0.088308 -0.525712
vn 0.347645 0.898614 -0.267650
vn -0.958785 -0.260486 -0.113484
vn -0.332305 0.905659 0.263354
vn -0.346306 0.937832 0.023293
vn -0.912244 -0.241461 -0.330920
vn 0.835032 0.218834 0.504811
vn 0.964300 0.219690 0.147858
vn 0.406612 0.762124 0.503819
vn 0.342176 0.563542 0.751888
vn -0.964300 0.219691 0.147858
vn -0.835032 0.218833 0.504811
vn -0.342176 0.563542 0.751888
vn -0.406612 0.762124 0.503818
vn -0.248583 0.483307 0.839417
vn -0.370565 0.696322 0.614668
vn -0.852410 0.292063 0.433701
vn -0.771162 0.164260 0.615083
vn 0.852410 0.292063 0.433701
vn 0.770267 0.162780 0.616597
vn 0.782289 -0.424538 0.455841
vn 0.922960 -0.379135 0.066347
vn -0.782288 -0.424539 0.455841
vn -0.922960 -0.379135 0.066347
vn -0.163089 -0.932766 -0.321480
vn -0.159393 -0.986081 -0.047306
vn 0.922960 -0.379135 0.066347
vn 0.782289 -0.424538 0.455841
vn 0.159393 -0.986081 -0.047306
vn 0.163089 -0.932766 -0.321480
vn -0.159393 -0.986081 -0.047306
vn -0.163089 -0.932766 -0.321480
vn 0.800301 -0.549496 -0.239943
vn 0.743515 -0.666628 0.052855
vn 0.163089 -0.932766 -0.321480
vn 0.159393 -0.986081 -0.047306
vn -0.743514 -0.666628 0.052854
vn -0.800301 -0.549496 -0.239943
vn 0.743515 -0.666628 0.052855
vn 0.800301 -0.549496 -0.239943
vn 0.964300 0.219690 0.147858
vn 0.835032 0.218834 0.504811
vn -0.800301 -0.549496 -0.239943
vn -0.743514 -0.666628 0.052854
vn -0.835032 0.218833 0.504811
vn -0.964300 0.219691 0.147858
vn -0.771162 0.164260 0.615083
vn -0.852410 0.292063 0.433701
vn -0.922960 -0.379135 0.066347
vn -0.782288 -0.424539 0.455841
vn -0.406612 0.762124 0.503818
vn -0.342176 0.563542 0.751888
vn 0.248583 0.483308 0.839417
vn 0.348219 0.706434 0.616194
vn 0.437959 0.897476 0.052237
vn 0.988984 0.143610 0.035873
vn 0.207600 0.958811 -0.193867
vn 0.261011 0.922756 -0.283540
vn -0.964300 0.219691 0.147858
vn -0.406612 0.762124 0.503818
vn -0.467285 0.829547 0.305771
vn -0.998266 0.051491 0.028524
vn -0.952139 0.265644 0.151213
vn -0.518776 0.847839 0.109730
vn -0.517372 0.833765 -0.192774
vn -0.485181 0.872643 -0.055613
vn -0.406612 0.762124 0.503818
vn 0.348219 0.706434 0.616194
vn 0.420559 0.804286 0.419827
vn -0.467285 0.829547 0.305771
vn -0.031121 -0.998260 -0.050089
vn -0.870592 -0.485464 0.079964
vn 0.267319 -0.717357 0.643381
vn 0.094754 -0.872209 0.479867
vn 0.922960 -0.379135 0.066347
vn 0.163089 -0.932766 -0.321480
vn 0.097892 -0.911175 -0.400220
vn 0.904258 -0.423512 -0.054363
vn 0.703561 -0.709942 -0.031377
vn -0.031121 -0.998260 -0.050089
vn 0.094754 -0.872209 0.479867
vn -0.100827 -0.699622 0.707363
vn 0.163089 -0.932766 -0.321480
vn -0.800301 -0.549496 -0.239943
vn -0.722780 -0.635581 -0.271341
vn 0.097892 -0.911175 -0.400220
vn 0.988984 0.143610 0.035873
vn 0.703561 -0.709942 -0.031377
vn -0.100827 -0.699622 0.707363
vn 0.207600 0.958811 -0.193867
vn -0.800301 -0.549496 -0.239943
vn -0.964300 0.219691 0.147858
vn -0.998266 0.051491 0.028524
vn -0.722780 -0.635581 -0.271341
vn -0.870592 -0.485464 0.079964
vn -0.952139 0.265644 0.151213
vn -0.485181 0.872643 -0.055613
vn 0.267319 -0.717357 0.643381
vn 0.852410 0.292063 0.433701
vn 0.922960 -0.379135 0.066347
vn 0.904258 -0.423512 -0.054363
vn 0.945394 0.264068 0.191046
vn 0.964300 0.219690 0.147858
vn 0.800301 -0.549496 -0.239943
vn 0.732545 -0.597674 -0.325828
vn 0.998963 0.039159 0.023227
vn 0.800301 -0.549496 -0.239943
vn -0.163089 -0.932766 -0.321480
vn -0.143226 -0.917145 -0.371930
vn 0.732545 -0.597674 -0.325828
vn -0.163089 -0.932766 -0.321480
vn -0.922960 -0.379135 0.066347
vn -0.891868 -0.442713 -0.092614
vn -0.143226 -0.917145 -0.371930
vn -0.922960 -0.379135 0.066347
vn -0.852410 0.292063 0.433701
vn -0.943138 0.259840 0.207302
vn -0.891868 -0.442713 -0.092614
vn -0.852410 0.292063 0.433701
vn -0.370565 0.696322 0.614668
vn -0.420557 0.804287 0.419826
vn -0.943138 0.259840 0.207302
vn 0.406612 0.762124 0.503819
vn 0.964300 0.219690 0.147858
vn 0.998963 0.039159 0.023227
vn 0.440872 0.828987 0.344111
vn -0.722780 -0.635581 -0.271341
vn -0.998266 0.051491 0.028524
vn -0.989133 0.138822 0.048427
vn -0.715038 -0.698917 -0.015320
vn 0.097892 -0.911175 -0.400220
vn -0.722780 -0.635581 -0.271341
vn -0.715038 -0.698917 -0.015320
vn 0.060094 -0.996056 -0.065273
vn 0.904258 -0.423512 -0.054363
vn 0.097892 -0.911175 -0.400220
vn 0.060094 -0.996056 -0.065273
vn 0.868301 -0.486420 0.097208
vn 0.945394 0.264068 0.191046
vn 0.904258 -0.423512 -0.054363
vn 0.868301 -0.486420 0.097208
vn 0.953151 0.263070 0.149322
vn -0.467285 0.829547 0.305771
vn 0.420559 0.804286 0.419827
vn 0.518775 0.847839 0.109737
vn -0.436793 0.897811 0.056099
vn -0.998266 0.051491 0.028524
vn -0.467285 0.829547 0.305771
vn -0.436793 0.897811 0.056099
vn -0.989133 0.138822 0.048427
vn -0.182086 0.745365 0.641308
vn -0.894963 0.292668 0.336728
vn -0.926850 0.120045 0.355723
vn -0.311970 0.504523 0.805066
vn -0.691119 0.500277 0.521610
vn 0.182074 0.745253 0.641441
vn 0.061354 0.847873 0.526637
vn -0.723937 0.556306 0.407970
vn -0.926850 0.120045 0.355723
vn -0.894963 0.292668 0.336728
vn -0.712499 -0.649926 -0.264462
vn -0.669757 -0.741956 -0.030433
vn 0.907488 0.341306 0.244901
vn 0.906546 0.272742 0.322160
vn 0.714278 -0.636682 -0.290591
vn 0.765991 -0.599212 -0.232814
vn 0.212345 -0.941547 -0.261530
vn -0.669757 -0.741956 -0.030433
vn -0.712499 -0.649926 -0.264462
vn 0.099500 -0.925339 -0.365852
vn 0.714278 -0.636682 -0.290591
vn -0.112170 -0.922933 -0.368256
vn -0.104399 -0.933757 -0.342344
vn 0.765991 -0.599212 -0.232814
vn 0.692524 0.489037 0.530334
vn -0.182086 0.745365 0.641308
vn -0.311970 0.504523 0.805066
vn 0.460120 0.435901 0.773486
vn 0.182074 0.745253 0.641441
vn 0.906546 0.272742 0.322160
vn 0.907488 0.341306 0.244901
vn 0.061354 0.847873 0.526637
vn 0.212345 -0.941547 -0.261530
vn 0.099500 -0.925339 -0.365852
vn 0.884629 -0.466078 -0.014242
vn 0.852469 -0.398118 0.338821
vn -0.104399 -0.933757 -0.342344
vn -0.112170 -0.922933 -0.368256
vn -0.893067 -0.449667 -0.015225
vn -0.864499 -0.476431 -0.160169
vn 0.884629 -0.466078 -0.014242
vn 0.692524 0.489037 0.530334
vn 0.460120 0.435901 0.773486
vn 0.852469 -0.398118 0.338821
vn -0.893067 -0.449667 -0.015225
vn -0.691119 0.500277 0.521610
vn -0.723937 0.556306 0.407970
vn -0.864499 -0.476431 -0.160169
vn 0.058214 0.951950 0.300670
vn 0.849437 0.454637 0.267884
vn -0.485181 0.872643 -0.055613
vn 0.023949 0.994655 -0.100441
vn 0.061354 0.847873 0.526637
vn 0.907488 0.341306 0.244901
vn 0.885073 0.463016 0.047561
vn -0.010586 0.936875 0.349503
vn -0.857679 -0.513400 -0.028426
vn -0.906967 0.413285 0.081281
vn -0.765111 0.613375 -0.195896
vn -0.928272 -0.364675 0.072960
vn 0.907488 0.341306 0.244901
vn 0.765991 -0.599212 -0.232814
vn 0.835665 -0.549240 -0.000436
vn 0.885073 0.463016 0.047561
vn 0.107862 -0.992508 -0.057394
vn -0.857679 -0.513400 -0.028426
vn -0.928272 -0.364675 0.072960
vn 0.168345 -0.909928 0.379067
vn 0.765991 -0.599212 -0.232814
vn -0.104399 -0.933757 -0.342344
vn -0.107862 -0.992508 -0.057393
vn 0.835665 -0.549240 -0.000436
vn -0.906967 0.413285 0.081281
vn 0.058214 0.951950 0.300670
vn 0.023949 0.994655 -0.100441
vn -0.765111 0.613375 -0.195896
vn -0.723937 0.556306 0.407970
vn 0.061354 0.847873 0.526637
vn -0.010586 0.936875 0.349503
vn -0.821779 0.459056 0.337561
vn 0.931793 -0.362538 0.018107
vn 0.107862 -0.992508 -0.057394
vn 0.168345 -0.909928 0.379067
vn 0.267319 -0.717357 0.643381
vn -0.104399 -0.933757 -0.342344
vn -0.864499 -0.476431 -0.160169
vn -0.910625 -0.410048 0.051203
vn -0.107862 -0.992508 -0.057393
vn 0.849437 0.454637 0.267884
vn 0.931793 -0.362538 0.018107
vn 0.267319 -0.717357 0.643381
vn -0.485181 0.872643 -0.055613
vn -0.864499 -0.476431 -0.160169
vn -0.723937 0.556306 0.407970
vn -0.821779 0.459056 0.337561
vn -0.910625 -0.410048 0.051203
vn -0.990812 -0.081366 0.108036
vn -0.798624 -0.519767 -0.303383
vn -0.775419 -0.578152 -0.253900
vn -0.968885 -0.136872 0.206224
vn -0.798624 -0.519767 -0.303383
vn -0.392326 -0.774914 -0.495568
vn -0.413257 -0.783108 -0.464715
vn -0.775419 -0.578152 -0.253900
vn -0.392326 -0.774914 -0.495568
vn 0.128301 -0.830820 -0.541550
vn 0.111995 -0.847762 -0.518417
vn -0.413257 -0.783108 -0.464715
vn 0.128301 -0.830820 -0.541550
vn 0.763522 -0.572817 -0.298187
vn 0.777082 -0.573813 -0.258616
vn 0.111995 -0.847762 -0.518417
vn 0.763522 -0.572817 -0.298187
vn 0.950171 -0.020163 0.311077
vn 0.963693 0.001640 0.267009
vn 0.777082 -0.573813 -0.258616
vn 0.950171 -0.020163 0.311077
vn 0.659350 0.367655 0.655811
vn 0.687777 0.387468 0.613866
vn 0.963693 0.001640 0.267009
vn 0.659350 0.367655 0.655811
vn 0.351140 0.520613 0.778243
vn 0.400892 0.533184 0.744983
vn 0.687777 0.387468 0.613866
vn 0.351140 0.520613 0.778243
vn -0.031491 0.593824 0.803978
vn 0.068620 0.581581 0.810589
vn 0.400892 0.533184 0.744983
vn -0.031491 0.593824 0.803978
vn -0.619257 0.448820 0.644268
vn -0.542301 0.422466 0.726245
vn 0.068620 0.581581 0.810589
vn -0.619257 0.448820 0.644268
vn -0.990812 -0.081366 0.108036
vn -0.968885 -0.136872 0.206224
vn -0.542301 0.422466 0.726245
vn 0.775420 -0.578152 -0.253899
vn 0.965295 -0.143103 0.218463
vn 0.977737 -0.022095 0.208667
vn 0.803637 -0.485978 -0.343501
vn 0.413257 -0.783108 -0.464715
vn 0.775420 -0.578152 -0.253899
vn 0.803637 -0.485978 -0.343501
vn 0.393274 -0.719406 -0.572530
vn -0.136936 -0.847112 -0.513469
vn 0.413257 -0.783108 -0.464715
vn 0.393274 -0.719406 -0.572530
vn -0.142435 -0.773303 -0.617831
vn -0.758848 -0.593855 -0.267367
vn -0.136936 -0.847112 -0.513469
vn -0.142435 -0.773303 -0.617831
vn -0.771059 -0.515142 -0.374294
vn -0.962766 -0.012875 0.270031
vn -0.758848 -0.593855 -0.267367
vn -0.771059 -0.515142 -0.374294
vn -0.982608 0.071720 0.171283
vn -0.687595 0.386957 0.614391
vn -0.962766 -0.012875 0.270031
vn -0.982608 0.071720 0.171283
vn -0.699543 0.423099 0.575871
vn -0.396545 0.532403 0.747863
vn -0.687595 0.386957 0.614391
vn -0.699543 0.423099 0.575871
vn -0.410335 0.556769 0.722242
vn -0.059211 0.579025 0.813157
vn -0.396545 0.532403 0.747863
vn -0.410335 0.556769 0.722242
vn -0.089560 0.594184 0.799328
vn 0.547637 0.415520 0.726249
vn -0.059211 0.579025 0.813157
vn -0.089560 0.594184 0.799328
vn 0.490717 0.481767 0.726015
vn 0.965295 -0.143103 0.218463
vn 0.547637 0.415520 0.726249
vn 0.490717 0.481767 0.726015
vn 0.977737 -0.022095 0.208667
vn 0.347645 0.898614 -0.267650
vn 0.361117 0.768049 -0.528861
vn 0.309938 0.846758 -0.432365
vn 0.605638 0.757002 0.245258
vn -0.361117 0.768050 -0.528861
vn -0.347645 0.898613 -0.267651
vn -0.605637 0.757002 0.245257
vn -0.309938 0.846758 -0.432365
vn 0.361117 0.768049 -0.528861
vn 0.795649 0.152630 -0.586214
vn 0.354022 0.802256 -0.480681
vn 0.309938 0.846758 -0.432365
vn -0.795649 0.152630 -0.586214
vn -0.361117 0.768050 -0.528861
vn -0.309938 0.846758 -0.432365
vn -0.354022 0.802256 -0.480680
vn 0.361117 0.768049 -0.528861
vn 0.347645 0.898614 -0.267650
vn 0.846066 -0.088308 -0.525712
vn 0.795649 0.152630 -0.586214
vn -0.347645 0.898613 -0.267651
vn -0.361117 0.768050 -0.528861
vn -0.795649 0.152630 -0.586214
vn -0.846067 -0.088308 -0.525712
vn 0.309938 0.846758 -0.432365
vn 0.365830 0.812926 -0.453123
vn 0.265224 0.912272 -0.312115
vn 0.605638 0.757002 0.245258
vn -0.365829 0.812926 -0.453123
vn -0.309938 0.846758 -0.432365
vn -0.605637 0.757002 0.245257
vn -0.265224 0.912272 -0.312115
vn 0.185368 0.870463 -0.455997
vn 0.207600 0.958811 -0.193867
vn 0.265224 0.912272 -0.312115
vn 0.365830 0.812926 -0.453123
vn -0.261011 0.949238 -0.175557
vn -0.185368 0.870463 -0.455997
vn -0.365829 0.812926 -0.453123
vn -0.265224 0.912272 -0.312115
vn 0.365830 0.812926 -0.453123
vn 0.309938 0.846758 -0.432365
vn 0.354022 0.802256 -0.480681
vn 0.185368 0.870463 -0.455997
vn -0.309938 0.846758 -0.432365
vn -0.365829 0.812926 -0.453123
vn -0.185368 0.870463 -0.455997
vn -0.354022 0.802256 -0.480680
vn 0.354022 0.802256 -0.480681
vn 0.507006 0.861591 -0.024616
vn 0.280615 0.959793 -0.007207
vn 0.185368 0.870463 -0.455997
vn -0.507006 0.861591 -0.024615
vn -0.354022 0.802256 -0.480680
vn -0.185368 0.870463 -0.455997
vn -0.280615 0.959793 -0.007207
vn 0.507006 0.861591 -0.024616
vn 0.354022 0.802256 -0.480681
vn 0.795649 0.152630 -0.586214
vn 0.884121 0.316963 -0.343314
vn -0.354022 0.802256 -0.480680
vn -0.507006 0.861591 -0.024615
vn -0.884121 0.316963 -0.343313
vn -0.795649 0.152630 -0.586214
vn 0.185368 0.870463 -0.455997
vn -0.099223 0.886589 -0.451790
vn 0.261011 0.922756 -0.283540
vn 0.207600 0.958811 -0.193867
vn 0.099224 0.886589 -0.451790
vn -0.185368 0.870463 -0.455997
vn -0.261011 0.949238 -0.175557
vn -0.261011 0.922756 -0.283541
vn 0.185368 0.870463 -0.455997
vn 0.280615 0.959793 -0.007207
vn -0.111974 0.993003 0.037501
vn -0.099223 0.886589 -0.451790
vn -0.280615 0.959793 -0.007207
vn -0.185368 0.870463 -0.455997
vn 0.099224 0.886589 -0.451790
vn 0.111974 0.993003 0.037501
vn -0.253573 0.841351 -0.477315
vn -0.070593 0.855497 -0.512973
vn 0.023949 0.994655 -0.100441
vn -0.485181 0.872643 -0.055613
vn 0.070593 0.855497 -0.512974
vn 0.253574 0.841350 -0.477316
vn 0.485181 0.872643 -0.055613
vn -0.023949 0.994655 -0.100441
vn 0.023949 0.994655 -0.100441
vn -0.070593 0.855497 -0.512973
vn -0.598329 0.640104 -0.481944
vn -0.765111 0.613375 -0.195896
vn 0.070593 0.855497 -0.512974
vn -0.023949 0.994655 -0.100441
vn 0.765111 0.613375 -0.195897
vn 0.598329 0.640104 -0.481944
vn -0.598329 0.640104 -0.481944
vn -0.070593 0.855497 -0.512973
vn -0.253573 0.841351 -0.477315
vn -0.224424 0.850456 -0.475771
vn 0.070593 0.855497 -0.512974
vn 0.598329 0.640104 -0.481944
vn 0.224425 0.850456 -0.475771
vn 0.253574 0.841350 -0.477316
vn -0.696876 0.696186 -0.172303
vn -0.598329 0.640104 -0.481944
vn -0.224424 0.850456 -0.475771
vn -0.352291 0.935859 0.007680
vn 0.598329 0.640104 -0.481944
vn 0.696877 0.696186 -0.172303
vn 0.352291 0.935859 0.007680
vn 0.224425 0.850456 -0.475771
vn 0.342176 0.563542 0.751888
vn 0.406612 0.762124 0.503819
vn -0.370565 0.696322 0.614668
vn -0.248583 0.483307 0.839417
vn -0.420557 0.804287 0.419826
vn -0.370565 0.696322 0.614668
vn 0.406612 0.762124 0.503819
vn 0.440872 0.828987 0.344111
vn -0.517372 0.833765 -0.192774
vn -0.518776 0.847839 0.109730
vn 0.437959 0.897476 0.052237
vn 0.261011 0.922756 -0.283540
vn 0.348219 0.706434 0.616194
vn 0.248583 0.483308 0.839417
vn 0.770267 0.162780 0.616597
vn 0.852410 0.292063 0.433701
vn 0.420559 0.804286 0.419827
vn 0.348219 0.706434 0.616194
vn 0.852410 0.292063 0.433701
vn 0.945394 0.264068 0.191046
vn 0.953151 0.263070 0.149322
vn 0.518775 0.847839 0.109737
vn 0.420559 0.804286 0.419827
vn 0.945394 0.264068 0.191046
vn -0.545362 0.762185 -0.348790
vn -0.253573 0.841351 -0.477315
vn -0.485181 0.872643 -0.055613
vn -0.517372 0.833765 -0.192774
vn 0.253574 0.841350 -0.477316
vn 0.545362 0.762185 -0.348791
vn 0.551963 0.811389 -0.192314
vn 0.485181 0.872643 -0.055613
vn -0.099223 0.886589 -0.451790
vn -0.545362 0.762185 -0.348790
vn -0.517372 0.833765 -0.192774
vn 0.261011 0.922756 -0.283540
vn 0.545362 0.762185 -0.348791
vn 0.099224 0.886589 -0.451790
vn -0.261011 0.922756 -0.283541
vn 0.551963 0.811389 -0.192314
vn -0.099223 0.886589 -0.451790
vn -0.224424 0.850456 -0.475771
vn -0.253573 0.841351 -0.477315
vn -0.545362 0.762185 -0.348790
vn 0.224425 0.850456 -0.475771
vn 0.099224 0.886589 -0.451790
vn 0.545362 0.762185 -0.348791
vn 0.253574 0.841350 -0.477316
vn -0.352291 0.935859 0.007680
vn -0.224424 0.850456 -0.475771
vn -0.099223 0.886589 -0.451790
vn -0.111974 0.993003 0.037501
vn 0.224425 0.850456 -0.475771
vn 0.352291 0.935859 0.007680
vn 0.111974 0.993003 0.037501
vn 0.099224 0.886589 -0.451790
vn 0.190871 -0.796627 0.573544
vn 0.094754 -0.872209 0.479867
vn 0.267319 -0.717357 0.643381
vn 0.342540 -0.732283 0.588581
vn -0.094754 -0.872210 0.479867
vn -0.190871 -0.796627 0.573544
vn -0.342540 -0.732283 0.588581
vn -0.267319 -0.717358 0.643381
vn -0.082951 -0.842475 0.532311
vn 0.342540 -0.732283 0.588581
vn 0.267319 -0.717357 0.643381
vn 0.168345 -0.909928 0.379067
vn -0.342540 -0.732283 0.588581
vn 0.082951 -0.842475 0.532311
vn -0.168344 -0.909928 0.379067
vn -0.267319 -0.717358 0.643381
vn 0.168345 -0.909928 0.379067
vn -0.928272 -0.364675 0.072960
vn -0.940861 -0.337226 0.032556
vn -0.082951 -0.842475 0.532311
vn 0.928272 -0.364675 0.072960
vn -0.168344 -0.909928 0.379067
vn 0.082951 -0.842475 0.532311
vn 0.940860 -0.337227 0.032556
vn -0.940861 -0.337226 0.032556
vn -0.928272 -0.364675 0.072960
vn -0.765111 0.613375 -0.195896
vn -0.598329 0.640104 -0.481944
vn 0.928272 -0.364675 0.072960
vn 0.940860 -0.337227 0.032556
vn 0.598329 0.640104 -0.481944
vn 0.765111 0.613375 -0.195897
vn -0.086239 -0.766984 0.635845
vn -0.091827 -0.874226 0.476756
vn 0.474006 -0.878942 -0.052719
vn 0.153631 -0.953452 0.259473
vn 0.091827 -0.874226 0.476757
vn 0.086238 -0.766984 0.635845
vn -0.153631 -0.953452 0.259474
vn -0.474006 -0.878942 -0.052718
vn -0.167969 -0.760069 0.627759
vn -0.091827 -0.874226 0.476756
vn -0.086239 -0.766984 0.635845
vn -0.282742 -0.848988 0.446403
vn 0.091827 -0.874226 0.476757
vn 0.167969 -0.760068 0.627760
vn 0.287773 -0.842595 0.455216
vn 0.086238 -0.766984 0.635845
vn 0.153631 -0.953452 0.259473
vn 0.474006 -0.878942 -0.052719
vn 0.795649 0.152630 -0.586214
vn 0.846066 -0.088308 -0.525712
vn -0.474006 -0.878942 -0.052718
vn -0.153631 -0.953452 0.259474
vn -0.846067 -0.088308 -0.525712
vn -0.795649 0.152630 -0.586214
vn -0.598329 0.640104 -0.481944
vn -0.696876 0.696186 -0.172303
vn -0.801135 -0.598461 0.005141
vn -0.940861 -0.337226 0.032556
vn 0.696877 0.696186 -0.172303
vn 0.598329 0.640104 -0.481944
vn 0.940860 -0.337227 0.032556
vn 0.801135 -0.598461 0.005141
vn 0.190871 -0.796627 0.573544
vn -0.034400 -0.782932 0.621155
vn -0.100827 -0.699622 0.707363
vn 0.094754 -0.872209 0.479867
vn 0.034400 -0.782932 0.621156
vn -0.190871 -0.796627 0.573544
vn -0.094754 -0.872210 0.479867
vn 0.100827 -0.699623 0.707363
vn -0.034400 -0.782932 0.621155
vn -0.167969 -0.760069 0.627759
vn -0.282742 -0.848988 0.446403
vn -0.100827 -0.699622 0.707363
vn 0.167969 -0.760068 0.627760
vn 0.034400 -0.782932 0.621156
vn 0.100827 -0.699623 0.707363
vn 0.287773 -0.842595 0.455216
vn 0.884121 0.316963 -0.343314
vn 0.795649 0.152630 -0.586214
vn 0.474006 -0.878942 -0.052719
vn 0.627682 -0.729054 -0.272940
vn -0.795649 0.152630 -0.586214
vn -0.884121 0.316963 -0.343313
vn -0.627682 -0.729054 -0.272940
vn -0.474006 -0.878942 -0.052718
vn 0.627682 -0.729054 -0.272940
vn 0.474006 -0.878942 -0.052719
vn -0.091827 -0.874226 0.476756
vn 0.062856 -0.959825 0.273467
vn -0.474006 -0.878942 -0.052718
vn -0.627682 -0.729054 -0.272940
vn -0.062856 -0.959825 0.273468
vn 0.091827 -0.874226 0.476757
vn 0.062856 -0.959825 0.273467
vn -0.091827 -0.874226 0.476756
vn -0.167969 -0.760069 0.627759
vn -0.034400 -0.782932 0.621155
vn 0.091827 -0.874226 0.476757
vn -0.062856 -0.959825 0.273468
vn 0.034400 -0.782932 0.621156
vn 0.167969 -0.760068 0.627760
vn 0.190871 -0.796627 0.573544
vn -0.071918 -0.963877 0.256453
vn 0.062856 -0.959825 0.273467
vn -0.034400 -0.782932 0.621155
vn 0.071918 -0.963878 0.256453
vn -0.190871 -0.796627 0.573544
vn 0.034400 -0.782932 0.621156
vn -0.062856 -0.959825 0.273468
vn -0.082951 -0.842475 0.532311
vn 0.053071 -0.879053 0.473761
vn 0.190871 -0.796627 0.573544
vn 0.342540 -0.732283 0.588581
vn -0.053071 -0.879053 0.473761
vn 0.082951 -0.842475 0.532311
vn -0.342540 -0.732283 0.588581
vn -0.190871 -0.796627 0.573544
vn 0.053071 -0.879053 0.473761
vn -0.082951 -0.842475 0.532311
vn -0.940861 -0.337226 0.032556
vn -0.801135 -0.598461 0.005141
vn 0.082951 -0.842475 0.532311
vn -0.053071 -0.879053 0.473761
vn 0.801135 -0.598461 0.005141
vn 0.940860 -0.337227 0.032556
vn -0.071918 -0.963877 0.256453
vn 0.190871 -0.796627 0.573544
vn 0.053071 -0.879053 0.473761
vn -0.801135 -0.598461 0.005141
vn -0.190871 -0.796627 0.573544
vn 0.071918 -0.963878 0.256453
vn 0.801135 -0.598461 0.005141
vn -0.053071 -0.879053 0.473761
vn 0.332305 0.905659 0.263354
vn 0.958785 -0.260486 -0.113484
vn 0.912243 -0.241462 -0.330921
vn 0.342877 0.939289 0.013071
vn 0.958785 -0.260486 -0.113484
vn -0.345497 -0.917333 -0.197818
vn -0.295048 -0.955131 0.025915
vn 0.912243 -0.241462 -0.330921
vn -0.345497 -0.917333 -0.197818
vn -0.996538 -0.058994 0.058585
vn -0.789248 -0.321793 0.523008
vn -0.295048 -0.955131 0.025915
vn -0.996538 -0.058994 0.058585
vn -0.659740 0.684665 0.309802
vn -0.676732 0.597271 0.430467
vn -0.789248 -0.321793 0.523008
vn -0.659740 0.684665 0.309802
vn 0.332305 0.905659 0.263354
vn 0.342877 0.939289 0.013071
vn -0.676732 0.597271 0.430467
vn -0.912244 -0.241461 -0.330920
vn -0.346306 0.937832 0.023293
vn -0.347645 0.898613 -0.267651
vn -0.846067 -0.088308 -0.525712
vn 0.287842 -0.956310 0.051168
vn -0.912244 -0.241461 -0.330920
vn -0.846067 -0.088308 -0.525712
vn -0.153631 -0.953452 0.259474
vn 0.828966 -0.212148 0.517502
vn 0.287842 -0.956310 0.051168
vn -0.153631 -0.953452 0.259474
vn 0.086238 -0.766984 0.635845
vn 0.702419 0.609000 0.368411
vn 0.828966 -0.212148 0.517502
vn 0.086238 -0.766984 0.635845
vn -0.605637 0.757002 0.245257
vn -0.346306 0.937832 0.023293
vn 0.702419 0.609000 0.368411
vn -0.605637 0.757002 0.245257
vn -0.347645 0.898613 -0.267651
vn -0.973717 -0.025050 0.226380
vn -0.802326 -0.496478 -0.331336
vn -0.851278 -0.418680 -0.316279
vn -0.947612 0.158742 0.277186
vn -0.802326 -0.496478 -0.331336
vn -0.390993 -0.720494 -0.572723
vn -0.378228 -0.693964 -0.612665
vn -0.851278 -0.418680 -0.316279
vn -0.390993 -0.720494 -0.572723
vn 0.145369 -0.773403 -0.617022
vn 0.160283 -0.726570 -0.668136
vn -0.378228 -0.693964 -0.612665
vn 0.145369 -0.773403 -0.617022
vn 0.771890 -0.502203 -0.389843
vn 0.756637 -0.441965 -0.481838
vn 0.160283 -0.726570 -0.668136
vn 0.771890 -0.502203 -0.389843
vn 0.980441 0.053568 0.189381
vn 0.984363 0.163568 0.065379
vn 0.756637 -0.441965 -0.481838
vn 0.980441 0.053568 0.189381
vn 0.698219 0.423824 0.576944
vn 0.684449 0.539715 0.490141
vn 0.984363 0.163568 0.065379
vn 0.698219 0.423824 0.576944
vn 0.410853 0.556655 0.722035
vn 0.402266 0.639390 0.655257
vn 0.684449 0.539715 0.490141
vn 0.410853 0.556655 0.722035
vn 0.093245 0.593506 0.799410
vn 0.089628 0.667224 0.739445
vn 0.402266 0.639390 0.655257
vn 0.093245 0.593506 0.799410
vn -0.475326 0.477280 0.739100
vn -0.408816 0.590016 0.696240
vn 0.089628 0.667224 0.739445
vn -0.475326 0.477280 0.739100
vn -0.973717 -0.025050 0.226380
vn -0.947612 0.158742 0.277186
vn -0.408816 0.590016 0.696240
vn 0.949210 -0.263936 -0.171286
vn 0.764321 0.594338 0.250154
vn 0.696877 0.696186 -0.172303
vn 0.801135 -0.598461 0.005141
vn 0.336963 -0.895164 -0.291783
vn 0.949210 -0.263936 -0.171286
vn 0.801135 -0.598461 0.005141
vn 0.071918 -0.963878 0.256453
vn -0.187190 -0.934605 -0.302445
vn 0.336963 -0.895164 -0.291783
vn 0.071918 -0.963878 0.256453
vn -0.062856 -0.959825 0.273468
vn -0.721914 -0.510221 -0.467455
vn -0.187190 -0.934605 -0.302445
vn -0.062856 -0.959825 0.273468
vn -0.627682 -0.729054 -0.272940
vn -0.933362 0.333746 -0.132093
vn -0.721914 -0.510221 -0.467455
vn -0.627682 -0.729054 -0.272940
vn -0.884121 0.316963 -0.343313
vn -0.569324 0.755541 0.324080
vn -0.933362 0.333746 -0.132093
vn -0.884121 0.316963 -0.343313
vn -0.507006 0.861591 -0.024615
vn -0.286667 0.834461 0.470634
vn -0.569324 0.755541 0.324080
vn -0.507006 0.861591 -0.024615
vn -0.280615 0.959793 -0.007207
vn 0.021155 0.841568 0.539736
vn -0.286667 0.834461 0.470634
vn -0.280615 0.959793 -0.007207
vn 0.111974 0.993003 0.037501
vn 0.353045 0.788155 0.504154
vn 0.021155 0.841568 0.539736
vn 0.111974 0.993003 0.037501
vn 0.352291 0.935859 0.007680
vn 0.764321 0.594338 0.250154
vn 0.353045 0.788155 0.504154
vn 0.352291 0.935859 0.007680
vn 0.696877 0.696186 -0.172303
vn -0.311970 0.504523 0.805066
vn -0.926850 0.120045 0.355723
vn -0.669757 -0.741956 -0.030433
vn 0.015708 -0.633736 0.773390
vn 0.926850 0.120046 0.355723
vn 0.311970 0.504524 0.805065
vn -0.015707 -0.633734 0.773391
vn 0.669758 -0.741955 -0.030434
vn -0.360497 0.713121 0.601249
vn -0.857478 0.420512 0.296481
vn -0.760095 0.602434 0.243573
vn -0.348389 0.786160 0.510469
vn 0.022828 0.798529 0.601523
vn -0.360497 0.713121 0.601249
vn -0.348389 0.786160 0.510469
vn -0.020121 0.842820 0.537820
vn 0.308856 0.797635 0.518060
vn 0.022828 0.798529 0.601523
vn -0.020121 0.842820 0.537820
vn 0.286257 0.834476 0.470857
vn 0.601455 0.718167 0.349984
vn 0.308856 0.797635 0.518060
vn 0.286257 0.834476 0.470857
vn 0.570396 0.755175 0.323047
vn 0.947447 0.294172 -0.125726
vn 0.601455 0.718167 0.349984
vn 0.570396 0.755175 0.323047
vn 0.930890 0.340840 -0.131425
vn 0.682907 -0.429688 -0.590768
vn 0.947447 0.294172 -0.125726
vn 0.930890 0.340840 -0.131425
vn 0.726587 -0.491529 -0.480073
vn 0.142898 -0.737098 -0.660505
vn 0.682907 -0.429688 -0.590768
vn 0.726587 -0.491529 -0.480073
vn 0.170153 -0.931950 -0.320184
vn -0.399262 -0.711671 -0.578026
vn 0.142898 -0.737098 -0.660505
vn 0.170153 -0.931950 -0.320184
vn -0.323280 -0.901523 -0.287657
vn -0.928301 -0.266528 -0.259268
vn -0.399262 -0.711671 -0.578026
vn -0.323280 -0.901523 -0.287657
vn -0.945604 -0.274735 -0.174224
vn -0.857478 0.420512 0.296481
vn -0.928301 -0.266528 -0.259268
vn -0.945604 -0.274735 -0.174224
vn -0.760095 0.602434 0.243573
vn 0.943777 0.160314 0.289109
vn 0.406208 0.578094 0.707673
vn 0.362213 0.658564 0.659618
vn 0.901102 0.274847 0.335371
vn 0.406208 0.578094 0.707673
vn -0.096480 0.671059 0.735100
vn -0.072730 0.743700 0.664546
vn 0.362213 0.658564 0.659618
vn -0.096480 0.671059 0.735100
vn -0.393213 0.646847 0.653431
vn -0.357134 0.734406 0.577151
vn -0.072730 0.743700 0.664546
vn -0.393213 0.646847 0.653431
vn -0.676631 0.550027 0.489531
vn -0.644174 0.646355 0.408980
vn -0.357134 0.734406 0.577151
vn -0.676631 0.550027 0.489531
vn -0.983632 0.165067 0.072257
vn -0.969588 0.242299 -0.034495
vn -0.644174 0.646355 0.408980
vn -0.983632 0.165067 0.072257
vn -0.755812 -0.446619 -0.478831
vn -0.720332 -0.429649 -0.544540
vn -0.969588 0.242299 -0.034495
vn -0.755812 -0.446619 -0.478831
vn -0.161274 -0.725798 -0.668736
vn -0.154987 -0.724806 -0.671294
vn -0.720332 -0.429649 -0.544540
vn -0.161274 -0.725798 -0.668736
vn 0.377079 -0.695001 -0.612197
vn 0.383103 -0.708513 -0.592656
vn -0.154987 -0.724806 -0.671294
vn 0.377079 -0.695001 -0.612197
vn 0.845990 -0.425169 -0.321763
vn 0.891221 -0.376716 -0.252606
vn 0.383103 -0.708513 -0.592656
vn 0.845990 -0.425169 -0.321763
vn 0.943777 0.160314 0.289109
vn 0.901102 0.274847 0.335371
vn 0.891221 -0.376716 -0.252606
vn 0.460120 0.435901 0.773486
vn -0.311970 0.504523 0.805066
vn 0.015708 -0.633736 0.773390
vn 0.852469 -0.398118 0.338821
vn 0.311970 0.504524 0.805065
vn -0.460119 0.435901 0.773486
vn -0.852468 -0.398118 0.338821
vn -0.015707 -0.633734 0.773391
vn -0.669757 -0.741956 -0.030433
vn 0.212345 -0.941547 -0.261530
vn 0.852469 -0.398118 0.338821
vn 0.015708 -0.633736 0.773390
vn -0.212345 -0.941548 -0.261530
vn 0.669758 -0.741955 -0.030434
vn -0.015707 -0.633734 0.773391
vn -0.852468 -0.398118 0.338821
vn 0.116008 -0.498341 0.859185
vn -0.782288 -0.424539 0.455841
vn -0.159393 -0.986081 -0.047306
vn 0.743515 -0.666628 0.052855
vn 0.782289 -0.424538 0.455841
vn -0.116008 -0.498341 0.859185
vn -0.743514 -0.666628 0.052854
vn 0.159393 -0.986081 -0.047306
vn -0.771162 0.164260 0.615083
vn -0.782288 -0.424539 0.455841
vn 0.116008 -0.498341 0.859185
vn -0.248583 0.483307 0.839417
vn 0.782289 -0.424538 0.455841
vn 0.770267 0.162780 0.616597
vn 0.248583 0.483308 0.839417
vn -0.116008 -0.498341 0.859185
vn -0.248583 0.483307 0.839417
vn 0.116008 -0.498341 0.859185
vn 0.835032 0.218834 0.504811
vn 0.342176 0.563542 0.751888
vn -0.116008 -0.498341 0.859185
vn 0.248583 0.483308 0.839417
vn -0.342176 0.563542 0.751888
vn -0.835032 0.218833 0.504811
vn 0.116008 -0.498341 0.859185
vn 0.743515 -0.666628 0.052855
vn 0.835032 0.218834 0.504811
vn -0.743514 -0.666628 0.052854
vn -0.116008 -0.498341 0.859185
vn -0.835032 0.218833 0.504811
vn 0.011795 -0.682537 0.730756
vn 0.339703 0.475903 0.811244
vn -0.511582 0.483362 0.710384
vn -0.890366 -0.170193 0.422236
vn -0.339704 0.475904 0.811244
vn -0.011797 -0.682534 0.730758
vn 0.890366 -0.170193 0.422236
vn 0.487607 0.471774 0.734622
vn 0.944772 -0.212364 0.249613
vn 0.339703 0.475903 0.811244
vn 0.011795 -0.682537 0.730756
vn 0.241688 -0.959086 -0.147449
vn -0.339704 0.475904 0.811244
vn -0.944773 -0.212361 0.249614
vn -0.241689 -0.959086 -0.147449
vn -0.011797 -0.682534 0.730758
vn 0.011795 -0.682537 0.730756
vn -0.890366 -0.170193 0.422236
vn -0.680889 -0.732382 -0.002577
vn 0.241688 -0.959086 -0.147449
vn 0.890366 -0.170193 0.422236
vn -0.011797 -0.682534 0.730758
vn -0.241689 -0.959086 -0.147449
vn 0.686072 -0.719113 -0.110370
vn -0.927981 -0.128581 0.349740
vn -0.170074 -0.425600 0.888785
vn 0.259401 0.635366 0.727339
vn -0.578042 0.502257 0.643122
vn 0.170074 -0.425601 0.888785
vn 0.927981 -0.128581 0.349741
vn 0.578042 0.502257 0.643122
vn -0.259401 0.635365 0.727339
vn 0.259401 0.635366 0.727339
vn -0.170074 -0.425600 0.888785
vn 0.083204 -0.982335 0.167614
vn 0.896015 -0.294692 0.332135
vn 0.170074 -0.425601 0.888785
vn -0.259401 0.635365 0.727339
vn -0.896014 -0.294693 0.332137
vn -0.083204 -0.982335 0.167615
vn 0.083204 -0.982335 0.167614
vn -0.170074 -0.425600 0.888785
vn -0.927981 -0.128581 0.349740
vn 0.170074 -0.425601 0.888785
vn -0.083204 -0.982335 0.167615
vn 0.927981 -0.128581 0.349741
vn -0.274673 -0.885329 0.375164
vn 0.318317 -0.829813 0.458350
vn 0.418550 -0.805113 0.420249
vn -0.080122 -0.961865 0.261526
vn -0.318317 -0.829813 0.458350
vn 0.274673 -0.885329 0.375164
vn 0.080122 -0.961865 0.261526
vn -0.418550 -0.805113 0.420249
vn -0.348389 0.786160 0.510469
vn -0.760095 0.602434 0.243573
vn -0.696876 0.696186 -0.172303
vn -0.352291 0.935859 0.007680
vn -0.020121 0.842820 0.537820
vn -0.348389 0.786160 0.510469
vn -0.352291 0.935859 0.007680
vn -0.111974 0.993003 0.037501
vn 0.286257 0.834476 0.470857
vn -0.020121 0.842820 0.537820
vn -0.111974 0.993003 0.037501
vn 0.280615 0.959793 -0.007207
vn 0.570396 0.755175 0.323047
vn 0.286257 0.834476 0.470857
vn 0.280615 0.959793 -0.007207
vn 0.507006 0.861591 -0.024616
vn 0.930890 0.340840 -0.131425
vn 0.570396 0.755175 0.323047
vn 0.507006 0.861591 -0.024616
vn 0.884121 0.316963 -0.343314
vn 0.726587 -0.491529 -0.480073
vn 0.930890 0.340840 -0.131425
vn 0.884121 0.316963 -0.343314
vn 0.627682 -0.729054 -0.272940
vn 0.170153 -0.931950 -0.320184
vn 0.726587 -0.491529 -0.480073
vn 0.627682 -0.729054 -0.272940
vn 0.062856 -0.959825 0.273467
vn -0.323280 -0.901523 -0.287657
vn 0.170153 -0.931950 -0.320184
vn 0.062856 -0.959825 0.273467
vn -0.071918 -0.963877 0.256453
vn -0.945604 -0.274735 -0.174224
vn -0.323280 -0.901523 -0.287657
vn -0.071918 -0.963877 0.256453
vn -0.801135 -0.598461 0.005141
vn -0.760095 0.602434 0.243573
vn -0.945604 -0.274735 -0.174224
vn -0.801135 -0.598461 0.005141
vn -0.696876 0.696186 -0.172303
vn 0.850108 0.427837 0.307038
vn 0.362564 0.722838 0.588262
vn 0.353045 0.788155 0.504154
vn 0.764321 0.594338 0.250154
vn 0.362564 0.722838 0.588262
vn -0.018435 0.796616 0.604204
vn 0.021155 0.841568 0.539736
vn 0.353045 0.788155 0.504154
vn -0.018435 0.796616 0.604204
vn -0.305741 0.797193 0.520582
vn -0.286667 0.834461 0.470634
vn 0.021155 0.841568 0.539736
vn -0.305741 0.797193 0.520582
vn -0.599642 0.718611 0.352177
vn -0.569324 0.755541 0.324080
vn -0.286667 0.834461 0.470634
vn -0.599642 0.718611 0.352177
vn -0.949364 0.290198 -0.120392
vn -0.933362 0.333746 -0.132093
vn -0.569324 0.755541 0.324080
vn -0.949364 0.290198 -0.120392
vn -0.684131 -0.426877 -0.591389
vn -0.721914 -0.510221 -0.467455
vn -0.933362 0.333746 -0.132093
vn -0.684131 -0.426877 -0.591389
vn -0.144919 -0.737360 -0.659772
vn -0.187190 -0.934605 -0.302445
vn -0.721914 -0.510221 -0.467455
vn -0.144919 -0.737360 -0.659772
vn 0.396827 -0.715344 -0.575163
vn 0.336963 -0.895164 -0.291783
vn -0.187190 -0.934605 -0.302445
vn 0.396827 -0.715344 -0.575163
vn 0.929014 -0.271308 -0.251644
vn 0.949210 -0.263936 -0.171286
vn 0.336963 -0.895164 -0.291783
vn 0.929014 -0.271308 -0.251644
vn 0.850108 0.427837 0.307038
vn 0.764321 0.594338 0.250154
vn 0.949210 -0.263936 -0.171286
vn 0.318317 -0.829813 0.458350
vn 0.740637 -0.556091 0.377120
vn 0.787676 -0.410007 0.459849
vn 0.418550 -0.805113 0.420249
vn -0.740637 -0.556091 0.377120
vn -0.318317 -0.829813 0.458350
vn -0.418550 -0.805113 0.420249
vn -0.787676 -0.410007 0.459849
vn 0.740637 -0.556091 0.377120
vn 0.975179 -0.135377 0.175210
vn 0.930586 0.145463 0.335931
vn 0.787676 -0.410007 0.459849
vn -0.975179 -0.135377 0.175210
vn -0.740637 -0.556091 0.377120
vn -0.787676 -0.410007 0.459849
vn -0.930586 0.145464 0.335931
vn 0.975179 -0.135377 0.175210
vn 0.938220 0.294514 -0.181673
vn 0.783511 0.620203 -0.038189
vn 0.930586 0.145463 0.335931
vn -0.938220 0.294514 -0.181673
vn -0.975179 -0.135377 0.175210
vn -0.930586 0.145464 0.335931
vn -0.783511 0.620203 -0.038189
vn 0.257939 0.706630 -0.658894
vn 0.508727 0.763058 -0.398673
vn 0.648795 0.530454 -0.545605
vn 0.398049 0.579809 -0.710900
vn -0.674371 0.505635 -0.538106
vn -0.509715 0.733888 -0.448997
vn -0.257939 0.706630 -0.658894
vn -0.398049 0.579809 -0.710899
vn 0.398049 0.579809 -0.710900
vn 0.195328 0.563245 -0.802871
vn 0.133597 0.618321 -0.774487
vn 0.257939 0.706630 -0.658894
vn -0.195328 0.563245 -0.802871
vn -0.398049 0.579809 -0.710899
vn -0.257939 0.706630 -0.658894
vn -0.133598 0.618321 -0.774487
vn 0.195328 0.563245 -0.802871
vn -0.015329 0.511162 -0.859348
vn 0.068082 0.509675 -0.857669
vn 0.133597 0.618321 -0.774487
vn 0.015329 0.511162 -0.859348
vn -0.195328 0.563245 -0.802871
vn -0.133598 0.618321 -0.774487
vn -0.068651 0.509933 -0.857470
vn -0.015329 0.511162 -0.859348
vn -0.296654 0.382624 -0.874983
vn 0.016872 0.300002 -0.953789
vn 0.068082 0.509675 -0.857669
vn 0.296656 0.382624 -0.874982
vn 0.015329 0.511162 -0.859348
vn -0.068651 0.509933 -0.857470
vn -0.016871 0.300002 -0.953789
vn -0.296654 0.382624 -0.874983
vn -0.548504 0.259037 -0.795011
vn -0.001950 -0.017097 -0.999852
vn 0.016872 0.300002 -0.953789
vn 0.688129 0.186778 -0.701137
vn 0.548503 0.259000 -0.795024
vn 0.045559 -0.024633 -0.998658
vn 0.140232 -0.327549 -0.934370
vn -0.688129 0.186778 -0.701137
vn -0.897517 -0.094041 -0.430835
vn -0.396093 -0.637073 -0.661248
vn -0.140232 -0.327549 -0.934370
vn 0.392827 -0.646405 -0.654101
vn 0.902383 -0.093882 -0.420584
vn 0.688129 0.186778 -0.701137
vn 0.140232 -0.327549 -0.934370
vn -0.080122 -0.961865 0.261526
vn -0.400802 -0.910807 0.098939
vn -0.668708 -0.699613 0.251736
vn -0.274673 -0.885329 0.375164
vn 0.674931 -0.693865 0.251036
vn 0.390682 -0.915066 0.100104
vn 0.080122 -0.961865 0.261526
vn 0.274673 -0.885329 0.375164
vn 0.824435 -0.541489 0.164613
vn 0.450701 -0.892124 -0.031356
vn 0.390682 -0.915066 0.100104
vn 0.674931 -0.693865 0.251036
vn 0.051204 -0.998663 -0.007102
vn 0.390682 -0.915066 0.100104
vn 0.450701 -0.892124 -0.031356
vn 0.025280 -0.993277 -0.112970
vn -0.031567 -0.999143 -0.026763
vn 0.051204 -0.998663 -0.007102
vn 0.025280 -0.993277 -0.112970
vn -0.040684 -0.994969 -0.091551
vn 0.001497 -0.999786 -0.020652
vn -0.031567 -0.999143 -0.026763
vn -0.040684 -0.994969 -0.091551
vn 0.000000 -0.997497 -0.070706
vn 0.032305 -0.999153 -0.025483
vn 0.001497 -0.999786 -0.020652
vn 0.000000 -0.997497 -0.070706
vn 0.039127 -0.996546 -0.073248
vn -0.052000 -0.998615 -0.007989
vn 0.032305 -0.999153 -0.025483
vn 0.039127 -0.996546 -0.073248
vn -0.030909 -0.996073 -0.082967
vn -0.030909 -0.996073 -0.082967
vn -0.450705 -0.892122 -0.031356
vn -0.400802 -0.910807 0.098939
vn -0.052000 -0.998615 -0.007989
vn -0.668708 -0.699613 0.251736
vn -0.400802 -0.910807 0.098939
vn -0.450705 -0.892122 -0.031356
vn -0.817734 -0.550820 0.167058
vn 0.468781 -0.840665 -0.271157
vn 0.450701 -0.892124 -0.031356
vn 0.824435 -0.541489 0.164613
vn 0.928512 -0.367697 -0.051614
vn 0.025280 -0.993277 -0.112970
vn 0.450701 -0.892124 -0.031356
vn 0.468781 -0.840665 -0.271157
vn -0.003968 -0.954267 -0.298930
vn -0.040684 -0.994969 -0.091551
vn 0.025280 -0.993277 -0.112970
vn -0.003968 -0.954267 -0.298930
vn -0.071237 -0.963283 -0.258864
vn 0.000000 -0.997497 -0.070706
vn -0.040684 -0.994969 -0.091551
vn -0.071237 -0.963283 -0.258864
vn 0.000000 -0.970370 -0.241624
vn 0.039127 -0.996546 -0.073248
vn 0.000000 -0.997497 -0.070706
vn 0.000000 -0.970370 -0.241624
vn 0.071237 -0.963283 -0.258864
vn -0.030909 -0.996073 -0.082967
vn 0.039127 -0.996546 -0.073248
vn 0.071237 -0.963283 -0.258864
vn 0.003968 -0.954267 -0.298930
vn -0.468782 -0.840665 -0.271157
vn -0.450705 -0.892122 -0.031356
vn -0.030909 -0.996073 -0.082967
vn 0.003968 -0.954267 -0.298930
vn -0.817734 -0.550820 0.167058
vn -0.450705 -0.892122 -0.031356
vn -0.468782 -0.840665 -0.271157
vn -0.928512 -0.367697 -0.051614
vn 0.780844 0.258099 -0.568917
vn 0.798375 0.061528 -0.599009
vn 0.635554 0.190165 -0.748271
vn 0.540358 0.346255 -0.766890
vn -0.567024 0.355891 -0.742850
vn -0.780844 0.258099 -0.568917
vn -0.674371 0.505635 -0.538106
vn -0.398049 0.579809 -0.710899
vn 0.951758 -0.021781 -0.306075
vn 0.930256 -0.364177 0.044711
vn 0.828484 -0.559209 0.029970
vn 0.916711 -0.233903 -0.323930
vn -0.963179 -0.042712 -0.265447
vn -0.928396 -0.366373 0.062059
vn -0.975179 -0.135377 0.175210
vn -0.938220 0.294514 -0.181673
vn 0.930256 -0.364177 0.044711
vn 0.683346 -0.678589 0.269359
vn 0.568384 -0.779811 0.262362
vn 0.828484 -0.559209 0.029970
vn -0.740637 -0.556091 0.377120
vn -0.975179 -0.135377 0.175210
vn -0.928396 -0.366373 0.062059
vn -0.679322 -0.676765 0.283744
vn 0.635554 0.190165 -0.748271
vn 0.494830 0.270321 -0.825875
vn 0.379109 0.387279 -0.840411
vn 0.540358 0.346255 -0.766890
vn -0.388443 0.399262 -0.830483
vn -0.567024 0.355891 -0.742850
vn -0.398049 0.579809 -0.710899
vn -0.195328 0.563245 -0.802871
vn -0.041563 0.395481 -0.917533
vn -0.441438 0.399611 -0.803395
vn -0.580841 0.452760 -0.676484
vn -0.260595 0.449824 -0.854253
vn 0.805351 0.383687 -0.451878
vn 0.580842 0.452759 -0.676485
vn 0.548503 0.259000 -0.795024
vn 0.688129 0.186778 -0.701137
vn -0.260595 0.449824 -0.854253
vn 0.150926 0.425006 -0.892520
vn 0.293076 0.341195 -0.893136
vn -0.041563 0.395481 -0.917533
vn 0.015329 0.511162 -0.859348
vn 0.296656 0.382624 -0.874982
vn 0.260429 0.450206 -0.854103
vn -0.153409 0.428624 -0.890364
vn 0.494830 0.270321 -0.825875
vn 0.293076 0.341195 -0.893136
vn 0.150926 0.425006 -0.892520
vn 0.379109 0.387279 -0.840411
vn -0.153409 0.428624 -0.890364
vn -0.388443 0.399262 -0.830483
vn -0.195328 0.563245 -0.802871
vn 0.015329 0.511162 -0.859348
vn -0.795961 0.310881 -0.519421
vn -0.974008 0.112994 -0.196319
vn -0.968516 0.159364 -0.191261
vn -0.806178 0.382410 -0.451485
vn 0.902383 -0.093882 -0.420584
vn 0.968503 0.159398 -0.191296
vn 0.805351 0.383687 -0.451878
vn 0.688129 0.186778 -0.701137
vn -0.976833 -0.182531 0.111714
vn -0.828638 -0.473737 0.298215
vn -0.876916 -0.398534 0.268680
vn -0.986104 -0.135275 0.096430
vn 0.876916 -0.398534 0.268680
vn 0.986130 -0.135155 0.096340
vn 0.928512 -0.367697 -0.051614
vn 0.824435 -0.541489 0.164613
vn -0.828638 -0.473737 0.298215
vn -0.624284 -0.686830 0.372202
vn -0.696375 -0.641565 0.321648
vn -0.876916 -0.398534 0.268680
vn 0.697059 -0.640613 0.322063
vn 0.876916 -0.398534 0.268680
vn 0.824435 -0.541489 0.164613
vn 0.674931 -0.693865 0.251036
vn -0.624284 -0.686830 0.372202
vn -0.285028 -0.881101 0.377385
vn -0.308386 -0.871620 0.381021
vn -0.696375 -0.641565 0.321648
vn 0.308389 -0.871640 0.380973
vn 0.697059 -0.640613 0.322063
vn 0.674931 -0.693865 0.251036
vn 0.274673 -0.885329 0.375164
vn 0.683346 -0.678589 0.269359
vn 0.272642 -0.884077 0.379570
vn 0.180290 -0.913636 0.364369
vn 0.568384 -0.779811 0.262362
vn -0.318317 -0.829813 0.458350
vn -0.740637 -0.556091 0.377120
vn -0.679322 -0.676765 0.283744
vn -0.267396 -0.881251 0.389738
vn -0.285028 -0.881101 0.377385
vn 0.180290 -0.913636 0.364369
vn 0.272642 -0.884077 0.379570
vn -0.308386 -0.871620 0.381021
vn -0.267396 -0.881251 0.389738
vn 0.308389 -0.871640 0.380973
vn 0.274673 -0.885329 0.375164
vn -0.318317 -0.829813 0.458350
vn 0.648795 0.530454 -0.545605
vn 0.780844 0.258099 -0.568917
vn 0.540358 0.346255 -0.766890
vn 0.398049 0.579809 -0.710900
vn 0.975179 -0.135377 0.175210
vn 0.930256 -0.364177 0.044711
vn 0.951758 -0.021781 -0.306075
vn 0.938220 0.294514 -0.181673
vn 0.975179 -0.135377 0.175210
vn 0.740637 -0.556091 0.377120
vn 0.683346 -0.678589 0.269359
vn 0.930256 -0.364177 0.044711
vn 0.740637 -0.556091 0.377120
vn 0.318317 -0.829813 0.458350
vn 0.272642 -0.884077 0.379570
vn 0.683346 -0.678589 0.269359
vn -0.308386 -0.871620 0.381021
vn 0.272642 -0.884077 0.379570
vn 0.318317 -0.829813 0.458350
vn -0.274673 -0.885329 0.375164
vn -0.696375 -0.641565 0.321648
vn -0.308386 -0.871620 0.381021
vn -0.274673 -0.885329 0.375164
vn -0.668708 -0.699613 0.251736
vn -0.876916 -0.398534 0.268680
vn -0.696375 -0.641565 0.321648
vn -0.668708 -0.699613 0.251736
vn -0.817734 -0.550820 0.167058
vn -0.986104 -0.135275 0.096430
vn -0.876916 -0.398534 0.268680
vn -0.817734 -0.550820 0.167058
vn -0.928512 -0.367697 -0.051614
vn -0.806178 0.382410 -0.451485
vn -0.968516 0.159364 -0.191261
vn -0.897517 -0.094041 -0.430835
vn -0.688129 0.186778 -0.701137
vn -0.260595 0.449824 -0.854253
vn -0.580841 0.452760 -0.676484
vn -0.548504 0.259037 -0.795011
vn -0.296654 0.382624 -0.874983
vn -0.296654 0.382624 -0.874983
vn -0.015329 0.511162 -0.859348
vn 0.150926 0.425006 -0.892520
vn -0.260595 0.449824 -0.854253
vn 0.379109 0.387279 -0.840411
vn 0.150926 0.425006 -0.892520
vn -0.015329 0.511162 -0.859348
vn 0.195328 0.563245 -0.802871
vn 0.540358 0.346255 -0.766890
vn 0.379109 0.387279 -0.840411
vn 0.195328 0.563245 -0.802871
vn 0.398049 0.579809 -0.710900
vn -0.684480 0.082871 -0.724306
vn -0.807762 -0.135023 -0.573838
vn -0.798375 0.061528 -0.599009
vn -0.622758 0.181145 -0.761156
vn -0.854840 -0.509448 -0.098545
vn -0.835776 -0.549039 0.005860
vn -0.912280 -0.230347 -0.338654
vn -0.872722 -0.381782 -0.304299
vn -0.571740 -0.782167 0.247645
vn -0.835776 -0.549039 0.005860
vn -0.854840 -0.509448 -0.098545
vn -0.759485 -0.511336 0.402142
vn -0.181242 -0.915179 0.359999
vn -0.571740 -0.782167 0.247645
vn -0.759485 -0.511336 0.402142
vn -0.369235 -0.520289 0.770042
vn -0.369235 -0.520289 0.770042
vn 0.308681 -0.481568 0.820249
vn 0.289988 -0.879100 0.378272
vn -0.181242 -0.915179 0.359999
vn 0.308681 -0.481568 0.820249
vn 0.746108 -0.344987 0.569479
vn 0.620656 -0.690418 0.371629
vn 0.289988 -0.879100 0.378272
vn 0.746108 -0.344987 0.569479
vn 0.919072 -0.376294 0.117088
vn 0.828630 -0.472906 0.299555
vn 0.620656 -0.690418 0.371629
vn 0.919072 -0.376294 0.117088
vn 0.949306 -0.309014 0.057681
vn 0.977311 -0.182402 0.107671
vn 0.828630 -0.472906 0.299555
vn 0.796941 0.309551 -0.518713
vn 0.974016 0.112944 -0.196305
vn 0.967835 -0.042877 -0.247904
vn 0.799971 0.202753 -0.564746
vn 0.799971 0.202753 -0.564746
vn 0.441471 0.267157 -0.856581
vn 0.441438 0.399610 -0.803396
vn 0.796941 0.309551 -0.518713
vn -0.292373 0.337221 -0.894874
vn 0.040005 0.394531 -0.918011
vn -0.050265 0.302101 -0.951950
vn -0.392157 0.249818 -0.885327
vn -0.392157 0.249818 -0.885327
vn -0.561531 0.178519 -0.807969
vn -0.480569 0.268324 -0.834898
vn -0.292373 0.337221 -0.894874
vn -0.561531 0.178519 -0.807969
vn -0.684480 0.082871 -0.724306
vn -0.622758 0.181145 -0.761156
vn -0.480569 0.268324 -0.834898
vn 0.684480 0.082871 -0.724306
vn 0.561532 0.178519 -0.807969
vn 0.494830 0.270321 -0.825875
vn 0.635554 0.190165 -0.748271
vn 0.561532 0.178519 -0.807969
vn 0.392157 0.249818 -0.885327
vn 0.293076 0.341195 -0.893136
vn 0.494830 0.270321 -0.825875
vn -0.041563 0.395481 -0.917533
vn 0.293076 0.341195 -0.893136
vn 0.392157 0.249818 -0.885327
vn 0.050265 0.302101 -0.951950
vn 0.050265 0.302101 -0.951950
vn -0.428080 0.360292 -0.828817
vn -0.441438 0.399611 -0.803395
vn -0.041563 0.395481 -0.917533
vn -0.978732 -0.054759 -0.197700
vn -0.974008 0.112994 -0.196319
vn -0.795961 0.310881 -0.519421
vn -0.799971 0.202753 -0.564745
vn -0.949307 -0.309014 0.057681
vn -0.919072 -0.376294 0.117088
vn -0.828638 -0.473737 0.298215
vn -0.976833 -0.182531 0.111714
vn -0.919072 -0.376294 0.117088
vn -0.746108 -0.344988 0.569479
vn -0.624284 -0.686830 0.372202
vn -0.828638 -0.473737 0.298215
vn -0.746108 -0.344988 0.569479
vn -0.308680 -0.481568 0.820249
vn -0.285028 -0.881101 0.377385
vn -0.624284 -0.686830 0.372202
vn -0.308680 -0.481568 0.820249
vn 0.369236 -0.520289 0.770042
vn 0.180290 -0.913636 0.364369
vn -0.285028 -0.881101 0.377385
vn 0.568384 -0.779811 0.262362
vn 0.180290 -0.913636 0.364369
vn 0.369236 -0.520289 0.770042
vn 0.759485 -0.511336 0.402142
vn 0.828484 -0.559209 0.029970
vn 0.568384 -0.779811 0.262362
vn 0.759485 -0.511336 0.402142
vn 0.854840 -0.509448 -0.098545
vn 0.916711 -0.233903 -0.323930
vn 0.828484 -0.559209 0.029970
vn 0.854840 -0.509448 -0.098545
vn 0.872722 -0.381783 -0.304299
vn 0.798375 0.061528 -0.599009
vn 0.830972 -0.115181 -0.544260
vn 0.684480 0.082871 -0.724306
vn 0.635554 0.190165 -0.748271
vn -0.480569 0.268324 -0.834898
vn -0.622758 0.181145 -0.761156
vn -0.567024 0.355891 -0.742850
vn -0.388443 0.399262 -0.830483
vn -0.292373 0.337221 -0.894874
vn -0.480569 0.268324 -0.834898
vn -0.388443 0.399262 -0.830483
vn -0.153409 0.428624 -0.890364
vn -0.153409 0.428624 -0.890364
vn 0.260429 0.450206 -0.854103
vn 0.040005 0.394531 -0.918011
vn -0.292373 0.337221 -0.894874
vn 0.796941 0.309551 -0.518713
vn 0.441438 0.399610 -0.803396
vn 0.580842 0.452759 -0.676485
vn 0.805351 0.383687 -0.451878
vn 0.805351 0.383687 -0.451878
vn 0.968503 0.159398 -0.191296
vn 0.974016 0.112944 -0.196305
vn 0.796941 0.309551 -0.518713
vn 0.828630 -0.472906 0.299555
vn 0.977311 -0.182402 0.107671
vn 0.986130 -0.135155 0.096340
vn 0.876916 -0.398534 0.268680
vn 0.620656 -0.690418 0.371629
vn 0.828630 -0.472906 0.299555
vn 0.876916 -0.398534 0.268680
vn 0.697059 -0.640613 0.322063
vn 0.289988 -0.879100 0.378272
vn 0.620656 -0.690418 0.371629
vn 0.697059 -0.640613 0.322063
vn 0.308389 -0.871640 0.380973
vn -0.181242 -0.915179 0.359999
vn 0.289988 -0.879100 0.378272
vn 0.308389 -0.871640 0.380973
vn -0.267396 -0.881251 0.389738
vn -0.267396 -0.881251 0.389738
vn -0.679322 -0.676765 0.283744
vn -0.571740 -0.782167 0.247645
vn -0.181242 -0.915179 0.359999
vn -0.679322 -0.676765 0.283744
vn -0.928396 -0.366373 0.062059
vn -0.835776 -0.549039 0.005860
vn -0.571740 -0.782167 0.247645
vn -0.912280 -0.230347 -0.338654
vn -0.835776 -0.549039 0.005860
vn -0.928396 -0.366373 0.062059
vn -0.963179 -0.042712 -0.265447
vn -0.622758 0.181145 -0.761156
vn -0.798375 0.061528 -0.599009
vn -0.780844 0.258099 -0.568917
vn -0.567024 0.355891 -0.742850
vn 0.830972 -0.115181 -0.544260
vn 0.842066 -0.325720 -0.429920
vn 0.729495 -0.025655 -0.683505
vn 0.684480 0.082871 -0.724306
vn -0.849499 -0.262399 -0.457710
vn -0.807762 -0.135023 -0.573838
vn -0.684480 0.082871 -0.724306
vn -0.729495 -0.025655 -0.683505
vn 0.729495 -0.025655 -0.683505
vn 0.643552 0.025618 -0.764973
vn 0.561532 0.178519 -0.807969
vn 0.684480 0.082871 -0.724306
vn -0.643552 0.025618 -0.764974
vn -0.729495 -0.025655 -0.683505
vn -0.684480 0.082871 -0.724306
vn -0.561531 0.178519 -0.807969
vn 0.842066 -0.325720 -0.429920
vn 0.737158 -0.291982 -0.609381
vn 0.643552 0.025618 -0.764973
vn 0.729495 -0.025655 -0.683505
vn -0.759782 -0.286719 -0.583544
vn -0.849499 -0.262399 -0.457710
vn -0.729495 -0.025655 -0.683505
vn -0.643552 0.025618 -0.764974
vn 0.561532 0.178519 -0.807969
vn 0.643552 0.025618 -0.764973
vn 0.463228 0.071121 -0.883381
vn 0.392157 0.249818 -0.885327
vn -0.643552 0.025618 -0.764974
vn -0.561531 0.178519 -0.807969
vn -0.392157 0.249818 -0.885327
vn -0.463227 0.071121 -0.883381
vn 0.042325 0.055390 -0.997567
vn 0.050265 0.302101 -0.951950
vn 0.392157 0.249818 -0.885327
vn 0.463228 0.071121 -0.883381
vn -0.050265 0.302101 -0.951950
vn -0.042325 0.055390 -0.997567
vn -0.463227 0.071121 -0.883381
vn -0.392157 0.249818 -0.885327
vn -0.809837 -0.004895 -0.586635
vn -0.869734 -0.385119 -0.308621
vn -0.978732 -0.054759 -0.197700
vn -0.799971 0.202753 -0.564745
vn 0.967835 -0.042877 -0.247904
vn 0.899327 -0.304796 -0.313544
vn 0.809837 -0.004895 -0.586635
vn 0.799971 0.202753 -0.564746
vn 0.042325 0.055390 -0.997567
vn -0.060601 -0.474782 -0.878015
vn -0.642078 -0.492181 -0.587787
vn -0.562876 0.010951 -0.826469
vn 0.899327 -0.304796 -0.313544
vn 0.642078 -0.492181 -0.587787
vn 0.562614 0.033959 -0.826022
vn 0.809837 -0.004895 -0.586635
vn 0.643552 0.025618 -0.764973
vn 0.737158 -0.291982 -0.609381
vn 0.498663 -0.350343 -0.792840
vn 0.463228 0.071121 -0.883381
vn -0.507249 -0.358632 -0.783634
vn -0.759782 -0.286719 -0.583544
vn -0.643552 0.025618 -0.764974
vn -0.463227 0.071121 -0.883381
vn 0.498663 -0.350343 -0.792840
vn -0.060601 -0.474782 -0.878015
vn 0.042325 0.055390 -0.997567
vn 0.463228 0.071121 -0.883381
vn -0.042325 0.055390 -0.997567
vn 0.021047 -0.475794 -0.879305
vn -0.507249 -0.358632 -0.783634
vn -0.463227 0.071121 -0.883381
vn -0.562876 0.010951 -0.826469
vn -0.428080 0.360292 -0.828817
vn 0.050265 0.302101 -0.951950
vn 0.042325 0.055390 -0.997567
vn 0.562614 0.033959 -0.826022
vn 0.441471 0.267157 -0.856581
vn 0.799971 0.202753 -0.564746
vn 0.809837 -0.004895 -0.586635
vn -0.562876 0.010951 -0.826469
vn -0.642078 -0.492181 -0.587787
vn -0.869734 -0.385119 -0.308621
vn -0.809837 -0.004895 -0.586635
vn -0.799971 0.202753 -0.564745
vn -0.428080 0.360292 -0.828817
vn -0.562876 0.010951 -0.826469
vn -0.809837 -0.004895 -0.586635
vn -0.441438 0.399611 -0.803395
vn -0.428080 0.360292 -0.828817
vn -0.799971 0.202753 -0.564745
vn -0.795961 0.310881 -0.519421
vn -0.580841 0.452760 -0.676484
vn -0.441438 0.399611 -0.803395
vn -0.795961 0.310881 -0.519421
vn -0.806178 0.382410 -0.451485
vn -0.548504 0.259037 -0.795011
vn -0.580841 0.452760 -0.676484
vn -0.806178 0.382410 -0.451485
vn -0.688129 0.186778 -0.701137
vn -0.001950 -0.017097 -0.999852
vn -0.548504 0.259037 -0.795011
vn -0.688129 0.186778 -0.701137
vn -0.140232 -0.327549 -0.934370
vn -0.140232 -0.327549 -0.934370
vn 0.296222 -0.512935 -0.805699
vn 0.460650 -0.101152 -0.881799
vn -0.001950 -0.017097 -0.999852
vn 0.642078 -0.492181 -0.587787
vn 0.021047 -0.475794 -0.879305
vn -0.042325 0.055390 -0.997567
vn 0.562614 0.033959 -0.826022
vn -0.050265 0.302101 -0.951950
vn 0.441471 0.267157 -0.856581
vn 0.562614 0.033959 -0.826022
vn -0.042325 0.055390 -0.997567
vn 0.441438 0.399610 -0.803396
vn 0.441471 0.267157 -0.856581
vn -0.050265 0.302101 -0.951950
vn 0.040005 0.394531 -0.918011
vn 0.580842 0.452759 -0.676485
vn 0.441438 0.399610 -0.803396
vn 0.040005 0.394531 -0.918011
vn 0.260429 0.450206 -0.854103
vn 0.548503 0.259000 -0.795024
vn 0.580842 0.452759 -0.676485
vn 0.260429 0.450206 -0.854103
vn 0.296656 0.382624 -0.874982
vn 0.045559 -0.024633 -0.998658
vn 0.548503 0.259000 -0.795024
vn 0.296656 0.382624 -0.874982
vn -0.016871 0.300002 -0.953789
vn -0.454669 -0.135394 -0.880309
vn 0.045559 -0.024633 -0.998658
vn -0.016871 0.300002 -0.953789
vn -0.453000 0.231305 -0.860981
vn -0.003968 -0.954267 -0.298930
vn 0.468781 -0.840665 -0.271157
vn 0.392827 -0.646405 -0.654101
vn -0.119391 -0.809619 -0.574684
vn 0.928512 -0.367697 -0.051614
vn 0.902383 -0.093882 -0.420584
vn 0.392827 -0.646405 -0.654101
vn 0.468781 -0.840665 -0.271157
vn 0.928512 -0.367697 -0.051614
vn 0.986130 -0.135155 0.096340
vn 0.968503 0.159398 -0.191296
vn 0.902383 -0.093882 -0.420584
vn 0.974016 0.112944 -0.196305
vn 0.968503 0.159398 -0.191296
vn 0.986130 -0.135155 0.096340
vn 0.977311 -0.182402 0.107671
vn 0.967835 -0.042877 -0.247904
vn 0.974016 0.112944 -0.196305
vn 0.977311 -0.182402 0.107671
vn 0.949306 -0.309014 0.057681
vn 0.919072 -0.376294 0.117088
vn 0.899327 -0.304796 -0.313544
vn 0.967835 -0.042877 -0.247904
vn 0.949306 -0.309014 0.057681
vn 0.698011 -0.619989 -0.358321
vn 0.642078 -0.492181 -0.587787
vn 0.899327 -0.304796 -0.313544
vn 0.919072 -0.376294 0.117088
vn 0.130245 -0.754706 -0.643004
vn 0.021047 -0.475794 -0.879305
vn 0.642078 -0.492181 -0.587787
vn 0.698011 -0.619989 -0.358321
vn -0.507249 -0.358632 -0.783634
vn 0.021047 -0.475794 -0.879305
vn 0.130245 -0.754706 -0.643004
vn -0.413980 -0.687991 -0.596061
vn -0.739100 -0.557353 -0.378271
vn -0.759782 -0.286719 -0.583544
vn -0.507249 -0.358632 -0.783634
vn -0.413980 -0.687991 -0.596061
vn -0.739100 -0.557353 -0.378271
vn -0.854840 -0.509448 -0.098545
vn -0.849499 -0.262399 -0.457710
vn -0.759782 -0.286719 -0.583544
vn -0.854840 -0.509448 -0.098545
vn -0.872722 -0.381782 -0.304299
vn -0.807762 -0.135023 -0.573838
vn -0.849499 -0.262399 -0.457710
vn -0.798375 0.061528 -0.599009
vn -0.807762 -0.135023 -0.573838
vn -0.872722 -0.381782 -0.304299
vn -0.912280 -0.230347 -0.338654
vn -0.780844 0.258099 -0.568917
vn -0.798375 0.061528 -0.599009
vn -0.912280 -0.230347 -0.338654
vn -0.963179 -0.042712 -0.265447
vn -0.674371 0.505635 -0.538106
vn -0.780844 0.258099 -0.568917
vn -0.963179 -0.042712 -0.265447
vn -0.938220 0.294514 -0.181673
vn -0.783511 0.620203 -0.038189
vn -0.509715 0.733888 -0.448997
vn -0.674371 0.505635 -0.538106
vn -0.938220 0.294514 -0.181673
vn -0.477171 0.792446 -0.379917
vn -0.509715 0.733888 -0.448997
vn -0.783511 0.620203 -0.038189
vn -0.690301 0.720845 -0.062187
vn -0.403636 0.792585 -0.457042
vn -0.477171 0.792446 -0.379917
vn -0.690301 0.720845 -0.062187
vn -0.439799 0.882659 -0.165800
vn -0.000000 0.984933 -0.172937
vn -0.024031 0.879867 -0.474611
vn -0.403636 0.792585 -0.457042
vn -0.439799 0.882659 -0.165800
vn 0.383985 0.817060 -0.430081
vn -0.024031 0.879867 -0.474611
vn -0.000000 0.984933 -0.172937
vn 0.439799 0.882659 -0.165800
vn 0.690301 0.720844 -0.062187
vn 0.438279 0.803781 -0.402304
vn 0.383985 0.817060 -0.430081
vn 0.439799 0.882659 -0.165800
vn 0.783511 0.620203 -0.038189
vn 0.508727 0.763058 -0.398673
vn 0.438279 0.803781 -0.402304
vn 0.690301 0.720844 -0.062187
vn 0.648795 0.530454 -0.545605
vn 0.508727 0.763058 -0.398673
vn 0.783511 0.620203 -0.038189
vn 0.938220 0.294514 -0.181673
vn 0.951758 -0.021781 -0.306075
vn 0.780844 0.258099 -0.568917
vn 0.648795 0.530454 -0.545605
vn 0.938220 0.294514 -0.181673
vn 0.916711 -0.233903 -0.323930
vn 0.798375 0.061528 -0.599009
vn 0.780844 0.258099 -0.568917
vn 0.951758 -0.021781 -0.306075
vn 0.872722 -0.381783 -0.304299
vn 0.830972 -0.115181 -0.544260
vn 0.798375 0.061528 -0.599009
vn 0.916711 -0.233903 -0.323930
vn 0.872722 -0.381783 -0.304299
vn 0.854840 -0.509448 -0.098545
vn 0.842066 -0.325720 -0.429920
vn 0.830972 -0.115181 -0.544260
vn 0.854840 -0.509448 -0.098545
vn 0.739100 -0.557353 -0.378271
vn 0.737158 -0.291982 -0.609381
vn 0.842066 -0.325720 -0.429920
vn 0.498663 -0.350343 -0.792840
vn 0.737158 -0.291982 -0.609381
vn 0.739100 -0.557353 -0.378271
vn 0.413980 -0.687991 -0.596061
vn -0.130245 -0.754706 -0.643005
vn -0.060601 -0.474782 -0.878015
vn 0.498663 -0.350343 -0.792840
vn 0.413980 -0.687991 -0.596061
vn -0.642078 -0.492181 -0.587787
vn -0.060601 -0.474782 -0.878015
vn -0.130245 -0.754706 -0.643005
vn -0.700011 -0.602611 -0.383204
vn -0.869734 -0.385119 -0.308621
vn -0.642078 -0.492181 -0.587787
vn -0.700011 -0.602611 -0.383204
vn -0.919072 -0.376294 0.117088
vn -0.978732 -0.054759 -0.197700
vn -0.869734 -0.385119 -0.308621
vn -0.919072 -0.376294 0.117088
vn -0.949307 -0.309014 0.057681
vn -0.949307 -0.309014 0.057681
vn -0.976833 -0.182531 0.111714
vn -0.974008 0.112994 -0.196319
vn -0.978732 -0.054759 -0.197700
vn -0.968516 0.159364 -0.191261
vn -0.974008 0.112994 -0.196319
vn -0.976833 -0.182531 0.111714
vn -0.986104 -0.135275 0.096430
vn -0.897517 -0.094041 -0.430835
vn -0.968516 0.159364 -0.191261
vn -0.986104 -0.135275 0.096430
vn -0.928512 -0.367697 -0.051614
vn -0.396093 -0.637073 -0.661248
vn -0.897517 -0.094041 -0.430835
vn -0.928512 -0.367697 -0.051614
vn -0.468782 -0.840665 -0.271157
vn -0.468782 -0.840665 -0.271157
vn 0.003968 -0.954267 -0.298930
vn 0.114732 -0.805497 -0.581387
vn -0.396093 -0.637073 -0.661248
vn 0.988040 0.112821 -0.105108
vn 0.807524 0.407866 0.426086
vn 0.798748 0.519670 0.303225
vn 0.950541 0.203807 -0.234382
vn -0.759485 -0.511336 0.402142
vn -0.854840 -0.509448 -0.098545
vn -0.955633 -0.291152 0.044671
vn -0.841993 0.052080 0.536969
vn -0.753700 0.375679 0.539260
vn -0.999578 -0.026226 -0.012490
vn -0.988660 0.097031 -0.114616
vn -0.763416 0.473265 0.439564
vn 0.919072 -0.376294 0.117088
vn 0.746108 -0.344987 0.569479
vn 0.732012 0.183641 0.656075
vn 0.978776 -0.179550 0.098791
vn -0.135997 0.610484 0.780266
vn -0.753700 0.375679 0.539260
vn -0.763416 0.473265 0.439564
vn -0.154290 0.695482 0.701783
vn 0.746108 -0.344987 0.569479
vn 0.308681 -0.481568 0.820249
vn 0.123994 0.320720 0.939023
vn 0.732012 0.183641 0.656075
vn 0.807524 0.407866 0.426086
vn 0.417900 0.576897 0.701819
vn 0.437156 0.666163 0.604253
vn 0.798748 0.519670 0.303225
vn -0.369235 -0.520289 0.770042
vn -0.759485 -0.511336 0.402142
vn -0.841993 0.052080 0.536969
vn -0.441767 0.267255 0.856398
vn 0.417900 0.576897 0.701819
vn -0.135997 0.610484 0.780266
vn -0.154290 0.695482 0.701783
vn 0.437156 0.666163 0.604253
vn 0.308681 -0.481568 0.820249
vn -0.369235 -0.520289 0.770042
vn -0.441767 0.267255 0.856398
vn 0.123994 0.320720 0.939023
vn 0.738053 -0.250373 -0.626571
vn 0.988040 0.112821 -0.105108
vn 0.950541 0.203807 -0.234382
vn 0.708185 -0.245653 -0.661912
vn -0.854840 -0.509448 -0.098545
vn -0.739100 -0.557353 -0.378271
vn -0.743716 -0.569366 -0.350298
vn -0.955633 -0.291152 0.044671
vn -0.743489 -0.362296 -0.562108
vn -0.206700 -0.503976 -0.838620
vn -0.228847 -0.521144 -0.822216
vn -0.722144 -0.297003 -0.624738
vn 0.698011 -0.619989 -0.358321
vn 0.919072 -0.376294 0.117088
vn 0.978776 -0.179550 0.098791
vn 0.702045 -0.565527 -0.432796
vn 0.306643 -0.459914 -0.833336
vn 0.738053 -0.250373 -0.626571
vn 0.708185 -0.245653 -0.661912
vn 0.248198 -0.505201 -0.826541
vn -0.739100 -0.557353 -0.378271
vn -0.413980 -0.687991 -0.596061
vn -0.367592 -0.732182 -0.573399
vn -0.743716 -0.569366 -0.350298
vn -0.206700 -0.503976 -0.838620
vn 0.306643 -0.459914 -0.833336
vn 0.248198 -0.505201 -0.826541
vn -0.228847 -0.521144 -0.822216
vn -0.413980 -0.687991 -0.596061
vn 0.130245 -0.754706 -0.643004
vn 0.130700 -0.765616 -0.629880
vn -0.367592 -0.732182 -0.573399
vn -0.999578 -0.026226 -0.012490
vn -0.743489 -0.362296 -0.562108
vn -0.722144 -0.297003 -0.624738
vn -0.988660 0.097031 -0.114616
vn 0.130245 -0.754706 -0.643004
vn 0.698011 -0.619989 -0.358321
vn 0.702045 -0.565527 -0.432796
vn 0.130700 -0.765616 -0.629880
vn 0.837283 0.061857 0.543259
vn 0.441744 0.267352 0.856379
vn 0.428434 0.385928 0.817009
vn 0.841877 0.206015 0.498799
vn 0.441744 0.267352 0.856379
vn -0.123528 0.320328 0.939218
vn -0.108471 0.411892 0.904754
vn 0.428434 0.385928 0.817009
vn -0.123528 0.320328 0.939218
vn -0.727038 0.183193 0.661706
vn -0.721142 0.234272 0.651974
vn -0.108471 0.411892 0.904754
vn -0.727038 0.183193 0.661706
vn -0.977040 -0.185312 0.105130
vn -0.978978 -0.192015 0.068791
vn -0.721142 0.234272 0.651974
vn -0.977040 -0.185312 0.105130
vn -0.692985 -0.573844 -0.436433
vn -0.657457 -0.597155 -0.459517
vn -0.978978 -0.192015 0.068791
vn -0.692985 -0.573844 -0.436433
vn -0.136456 -0.766249 -0.627888
vn -0.140243 -0.739485 -0.658402
vn -0.657457 -0.597155 -0.459517
vn -0.136456 -0.766249 -0.627888
vn 0.364083 -0.731000 -0.577133
vn 0.358282 -0.680702 -0.638967
vn -0.140243 -0.739485 -0.658402
vn 0.364083 -0.731000 -0.577133
vn 0.738694 -0.575357 -0.351134
vn 0.758740 -0.490617 -0.428495
vn 0.358282 -0.680702 -0.638967
vn 0.738694 -0.575357 -0.351134
vn 0.951493 -0.301569 0.060967
vn 0.984513 -0.171949 -0.034168
vn 0.758740 -0.490617 -0.428495
vn 0.951493 -0.301569 0.060967
vn 0.837283 0.061857 0.543259
vn 0.841877 0.206015 0.498799
vn 0.984513 -0.171949 -0.034168
vn -0.423369 0.383985 0.820557
vn -0.840236 0.192221 0.507005
vn -0.827006 0.298185 0.476600
vn -0.408805 0.468928 0.782934
vn 0.108472 0.411891 0.904754
vn -0.423369 0.383985 0.820557
vn -0.408805 0.468928 0.782934
vn 0.114817 0.487490 0.865546
vn 0.721142 0.234272 0.651974
vn 0.108472 0.411891 0.904754
vn 0.114817 0.487490 0.865546
vn 0.731156 0.286562 0.619106
vn 0.977204 -0.204338 0.057603
vn 0.721142 0.234272 0.651974
vn 0.731156 0.286562 0.619106
vn 0.992433 -0.119863 0.026658
vn 0.657428 -0.597154 -0.459560
vn 0.977204 -0.204338 0.057603
vn 0.992433 -0.119863 0.026658
vn 0.716388 -0.484329 -0.502209
vn 0.161607 -0.746967 -0.644921
vn 0.657428 -0.597154 -0.459560
vn 0.716388 -0.484329 -0.502209
vn 0.186456 -0.639922 -0.745476
vn -0.339752 -0.687194 -0.642132
vn 0.161607 -0.746967 -0.644921
vn 0.186456 -0.639922 -0.745476
vn -0.342895 -0.574619 -0.743126
vn -0.746513 -0.498205 -0.441033
vn -0.339752 -0.687194 -0.642132
vn -0.342895 -0.574619 -0.743126
vn -0.758321 -0.384176 -0.526648
vn -0.984517 -0.171935 -0.034119
vn -0.746513 -0.498205 -0.441033
vn -0.758321 -0.384176 -0.526648
vn -0.994209 -0.068409 -0.082879
vn -0.840236 0.192221 0.507005
vn -0.984517 -0.171935 -0.034119
vn -0.994209 -0.068409 -0.082879
vn -0.827006 0.298185 0.476600
vn 0.841877 0.206015 0.498799
vn 0.428434 0.385928 0.817009
vn 0.406629 0.470781 0.782955
vn 0.828300 0.299272 0.473661
vn 0.428434 0.385928 0.817009
vn -0.108471 0.411892 0.904754
vn -0.111748 0.490686 0.864141
vn 0.406629 0.470781 0.782955
vn -0.108471 0.411892 0.904754
vn -0.721142 0.234272 0.651974
vn -0.734136 0.289369 0.614256
vn -0.111748 0.490686 0.864141
vn -0.721142 0.234272 0.651974
vn -0.978978 -0.192015 0.068791
vn -0.992155 -0.121038 0.031285
vn -0.734136 0.289369 0.614256
vn -0.978978 -0.192015 0.068791
vn -0.657457 -0.597155 -0.459517
vn -0.716038 -0.484596 -0.502450
vn -0.992155 -0.121038 0.031285
vn -0.657457 -0.597155 -0.459517
vn -0.140243 -0.739485 -0.658402
vn -0.179016 -0.633195 -0.753006
vn -0.716038 -0.484596 -0.502450
vn -0.140243 -0.739485 -0.658402
vn 0.358282 -0.680702 -0.638967
vn 0.340665 -0.572659 -0.745660
vn -0.179016 -0.633195 -0.753006
vn 0.358282 -0.680702 -0.638967
vn 0.758740 -0.490617 -0.428495
vn 0.760411 -0.381135 -0.525842
vn 0.340665 -0.572659 -0.745660
vn 0.758740 -0.490617 -0.428495
vn 0.984513 -0.171949 -0.034168
vn 0.994086 -0.066712 -0.085692
vn 0.760411 -0.381135 -0.525842
vn 0.984513 -0.171949 -0.034168
vn 0.841877 0.206015 0.498799
vn 0.828300 0.299272 0.473661
vn 0.994086 -0.066712 -0.085692
vn -0.408805 0.468928 0.782934
vn -0.827006 0.298185 0.476600
vn -0.809186 0.404813 0.425845
vn -0.416021 0.577918 0.702095
vn 0.114817 0.487490 0.865546
vn -0.408805 0.468928 0.782934
vn -0.416021 0.577918 0.702095
vn 0.131931 0.614000 0.778202
vn 0.731156 0.286562 0.619106
vn 0.114817 0.487490 0.865546
vn 0.131931 0.614000 0.778202
vn 0.749066 0.375966 0.545481
vn 0.992433 -0.119863 0.026658
vn 0.731156 0.286562 0.619106
vn 0.749066 0.375966 0.545481
vn 0.999355 -0.034775 -0.008909
vn 0.716388 -0.484329 -0.502209
vn 0.992433 -0.119863 0.026658
vn 0.999355 -0.034775 -0.008909
vn 0.739029 -0.358473 -0.570380
vn 0.186456 -0.639922 -0.745476
vn 0.716388 -0.484329 -0.502209
vn 0.739029 -0.358473 -0.570380
vn 0.206606 -0.496785 -0.842922
vn -0.342895 -0.574619 -0.743126
vn 0.186456 -0.639922 -0.745476
vn 0.206606 -0.496785 -0.842922
vn -0.307684 -0.452629 -0.836934
vn -0.758321 -0.384176 -0.526648
vn -0.342895 -0.574619 -0.743126
vn -0.307684 -0.452629 -0.836934
vn -0.742604 -0.250044 -0.621303
vn -0.994209 -0.068409 -0.082879
vn -0.758321 -0.384176 -0.526648
vn -0.742604 -0.250044 -0.621303
vn -0.987816 0.112810 -0.107209
vn -0.827006 0.298185 0.476600
vn -0.994209 -0.068409 -0.082879
vn -0.987816 0.112810 -0.107209
vn -0.809186 0.404813 0.425845
vn 0.759485 -0.511336 0.402142
vn 0.369236 -0.520289 0.770042
vn 0.441744 0.267352 0.856379
vn 0.837283 0.061857 0.543259
vn 0.369236 -0.520289 0.770042
vn -0.308680 -0.481568 0.820249
vn -0.123528 0.320328 0.939218
vn 0.441744 0.267352 0.856379
vn -0.308680 -0.481568 0.820249
vn -0.746108 -0.344988 0.569479
vn -0.727038 0.183193 0.661706
vn -0.123528 0.320328 0.939218
vn -0.746108 -0.344988 0.569479
vn -0.919072 -0.376294 0.117088
vn -0.977040 -0.185312 0.105130
vn -0.727038 0.183193 0.661706
vn -0.919072 -0.376294 0.117088
vn -0.700011 -0.602611 -0.383204
vn -0.692985 -0.573844 -0.436433
vn -0.977040 -0.185312 0.105130
vn -0.700011 -0.602611 -0.383204
vn -0.130245 -0.754706 -0.643005
vn -0.136456 -0.766249 -0.627888
vn -0.692985 -0.573844 -0.436433
vn -0.130245 -0.754706 -0.643005
vn 0.413980 -0.687991 -0.596061
vn 0.364083 -0.731000 -0.577133
vn -0.136456 -0.766249 -0.627888
vn 0.413980 -0.687991 -0.596061
vn 0.739100 -0.557353 -0.378271
vn 0.738694 -0.575357 -0.351134
vn 0.364083 -0.731000 -0.577133
vn 0.739100 -0.557353 -0.378271
vn 0.854840 -0.509448 -0.098545
vn 0.951493 -0.301569 0.060967
vn 0.738694 -0.575357 -0.351134
vn 0.854840 -0.509448 -0.098545
vn 0.759485 -0.511336 0.402142
vn 0.837283 0.061857 0.543259
vn 0.951493 -0.301569 0.060967
vn -0.441767 0.267255 0.856398
vn -0.841993 0.052080 0.536969
vn -0.840236 0.192221 0.507005
vn -0.423369 0.383985 0.820557
vn 0.123994 0.320720 0.939023
vn -0.441767 0.267255 0.856398
vn -0.423369 0.383985 0.820557
vn 0.108472 0.411891 0.904754
vn 0.732012 0.183641 0.656075
vn 0.123994 0.320720 0.939023
vn 0.108472 0.411891 0.904754
vn 0.721142 0.234272 0.651974
vn 0.978776 -0.179550 0.098791
vn 0.732012 0.183641 0.656075
vn 0.721142 0.234272 0.651974
vn 0.977204 -0.204338 0.057603
vn 0.702045 -0.565527 -0.432796
vn 0.978776 -0.179550 0.098791
vn 0.977204 -0.204338 0.057603
vn 0.657428 -0.597154 -0.459560
vn 0.130700 -0.765616 -0.629880
vn 0.702045 -0.565527 -0.432796
vn 0.657428 -0.597154 -0.459560
vn 0.161607 -0.746967 -0.644921
vn -0.367592 -0.732182 -0.573399
vn 0.130700 -0.765616 -0.629880
vn 0.161607 -0.746967 -0.644921
vn -0.339752 -0.687194 -0.642132
vn -0.743716 -0.569366 -0.350298
vn -0.367592 -0.732182 -0.573399
vn -0.339752 -0.687194 -0.642132
vn -0.746513 -0.498205 -0.441033
vn -0.955633 -0.291152 0.044671
vn -0.743716 -0.569366 -0.350298
vn -0.746513 -0.498205 -0.441033
vn -0.984517 -0.171935 -0.034119
vn -0.841993 0.052080 0.536969
vn -0.955633 -0.291152 0.044671
vn -0.984517 -0.171935 -0.034119
vn -0.840236 0.192221 0.507005
vn 0.828300 0.299272 0.473661
vn 0.406629 0.470781 0.782955
vn 0.417900 0.576897 0.701819
vn 0.807524 0.407866 0.426086
vn 0.406629 0.470781 0.782955
vn -0.111748 0.490686 0.864141
vn -0.135997 0.610484 0.780266
vn 0.417900 0.576897 0.701819
vn -0.111748 0.490686 0.864141
vn -0.734136 0.289369 0.614256
vn -0.753700 0.375679 0.539260
vn -0.135997 0.610484 0.780266
vn -0.734136 0.289369 0.614256
vn -0.992155 -0.121038 0.031285
vn -0.999578 -0.026226 -0.012490
vn -0.753700 0.375679 0.539260
vn -0.992155 -0.121038 0.031285
vn -0.716038 -0.484596 -0.502450
vn -0.743489 -0.362296 -0.562108
vn -0.999578 -0.026226 -0.012490
vn -0.716038 -0.484596 -0.502450
vn -0.179016 -0.633195 -0.753006
vn -0.206700 -0.503976 -0.838620
vn -0.743489 -0.362296 -0.562108
vn -0.179016 -0.633195 -0.753006
vn 0.340665 -0.572659 -0.745660
vn 0.306643 -0.459914 -0.833336
vn -0.206700 -0.503976 -0.838620
vn 0.340665 -0.572659 -0.745660
vn 0.760411 -0.381135 -0.525842
vn 0.738053 -0.250373 -0.626571
vn 0.306643 -0.459914 -0.833336
vn 0.760411 -0.381135 -0.525842
vn 0.994086 -0.066712 -0.085692
vn 0.988040 0.112821 -0.105108
vn 0.738053 -0.250373 -0.626571
vn 0.994086 -0.066712 -0.085692
vn 0.828300 0.299272 0.473661
vn 0.807524 0.407866 0.426086
vn 0.988040 0.112821 -0.105108
vn -0.416021 0.577918 0.702095
vn -0.809186 0.404813 0.425845
vn -0.798747 0.519670 0.303225
vn -0.437156 0.666163 0.604253
vn 0.131931 0.614000 0.778202
vn -0.416021 0.577918 0.702095
vn -0.437156 0.666163 0.604253
vn 0.154290 0.695482 0.701783
vn 0.749066 0.375966 0.545481
vn 0.131931 0.614000 0.778202
vn 0.154290 0.695482 0.701783
vn 0.763416 0.473265 0.439564
vn 0.999355 -0.034775 -0.008909
vn 0.749066 0.375966 0.545481
vn 0.763416 0.473265 0.439564
vn 0.988660 0.097031 -0.114617
vn 0.739029 -0.358473 -0.570380
vn 0.999355 -0.034775 -0.008909
vn 0.988660 0.097031 -0.114617
vn 0.722144 -0.297003 -0.624738
vn 0.206606 -0.496785 -0.842922
vn 0.739029 -0.358473 -0.570380
vn 0.722144 -0.297003 -0.624738
vn 0.228848 -0.521143 -0.822215
vn -0.307684 -0.452629 -0.836934
vn 0.206606 -0.496785 -0.842922
vn 0.228848 -0.521143 -0.822215
vn -0.248198 -0.505201 -0.826541
vn -0.742604 -0.250044 -0.621303
vn -0.307684 -0.452629 -0.836934
vn -0.248198 -0.505201 -0.826541
vn -0.708185 -0.245654 -0.661912
vn -0.987816 0.112810 -0.107209
vn -0.742604 -0.250044 -0.621303
vn -0.708185 -0.245654 -0.661912
vn -0.950541 0.203807 -0.234381
vn -0.809186 0.404813 0.425845
vn -0.987816 0.112810 -0.107209
vn -0.950541 0.203807 -0.234381
vn -0.798747 0.519670 0.303225
vn 0.677725 0.717676 0.160095
vn 0.961925 -0.217416 -0.165625
vn 0.920286 -0.043767 -0.388791
vn 0.490450 0.844411 -0.215475
vn -0.677683 0.717715 0.160097
vn -0.959956 -0.216316 -0.178022
vn -0.956899 -0.285585 0.052774
vn -0.739734 0.577814 0.344854
vn -0.483224 0.850426 0.208014
vn -0.467089 0.824645 0.319043
vn 0.677725 0.717676 0.160095
vn 0.490450 0.844411 -0.215475
vn 0.381920 0.774620 0.504084
vn 0.471217 0.818279 0.329201
vn -0.677683 0.717715 0.160097
vn -0.739734 0.577814 0.344854
vn 0.961925 -0.217416 -0.165625
vn 0.257320 -0.896731 -0.360083
vn 0.474962 -0.862587 -0.174226
vn 0.920286 -0.043767 -0.388791
vn -0.959956 -0.216316 -0.178022
vn -0.254164 -0.898725 -0.357344
vn -0.331049 -0.922741 -0.197373
vn -0.956899 -0.285585 0.052774
vn 0.257320 -0.896731 -0.360083
vn -0.578566 -0.759542 -0.297250
vn -0.483444 -0.862274 0.150880
vn 0.474962 -0.862587 -0.174226
vn 0.985104 -0.162431 0.056445
vn 0.498117 -0.843100 -0.202634
vn 0.578566 -0.759542 -0.297248
vn 0.988939 -0.135691 -0.059901
vn -0.936647 -0.059194 0.345236
vn -0.987786 -0.145363 -0.056108
vn -0.467089 0.824645 0.319043
vn -0.483224 0.850426 0.208014
vn 0.985104 -0.162431 0.056445
vn 0.988939 -0.135691 -0.059901
vn 0.471217 0.818279 0.329201
vn 0.381920 0.774620 0.504084
vn -0.483444 -0.862274 0.150880
vn -0.578566 -0.759542 -0.297250
vn -0.987786 -0.145363 -0.056108
vn -0.936647 -0.059194 0.345236
vn -0.254164 -0.898725 -0.357344
vn 0.578566 -0.759542 -0.297248
vn 0.498117 -0.843100 -0.202634
vn -0.331049 -0.922741 -0.197373
vn 0.545723 -0.837721 0.020226
vn -0.154138 -0.768609 0.620872
vn 0.010581 -0.828494 0.559898
vn 0.517036 -0.843591 -0.145014
vn -0.551534 -0.833907 0.020241
vn 0.148859 -0.761048 0.631385
vn 0.492589 -0.856850 0.152198
vn -0.474962 -0.862587 -0.174226
vn 0.331048 -0.922741 -0.197374
vn 0.257320 -0.896731 -0.360083
vn 0.961925 -0.217416 -0.165625
vn 0.956899 -0.285585 0.052774
vn 0.331048 -0.922741 -0.197374
vn -0.502444 -0.829372 -0.244321
vn -0.578566 -0.759542 -0.297250
vn 0.257320 -0.896731 -0.360083
vn -0.987786 -0.145363 -0.056108
vn -0.578566 -0.759542 -0.297250
vn -0.502444 -0.829372 -0.244321
vn -0.985104 -0.162432 0.056445
vn -0.467089 0.824645 0.319043
vn -0.987786 -0.145363 -0.056108
vn -0.985104 -0.162432 0.056445
vn -0.381920 0.774620 0.504084
vn 0.677725 0.717676 0.160095
vn -0.467089 0.824645 0.319043
vn -0.381920 0.774620 0.504084
vn 0.739734 0.577814 0.344854
vn 0.956899 -0.285585 0.052774
vn 0.961925 -0.217416 -0.165625
vn 0.677725 0.717676 0.160095
vn 0.739734 0.577814 0.344854
vn -0.474962 -0.862587 -0.174226
vn -0.254164 -0.898725 -0.357344
vn -0.959956 -0.216316 -0.178022
vn -0.920286 -0.043767 -0.388790
vn 0.492589 -0.856850 0.152198
vn 0.578566 -0.759542 -0.297248
vn -0.254164 -0.898725 -0.357344
vn -0.474962 -0.862587 -0.174226
vn 0.988939 -0.135691 -0.059901
vn 0.578566 -0.759542 -0.297248
vn 0.492589 -0.856850 0.152198
vn 0.936648 -0.059193 0.345235
vn 0.471217 0.818279 0.329201
vn 0.988939 -0.135691 -0.059901
vn 0.936648 -0.059193 0.345235
vn 0.483224 0.850426 0.208014
vn -0.677683 0.717715 0.160097
vn 0.471217 0.818279 0.329201
vn 0.483224 0.850426 0.208014
vn -0.490450 0.844411 -0.215475
vn -0.920286 -0.043767 -0.388790
vn -0.959956 -0.216316 -0.178022
vn -0.677683 0.717715 0.160097
vn -0.490450 0.844411 -0.215475
vn 0.788004 -0.109628 -0.605831
vn 0.545723 -0.837721 0.020226
vn 0.517036 -0.843591 -0.145014
vn 0.725375 0.005443 -0.688332
vn -0.789721 -0.107212 -0.604024
vn -0.551534 -0.833907 0.020241
vn -0.474962 -0.862587 -0.174226
vn -0.920286 -0.043767 -0.388790
vn 0.238265 0.811727 -0.533225
vn 0.788004 -0.109628 -0.605831
vn 0.725375 0.005443 -0.688332
vn 0.473712 0.821163 -0.318258
vn -0.241325 0.817347 -0.523169
vn -0.789721 -0.107212 -0.604024
vn -0.920286 -0.043767 -0.388790
vn -0.490450 0.844411 -0.215475
vn -0.154138 -0.768609 0.620872
vn -0.697895 -0.067604 0.713002
vn -0.003506 -0.304546 0.952491
vn 0.010581 -0.828494 0.559898
vn 0.148859 -0.761048 0.631385
vn 0.694464 -0.065427 0.716547
vn 0.936648 -0.059193 0.345235
vn 0.492589 -0.856850 0.152198
vn -0.003506 -0.304546 0.952491
vn -0.697895 -0.067604 0.713002
vn -0.589478 0.759858 0.274099
vn 0.094461 0.923177 0.372589
vn 0.936648 -0.059193 0.345235
vn 0.694464 -0.065427 0.716547
vn 0.591102 0.766177 0.252132
vn 0.483224 0.850426 0.208014
vn -0.589478 0.759858 0.274099
vn 0.238265 0.811727 -0.533225
vn 0.473712 0.821163 -0.318258
vn 0.094461 0.923177 0.372589
vn 0.591102 0.766177 0.252132
vn -0.241325 0.817347 -0.523169
vn -0.490450 0.844411 -0.215475
vn 0.483224 0.850426 0.208014
vn 0.956899 -0.285585 0.052774
vn 0.739734 0.577814 0.344854
vn 0.580524 0.435878 0.687752
vn 0.855861 -0.381070 0.349696
vn -0.739734 0.577814 0.344854
vn -0.956899 -0.285585 0.052774
vn -0.855862 -0.381069 0.349695
vn -0.580525 0.435877 0.687752
vn 0.739734 0.577814 0.344854
vn -0.381920 0.774620 0.504084
vn -0.407662 0.651519 0.639792
vn 0.580524 0.435878 0.687752
vn 0.381920 0.774620 0.504084
vn -0.739734 0.577814 0.344854
vn -0.580525 0.435877 0.687752
vn 0.407661 0.651519 0.639793
vn 0.331048 -0.922741 -0.197374
vn 0.956899 -0.285585 0.052774
vn 0.855861 -0.381070 0.349696
vn 0.268257 -0.957390 0.106971
vn -0.956899 -0.285585 0.052774
vn -0.331049 -0.922741 -0.197373
vn -0.268258 -0.957390 0.106972
vn -0.855862 -0.381069 0.349695
vn -0.502444 -0.829372 -0.244321
vn 0.331048 -0.922741 -0.197374
vn 0.268257 -0.957390 0.106971
vn -0.558787 -0.820774 -0.118687
vn 0.498117 -0.843100 -0.202634
vn 0.985104 -0.162431 0.056445
vn 0.911310 -0.122245 0.393153
vn 0.558786 -0.820775 -0.118686
vn -0.381920 0.774620 0.504084
vn -0.985104 -0.162432 0.056445
vn -0.911311 -0.122245 0.393151
vn -0.407662 0.651519 0.639792
vn 0.985104 -0.162431 0.056445
vn 0.381920 0.774620 0.504084
vn 0.407661 0.651519 0.639793
vn 0.911310 -0.122245 0.393153
vn -0.985104 -0.162432 0.056445
vn -0.502444 -0.829372 -0.244321
vn -0.558787 -0.820774 -0.118687
vn -0.911311 -0.122245 0.393151
vn -0.331049 -0.922741 -0.197373
vn 0.498117 -0.843100 -0.202634
vn 0.558786 -0.820775 -0.118686
vn -0.268258 -0.957390 0.106972
vn 0.207600 0.958811 -0.193867
vn -0.639644 0.757104 0.132852
vn 0.345702 0.929129 -0.131186
vn 0.265224 0.912272 -0.312115
vn -0.938859 -0.288553 0.187833
vn -0.639644 0.757104 0.132852
vn 0.207600 0.958811 -0.193867
vn -0.100827 -0.699622 0.707363
vn -0.282742 -0.848988 0.446403
vn -0.442104 -0.894988 0.059500
vn -0.938859 -0.288553 0.187833
vn -0.100827 -0.699622 0.707363
vn -0.086239 -0.766984 0.635845
vn 0.387009 -0.917247 0.094244
vn -0.442104 -0.894988 0.059500
vn -0.282742 -0.848988 0.446403
vn 0.987496 -0.113364 -0.109545
vn 0.387009 -0.917247 0.094244
vn -0.086239 -0.766984 0.635845
vn 0.605638 0.757002 0.245258
vn 0.605638 0.757002 0.245258
vn 0.265224 0.912272 -0.312115
vn 0.345702 0.929129 -0.131186
vn 0.987496 -0.113364 -0.109545
vn 0.639648 0.757102 0.132841
vn -0.351099 0.925622 -0.141257
vn -0.400727 0.889604 0.219139
vn 0.503150 0.765562 0.400943
vn 0.938197 -0.304002 0.165438
vn 0.639648 0.757102 0.132841
vn 0.503150 0.765562 0.400943
vn 0.978084 -0.180463 0.103851
vn 0.978084 -0.180463 0.103851
vn 0.447399 -0.852993 -0.268770
vn 0.442105 -0.894988 0.059499
vn 0.938197 -0.304002 0.165438
vn -0.401133 -0.912354 0.081866
vn 0.442105 -0.894988 0.059499
vn 0.447399 -0.852993 -0.268770
vn -0.346083 -0.896410 -0.276904
vn -0.988100 -0.116664 -0.100243
vn -0.401133 -0.912354 0.081866
vn -0.346083 -0.896410 -0.276904
vn -0.994048 -0.092150 -0.058111
vn -0.351099 0.925622 -0.141257
vn -0.988100 -0.116664 -0.100243
vn -0.994048 -0.092150 -0.058111
vn -0.400727 0.889604 0.219139
vn 0.998963 0.039159 0.023227
vn 0.732545 -0.597674 -0.325828
vn 0.703561 -0.709942 -0.031377
vn 0.988984 0.143610 0.035873
vn 0.732545 -0.597674 -0.325828
vn -0.143226 -0.917145 -0.371930
vn -0.031121 -0.998260 -0.050089
vn 0.703561 -0.709942 -0.031377
vn -0.143226 -0.917145 -0.371930
vn -0.891868 -0.442713 -0.092614
vn -0.870592 -0.485464 0.079964
vn -0.031121 -0.998260 -0.050089
vn -0.891868 -0.442713 -0.092614
vn -0.943138 0.259840 0.207302
vn -0.952139 0.265644 0.151213
vn -0.870592 -0.485464 0.079964
vn -0.943138 0.259840 0.207302
vn -0.420557 0.804287 0.419826
vn -0.518776 0.847839 0.109730
vn -0.952139 0.265644 0.151213
vn 0.437959 0.897476 0.052237
vn -0.518776 0.847839 0.109730
vn -0.420557 0.804287 0.419826
vn 0.440872 0.828987 0.344111
vn 0.440872 0.828987 0.344111
vn 0.998963 0.039159 0.023227
vn 0.988984 0.143610 0.035873
vn 0.437959 0.897476 0.052237
vn -0.715038 -0.698917 -0.015320
vn -0.989133 0.138822 0.048427
vn -0.261011 0.949238 -0.175557
vn 0.100827 -0.699623 0.707363
vn 0.060094 -0.996056 -0.065273
vn -0.715038 -0.698917 -0.015320
vn 0.100827 -0.699623 0.707363
vn -0.094754 -0.872210 0.479867
vn 0.868301 -0.486420 0.097208
vn 0.060094 -0.996056 -0.065273
vn -0.094754 -0.872210 0.479867
vn -0.267319 -0.717358 0.643381
vn 0.953151 0.263070 0.149322
vn 0.868301 -0.486420 0.097208
vn -0.267319 -0.717358 0.643381
vn 0.485181 0.872643 -0.055613
vn 0.551963 0.811389 -0.192314
vn 0.518775 0.847839 0.109737
vn 0.953151 0.263070 0.149322
vn 0.485181 0.872643 -0.055613
vn -0.436793 0.897811 0.056099
vn 0.518775 0.847839 0.109737
vn 0.551963 0.811389 -0.192314
vn -0.261011 0.922756 -0.283541
vn -0.989133 0.138822 0.048427
vn -0.436793 0.897811 0.056099
vn -0.261011 0.922756 -0.283541
vn -0.261011 0.949238 -0.175557
vn 0.723937 0.556306 0.407970
vn 0.864500 -0.476431 -0.160170
vn 0.931793 -0.362538 0.018107
vn 0.849437 0.454637 0.267884
vn 0.864500 -0.476431 -0.160170
vn 0.104399 -0.933756 -0.342344
vn 0.107862 -0.992508 -0.057394
vn 0.931793 -0.362538 0.018107
vn 0.104399 -0.933756 -0.342344
vn -0.765991 -0.599212 -0.232814
vn -0.857679 -0.513400 -0.028426
vn 0.107862 -0.992508 -0.057394
vn -0.765991 -0.599212 -0.232814
vn -0.907488 0.341306 0.244901
vn -0.906967 0.413285 0.081281
vn -0.857679 -0.513400 -0.028426
vn -0.907488 0.341306 0.244901
vn -0.062268 0.848596 0.525364
vn 0.058214 0.951950 0.300670
vn -0.906967 0.413285 0.081281
vn -0.062268 0.848596 0.525364
vn 0.723937 0.556306 0.407970
vn 0.849437 0.454637 0.267884
vn 0.058214 0.951950 0.300670
vn -0.910625 -0.410048 0.051203
vn -0.821779 0.459056 0.337561
vn 0.485181 0.872643 -0.055613
vn -0.267319 -0.717358 0.643381
vn -0.107862 -0.992508 -0.057393
vn -0.910625 -0.410048 0.051203
vn -0.267319 -0.717358 0.643381
vn -0.168344 -0.909928 0.379067
vn 0.835665 -0.549240 -0.000436
vn -0.107862 -0.992508 -0.057393
vn -0.168344 -0.909928 0.379067
vn 0.928272 -0.364675 0.072960
vn 0.885073 0.463016 0.047561
vn 0.835665 -0.549240 -0.000436
vn 0.928272 -0.364675 0.072960
vn 0.765111 0.613375 -0.195897
vn -0.010586 0.936875 0.349503
vn 0.885073 0.463016 0.047561
vn 0.765111 0.613375 -0.195897
vn -0.023949 0.994655 -0.100441
vn -0.821779 0.459056 0.337561
vn -0.010586 0.936875 0.349503
vn -0.023949 0.994655 -0.100441
vn 0.485181 0.872643 -0.055613
vn 0.896015 -0.294692 0.332135
vn 0.962323 -0.265171 0.060155
vn 0.360019 0.824514 0.436535
vn 0.259401 0.635366 0.727339
vn -0.258810 -0.958203 -0.121916
vn 0.962323 -0.265171 0.060155
vn 0.896015 -0.294692 0.332135
vn 0.083204 -0.982335 0.167614
vn -0.976886 -0.096375 0.190801
vn -0.258810 -0.958203 -0.121916
vn 0.083204 -0.982335 0.167614
vn -0.927981 -0.128581 0.349740
vn -0.578042 0.502257 0.643122
vn -0.534499 0.727622 0.429974
vn -0.976886 -0.096375 0.190801
vn -0.927981 -0.128581 0.349740
vn 0.259401 0.635366 0.727339
vn 0.360019 0.824514 0.436535
vn -0.534499 0.727622 0.429974
vn -0.578042 0.502257 0.643122
vn -0.958785 -0.260486 -0.113484
vn -0.962340 -0.265115 0.060140
vn -0.369544 0.817484 0.441767
vn -0.332305 0.905659 0.263354
vn 0.258829 -0.958206 -0.121858
vn -0.962340 -0.265115 0.060140
vn -0.958785 -0.260486 -0.113484
vn 0.345497 -0.917333 -0.197818
vn 0.974969 -0.092261 0.202297
vn 0.258829 -0.958206 -0.121858
vn 0.345497 -0.917333 -0.197818
vn 0.996538 -0.058993 0.058585
vn 0.680714 0.679509 0.273672
vn 0.534500 0.727622 0.429972
vn 0.974969 -0.092261 0.202297
vn 0.996538 -0.058993 0.058585
vn -0.332305 0.905659 0.263354
vn -0.369544 0.817484 0.441767
vn 0.534500 0.727622 0.429972
vn 0.680714 0.679509 0.273672
vn -0.712499 -0.649926 -0.264462
vn -0.894963 0.292668 0.336728
vn -0.907488 0.341306 0.244901
vn -0.765991 -0.599212 -0.232814
vn 0.099500 -0.925339 -0.365852
vn -0.712499 -0.649926 -0.264462
vn -0.765991 -0.599212 -0.232814
vn 0.104399 -0.933756 -0.342344
vn 0.884629 -0.466078 -0.014242
vn 0.099500 -0.925339 -0.365852
vn 0.104399 -0.933756 -0.342344
vn 0.864500 -0.476431 -0.160170
vn 0.723937 0.556306 0.407970
vn 0.692524 0.489037 0.530334
vn 0.884629 -0.466078 -0.014242
vn 0.864500 -0.476431 -0.160170
vn -0.062268 0.848596 0.525364
vn -0.182086 0.745365 0.641308
vn 0.692524 0.489037 0.530334
vn 0.723937 0.556306 0.407970
vn -0.907488 0.341306 0.244901
vn -0.894963 0.292668 0.336728
vn -0.182086 0.745365 0.641308
vn -0.062268 0.848596 0.525364
vn 0.714278 -0.636682 -0.290591
vn 0.906546 0.272742 0.322160
vn 0.926850 0.120046 0.355723
vn 0.669758 -0.741955 -0.030434
vn 0.669758 -0.741955 -0.030434
vn -0.212345 -0.941548 -0.261530
vn -0.112170 -0.922933 -0.368256
vn 0.714278 -0.636682 -0.290591
vn -0.893067 -0.449667 -0.015225
vn -0.112170 -0.922933 -0.368256
vn -0.212345 -0.941548 -0.261530
vn -0.852468 -0.398118 0.338821
vn -0.460119 0.435901 0.773486
vn -0.691119 0.500277 0.521610
vn -0.893067 -0.449667 -0.015225
vn -0.852468 -0.398118 0.338821
vn 0.311970 0.504524 0.805065
vn 0.182074 0.745253 0.641441
vn -0.691119 0.500277 0.521610
vn -0.460119 0.435901 0.773486
vn 0.926850 0.120046 0.355723
vn 0.906546 0.272742 0.322160
vn 0.182074 0.745253 0.641441
vn 0.311970 0.504524 0.805065
vn 0.268257 -0.957390 0.106971
vn -0.153792 -0.382642 0.911006
vn -0.911311 -0.122245 0.393151
vn -0.558787 -0.820774 -0.118687
vn 0.153787 -0.382643 0.911007
vn -0.268258 -0.957390 0.106972
vn 0.558786 -0.820775 -0.118686
vn 0.911310 -0.122245 0.393153
vn 0.855861 -0.381070 0.349696
vn 0.580524 0.435878 0.687752
vn -0.153792 -0.382642 0.911006
vn 0.268257 -0.957390 0.106971
vn -0.580525 0.435877 0.687752
vn -0.855862 -0.381069 0.349695
vn -0.268258 -0.957390 0.106972
vn 0.153787 -0.382643 0.911007
vn 0.580524 0.435878 0.687752
vn -0.407662 0.651519 0.639792
vn -0.911311 -0.122245 0.393151
vn -0.153792 -0.382642 0.911006
vn 0.407661 0.651519 0.639793
vn -0.580525 0.435877 0.687752
vn 0.153787 -0.382643 0.911007
vn 0.911310 -0.122245 0.393153
vn 0.117957 0.949851 -0.289602
vn 0.931658 0.306410 -0.195261
vn 0.868265 0.484868 -0.104968
vn 0.204945 0.975265 -0.082794
vn -0.112820 0.952168 -0.283985
vn -0.933408 0.309934 -0.180806
vn -0.970781 0.234929 -0.048908
vn -0.193758 0.980933 0.015136
vn 0.931658 0.306410 -0.195261
vn 0.670284 -0.689061 0.275527
vn 0.596579 -0.541718 0.592145
vn 0.868265 0.484868 -0.104968
vn -0.933408 0.309934 -0.180806
vn -0.677607 -0.673178 0.296109
vn -0.593491 -0.803973 -0.037343
vn -0.970781 0.234929 -0.048908
vn 0.596579 -0.541718 0.592145
vn 0.670284 -0.689061 0.275527
vn -0.278159 -0.802909 0.527224
vn -0.079527 -0.767716 0.635836
vn -0.593491 -0.803973 -0.037343
vn -0.677607 -0.673178 0.296109
vn 0.263089 -0.822397 0.504428
vn 0.378104 -0.919381 0.108515
vn -0.278159 -0.802909 0.527224
vn -0.930118 -0.205215 0.304577
vn -0.275475 -0.275676 0.920932
vn -0.079527 -0.767716 0.635836
vn 0.263089 -0.822397 0.504428
vn 0.922682 -0.188982 0.336071
vn 0.991631 -0.104976 0.075150
vn 0.378104 -0.919381 0.108515
vn -0.275475 -0.275676 0.920932
vn -0.930118 -0.205215 0.304577
vn -0.781553 0.622088 -0.046715
vn -0.363354 0.559496 0.744942
vn 0.991631 -0.104976 0.075150
vn 0.922682 -0.188982 0.336071
vn 0.772121 0.632466 -0.061776
vn 0.688998 0.721634 0.067282
vn 0.204945 0.975265 -0.082794
vn -0.363354 0.559496 0.744942
vn -0.781553 0.622088 -0.046715
vn 0.117957 0.949851 -0.289602
vn 0.772121 0.632466 -0.061776
vn -0.112820 0.952168 -0.283985
vn -0.193758 0.980933 0.015136
vn 0.688998 0.721634 0.067282
vn 0.593492 -0.803973 -0.037343
vn 0.670284 -0.689061 0.275527
vn 0.931658 0.306410 -0.195261
vn 0.970781 0.234929 -0.048907
vn -0.278159 -0.802909 0.527224
vn 0.670284 -0.689061 0.275527
vn 0.593492 -0.803973 -0.037343
vn -0.378103 -0.919381 0.108515
vn -0.991631 -0.104977 0.075150
vn -0.930118 -0.205215 0.304577
vn -0.278159 -0.802909 0.527224
vn -0.378103 -0.919381 0.108515
vn -0.781553 0.622088 -0.046715
vn -0.930118 -0.205215 0.304577
vn -0.991631 -0.104977 0.075150
vn -0.688998 0.721634 0.067282
vn 0.117957 0.949851 -0.289602
vn -0.781553 0.622088 -0.046715
vn -0.688998 0.721634 0.067282
vn 0.193758 0.980933 0.015136
vn 0.970781 0.234929 -0.048907
vn 0.931658 0.306410 -0.195261
vn 0.117957 0.949851 -0.289602
vn 0.193758 0.980933 0.015136
vn -0.596579 -0.541718 0.592145
vn -0.677607 -0.673178 0.296109
vn -0.933408 0.309934 -0.180806
vn -0.868265 0.484868 -0.104967
vn 0.263089 -0.822397 0.504428
vn -0.677607 -0.673178 0.296109
vn -0.596579 -0.541718 0.592145
vn 0.079527 -0.767716 0.635836
vn 0.275475 -0.275675 0.920932
vn 0.922682 -0.188982 0.336071
vn 0.263089 -0.822397 0.504428
vn 0.079527 -0.767716 0.635836
vn 0.772121 0.632466 -0.061776
vn 0.922682 -0.188982 0.336071
vn 0.275475 -0.275675 0.920932
vn 0.363353 0.559497 0.744942
vn 0.363353 0.559497 0.744942
vn -0.204945 0.975266 -0.082794
vn -0.112820 0.952168 -0.283985
vn 0.772121 0.632466 -0.061776
vn -0.868265 0.484868 -0.104967
vn -0.933408 0.309934 -0.180806
vn -0.112820 0.952168 -0.283985
vn -0.204945 0.975266 -0.082794
vn 0.983845 0.156190 0.087488
vn 0.258434 0.889656 0.376461
vn 0.245507 0.725933 0.642454
vn 0.945087 0.068957 0.319462
vn -0.983834 0.156249 0.087503
vn -0.259739 0.883987 0.388720
vn -0.193758 0.980933 0.015136
vn -0.970781 0.234929 -0.048908
vn 0.258434 0.889656 0.376461
vn -0.662829 0.670118 0.334065
vn -0.574916 0.599833 0.556482
vn 0.245507 0.725933 0.642454
vn 0.688998 0.721634 0.067282
vn -0.193758 0.980933 0.015136
vn -0.259739 0.883987 0.388720
vn 0.667284 0.685973 0.290124
vn -0.574916 0.599833 0.556482
vn -0.662829 0.670118 0.334065
vn -0.975812 -0.215869 -0.034511
vn -0.965042 -0.195666 0.174381
vn 0.688998 0.721634 0.067282
vn 0.667284 0.685973 0.290124
vn 0.980326 -0.193480 -0.039082
vn 0.991631 -0.104976 0.075150
vn -0.965042 -0.195666 0.174381
vn -0.975812 -0.215869 -0.034511
vn -0.416811 -0.828996 -0.372872
vn -0.537370 -0.817464 -0.207332
vn 0.991631 -0.104976 0.075150
vn 0.980326 -0.193480 -0.039082
vn 0.421043 -0.824911 -0.377153
vn 0.378104 -0.919381 0.108515
vn 0.495979 -0.833984 -0.241818
vn -0.537370 -0.817464 -0.207332
vn -0.416811 -0.828996 -0.372872
vn 0.473006 -0.804926 -0.358272
vn 0.421043 -0.824911 -0.377153
vn -0.469835 -0.813494 -0.342758
vn -0.593491 -0.803973 -0.037343
vn 0.378104 -0.919381 0.108515
vn 0.495979 -0.833984 -0.241818
vn 0.473006 -0.804926 -0.358272
vn 0.983845 0.156190 0.087488
vn 0.945087 0.068957 0.319462
vn -0.593491 -0.803973 -0.037343
vn -0.469835 -0.813494 -0.342758
vn -0.983834 0.156249 0.087503
vn -0.970781 0.234929 -0.048908
vn 0.945087 0.068957 0.319462
vn 0.245507 0.725933 0.642454
vn 0.251980 0.422537 0.870614
vn 0.797816 -0.288030 0.529650
vn -0.245507 0.725933 0.642454
vn -0.945087 0.068957 0.319462
vn -0.797816 -0.288030 0.529649
vn -0.251980 0.422537 0.870614
vn 0.245507 0.725933 0.642454
vn -0.574916 0.599833 0.556482
vn -0.606113 0.181279 0.774445
vn 0.251980 0.422537 0.870614
vn 0.574916 0.599833 0.556482
vn -0.245507 0.725933 0.642454
vn -0.251980 0.422537 0.870614
vn 0.606113 0.181279 0.774445
vn -0.574916 0.599833 0.556482
vn -0.965042 -0.195666 0.174381
vn -0.908583 -0.375571 0.182818
vn -0.606113 0.181279 0.774445
vn 0.965042 -0.195666 0.174382
vn 0.574916 0.599833 0.556482
vn 0.606113 0.181279 0.774445
vn 0.908584 -0.375572 0.182817
vn -0.965042 -0.195666 0.174381
vn -0.537370 -0.817464 -0.207332
vn -0.353237 -0.927911 -0.119181
vn -0.908583 -0.375571 0.182818
vn 0.537370 -0.817464 -0.207333
vn 0.965042 -0.195666 0.174382
vn 0.908584 -0.375572 0.182817
vn 0.353237 -0.927911 -0.119184
vn -0.537370 -0.817464 -0.207332
vn 0.495979 -0.833984 -0.241818
vn 0.353803 -0.911488 -0.209793
vn -0.353237 -0.927911 -0.119181
vn -0.495979 -0.833984 -0.241818
vn 0.537370 -0.817464 -0.207333
vn 0.353237 -0.927911 -0.119184
vn -0.353803 -0.911488 -0.209794
vn 0.495979 -0.833984 -0.241818
vn 0.945087 0.068957 0.319462
vn 0.797816 -0.288030 0.529650
vn 0.353803 -0.911488 -0.209793
vn -0.945087 0.068957 0.319462
vn -0.495979 -0.833984 -0.241818
vn -0.353803 -0.911488 -0.209794
vn -0.797816 -0.288030 0.529649
vn 0.353803 -0.911488 -0.209793
vn 0.797816 -0.288030 0.529650
vn -0.058905 -0.725132 0.686086
vn -0.353237 -0.927911 -0.119181
vn -0.797816 -0.288030 0.529649
vn -0.353803 -0.911488 -0.209794
vn 0.353237 -0.927911 -0.119184
vn 0.058905 -0.725133 0.686085
vn -0.908583 -0.375571 0.182818
vn -0.353237 -0.927911 -0.119181
vn -0.058905 -0.725132 0.686086
vn -0.606113 0.181279 0.774445
vn 0.353237 -0.927911 -0.119184
vn 0.908584 -0.375572 0.182817
vn 0.606113 0.181279 0.774445
vn 0.058905 -0.725133 0.686085
vn -0.058905 -0.725132 0.686086
vn 0.797816 -0.288030 0.529650
vn 0.251980 0.422537 0.870614
vn -0.606113 0.181279 0.774445
vn -0.797816 -0.288030 0.529649
vn 0.058905 -0.725133 0.686085
vn 0.606113 0.181279 0.774445
vn -0.251980 0.422537 0.870614
vn 0.193758 0.980933 0.015136
vn -0.688998 0.721634 0.067282
vn -0.662829 0.670118 0.334065
vn 0.258434 0.889656 0.376461
vn -0.975812 -0.215869 -0.034511
vn -0.662829 0.670118 0.334065
vn -0.688998 0.721634 0.067282
vn -0.991631 -0.104977 0.075150
vn -0.416811 -0.828996 -0.372872
vn -0.975812 -0.215869 -0.034511
vn -0.991631 -0.104977 0.075150
vn -0.378103 -0.919381 0.108515
vn 0.473006 -0.804926 -0.358272
vn -0.416811 -0.828996 -0.372872
vn -0.378103 -0.919381 0.108515
vn 0.593492 -0.803973 -0.037343
vn 0.983845 0.156190 0.087488
vn 0.473006 -0.804926 -0.358272
vn 0.593492 -0.803973 -0.037343
vn 0.970781 0.234929 -0.048907
vn 0.193758 0.980933 0.015136
vn 0.258434 0.889656 0.376461
vn 0.983845 0.156190 0.087488
vn 0.970781 0.234929 -0.048907
vn 0.667284 0.685973 0.290124
vn -0.259739 0.883987 0.388720
vn -0.245507 0.725933 0.642454
vn 0.574916 0.599833 0.556482
vn 0.980326 -0.193480 -0.039082
vn 0.667284 0.685973 0.290124
vn 0.574916 0.599833 0.556482
vn 0.965042 -0.195666 0.174382
vn 0.421043 -0.824911 -0.377153
vn 0.980326 -0.193480 -0.039082
vn 0.965042 -0.195666 0.174382
vn 0.537370 -0.817464 -0.207333
vn 0.537370 -0.817464 -0.207333
vn -0.495979 -0.833984 -0.241818
vn -0.469835 -0.813494 -0.342758
vn 0.421043 -0.824911 -0.377153
vn -0.983834 0.156249 0.087503
vn -0.469835 -0.813494 -0.342758
vn -0.495979 -0.833984 -0.241818
vn -0.945087 0.068957 0.319462
vn -0.245507 0.725933 0.642454
vn -0.259739 0.883987 0.388720
vn -0.983834 0.156249 0.087503
vn -0.945087 0.068957 0.319462
vn -0.936647 -0.059194 0.345236
vn -0.697895 -0.067604 0.713002
vn -0.154138 -0.768609 0.620872
vn -0.483444 -0.862274 0.150880
vn -0.589478 0.759858 0.274099
vn -0.697895 -0.067604 0.713002
vn -0.936647 -0.059194 0.345236
vn -0.483224 0.850426 0.208014
vn 0.490450 0.844411 -0.215475
vn 0.238265 0.811727 -0.533225
vn -0.589478 0.759858 0.274099
vn -0.483224 0.850426 0.208014
vn 0.920286 -0.043767 -0.388791
vn 0.788004 -0.109628 -0.605831
vn 0.238265 0.811727 -0.533225
vn 0.490450 0.844411 -0.215475
vn 0.474962 -0.862587 -0.174226
vn 0.545723 -0.837721 0.020226
vn 0.788004 -0.109628 -0.605831
vn 0.920286 -0.043767 -0.388791
vn -0.483444 -0.862274 0.150880
vn -0.154138 -0.768609 0.620872
vn 0.545723 -0.837721 0.020226
vn 0.474962 -0.862587 -0.174226
vn 0.003506 -0.304546 0.952491
vn 0.694464 -0.065427 0.716547
vn 0.148859 -0.761048 0.631385
vn -0.010580 -0.828494 0.559898
vn 0.591102 0.766177 0.252132
vn 0.694464 -0.065427 0.716547
vn 0.003506 -0.304546 0.952491
vn -0.094460 0.923176 0.372590
vn -0.473712 0.821163 -0.318258
vn -0.241325 0.817347 -0.523169
vn 0.591102 0.766177 0.252132
vn -0.094460 0.923176 0.372590
vn -0.725375 0.005443 -0.688332
vn -0.789721 -0.107212 -0.604024
vn -0.241325 0.817347 -0.523169
vn -0.473712 0.821163 -0.318258
vn -0.517035 -0.843591 -0.145014
vn -0.551534 -0.833907 0.020241
vn -0.789721 -0.107212 -0.604024
vn -0.725375 0.005443 -0.688332
vn -0.010580 -0.828494 0.559898
vn 0.148859 -0.761048 0.631385
vn -0.551534 -0.833907 0.020241
vn -0.517035 -0.843591 -0.145014
vn 0.058171 0.907418 -0.416183
vn 0.932750 0.332311 -0.139813
vn 0.835346 0.287397 0.468615
vn -0.141234 0.989535 -0.029565
vn -0.058819 0.908157 -0.414478
vn -0.933278 0.333039 -0.134452
vn -0.912266 0.407343 0.042924
vn -0.053697 0.997927 -0.035460
vn 0.342205 -0.377817 0.860319
vn 0.835346 0.287397 0.468615
vn 0.932750 0.332311 -0.139813
vn 0.806555 -0.497334 0.319576
vn -0.933278 0.333039 -0.134452
vn -0.807090 -0.492118 0.326228
vn -0.773265 -0.631372 0.058579
vn -0.912266 0.407343 0.042924
vn 0.806555 -0.497334 0.319576
vn -0.023627 -0.835760 0.548586
vn -0.053814 -0.766214 0.640328
vn 0.342205 -0.377817 0.860319
vn -0.807090 -0.492118 0.326228
vn 0.032022 -0.840553 0.540782
vn 0.057939 -0.996078 -0.066866
vn -0.773265 -0.631372 0.058579
vn -0.023627 -0.835760 0.548586
vn -0.857015 -0.426986 0.288460
vn -0.563209 -0.313886 0.764377
vn -0.053814 -0.766214 0.640328
vn 0.032022 -0.840553 0.540782
vn 0.858646 -0.419494 0.294536
vn 0.889161 -0.454942 -0.049198
vn 0.057939 -0.996078 -0.066866
vn -0.563209 -0.313886 0.764377
vn -0.857015 -0.426986 0.288460
vn -0.882659 0.438130 -0.170165
vn -0.674140 0.124454 0.728043
vn 0.889161 -0.454942 -0.049198
vn 0.858646 -0.419494 0.294536
vn 0.884055 0.436467 -0.167163
vn 0.843575 0.535294 -0.042921
vn -0.674140 0.124454 0.728043
vn -0.882659 0.438130 -0.170165
vn 0.058171 0.907418 -0.416183
vn -0.141234 0.989535 -0.029565
vn 0.843575 0.535294 -0.042921
vn 0.884055 0.436467 -0.167163
vn -0.058819 0.908157 -0.414478
vn -0.053697 0.997927 -0.035460
vn 0.918006 0.330405 0.219314
vn -0.095155 0.892834 0.440219
vn -0.125248 0.716797 0.685941
vn 0.845417 0.302057 0.440490
vn -0.053697 0.997927 -0.035460
vn -0.912266 0.407343 0.042924
vn -0.917105 0.334439 0.216955
vn 0.098849 0.893372 0.438310
vn 0.717506 -0.625886 -0.305698
vn 0.918006 0.330405 0.219314
vn 0.845417 0.302057 0.440490
vn 0.771267 -0.616120 -0.159824
vn -0.912266 0.407343 0.042924
vn -0.773265 -0.631372 0.058579
vn -0.717667 -0.623726 -0.309708
vn -0.917105 0.334439 0.216955
vn -0.096633 -0.869377 -0.484610
vn 0.717506 -0.625886 -0.305698
vn 0.771267 -0.616120 -0.159824
vn -0.047931 -0.919329 -0.390559
vn -0.773265 -0.631372 0.058579
vn 0.057939 -0.996078 -0.066866
vn 0.096633 -0.869377 -0.484609
vn -0.717667 -0.623726 -0.309708
vn -0.787649 -0.525028 -0.322421
vn -0.096633 -0.869377 -0.484610
vn -0.047931 -0.919329 -0.390559
vn -0.839287 -0.519742 -0.159578
vn 0.057939 -0.996078 -0.066866
vn 0.889161 -0.454942 -0.049198
vn 0.793699 -0.513584 -0.325998
vn 0.096633 -0.869377 -0.484609
vn -0.929901 0.350316 0.112085
vn -0.787649 -0.525028 -0.322421
vn -0.839287 -0.519742 -0.159578
vn -0.903286 0.214578 0.371525
vn 0.889161 -0.454942 -0.049198
vn 0.843575 0.535294 -0.042921
vn 0.929901 0.350316 0.112085
vn 0.793699 -0.513584 -0.325998
vn -0.095155 0.892834 0.440219
vn -0.929901 0.350316 0.112085
vn -0.903286 0.214578 0.371525
vn -0.125248 0.716797 0.685941
vn 0.843575 0.535294 -0.042921
vn -0.053697 0.997927 -0.035460
vn 0.098849 0.893372 0.438310
vn 0.929901 0.350316 0.112085
vn 0.053697 0.997927 -0.035459
vn -0.843575 0.535294 -0.042921
vn -0.929901 0.350316 0.112085
vn -0.095155 0.892834 0.440219
vn -0.843575 0.535294 -0.042921
vn -0.889161 -0.454942 -0.049198
vn -0.787649 -0.525028 -0.322421
vn -0.929901 0.350316 0.112085
vn -0.889161 -0.454942 -0.049198
vn -0.057939 -0.996078 -0.066867
vn -0.096633 -0.869377 -0.484610
vn -0.787649 -0.525028 -0.322421
vn -0.057939 -0.996078 -0.066867
vn 0.773265 -0.631371 0.058578
vn 0.717506 -0.625886 -0.305698
vn -0.096633 -0.869377 -0.484610
vn 0.773265 -0.631371 0.058578
vn 0.912266 0.407342 0.042924
vn 0.918006 0.330405 0.219314
vn 0.717506 -0.625886 -0.305698
vn 0.912266 0.407342 0.042924
vn 0.053697 0.997927 -0.035459
vn -0.095155 0.892834 0.440219
vn 0.918006 0.330405 0.219314
vn 0.929901 0.350316 0.112085
vn 0.098849 0.893372 0.438310
vn 0.125248 0.716797 0.685941
vn 0.903286 0.214578 0.371524
vn 0.793699 -0.513584 -0.325998
vn 0.929901 0.350316 0.112085
vn 0.903286 0.214578 0.371524
vn 0.839287 -0.519742 -0.159578
vn 0.096633 -0.869377 -0.484609
vn 0.793699 -0.513584 -0.325998
vn 0.839287 -0.519742 -0.159578
vn 0.047931 -0.919329 -0.390559
vn -0.717667 -0.623726 -0.309708
vn 0.096633 -0.869377 -0.484609
vn 0.047931 -0.919329 -0.390559
vn -0.771267 -0.616120 -0.159824
vn -0.917105 0.334439 0.216955
vn -0.717667 -0.623726 -0.309708
vn -0.771267 -0.616120 -0.159824
vn -0.845417 0.302057 0.440490
vn 0.098849 0.893372 0.438310
vn -0.917105 0.334439 0.216955
vn -0.845417 0.302057 0.440490
vn 0.125248 0.716797 0.685941
vn 0.806555 -0.497334 0.319576
vn 0.932750 0.332311 -0.139813
vn 0.912266 0.407342 0.042924
vn 0.773265 -0.631371 0.058578
vn -0.057939 -0.996078 -0.066867
vn -0.023627 -0.835760 0.548586
vn 0.806555 -0.497334 0.319576
vn 0.773265 -0.631371 0.058578
vn -0.889161 -0.454942 -0.049198
vn -0.857015 -0.426986 0.288460
vn -0.023627 -0.835760 0.548586
vn -0.057939 -0.996078 -0.066867
vn -0.882659 0.438130 -0.170165
vn -0.857015 -0.426986 0.288460
vn -0.889161 -0.454942 -0.049198
vn -0.843575 0.535294 -0.042921
vn 0.058171 0.907418 -0.416183
vn -0.882659 0.438130 -0.170165
vn -0.843575 0.535294 -0.042921
vn 0.053697 0.997927 -0.035459
vn 0.912266 0.407342 0.042924
vn 0.932750 0.332311 -0.139813
vn 0.058171 0.907418 -0.416183
vn 0.053697 0.997927 -0.035459
vn -0.835346 0.287397 0.468615
vn -0.342205 -0.377818 0.860319
vn -0.807090 -0.492118 0.326228
vn -0.933278 0.333039 -0.134452
vn 0.053815 -0.766214 0.640328
vn 0.032022 -0.840553 0.540782
vn -0.807090 -0.492118 0.326228
vn -0.342205 -0.377818 0.860319
vn 0.563209 -0.313885 0.764377
vn 0.858646 -0.419494 0.294536
vn 0.032022 -0.840553 0.540782
vn 0.053815 -0.766214 0.640328
vn 0.884055 0.436467 -0.167163
vn 0.858646 -0.419494 0.294536
vn 0.563209 -0.313885 0.764377
vn 0.674140 0.124454 0.728043
vn -0.058819 0.908157 -0.414478
vn 0.884055 0.436467 -0.167163
vn 0.674140 0.124454 0.728043
vn 0.141234 0.989535 -0.029565
vn -0.835346 0.287397 0.468615
vn -0.933278 0.333039 -0.134452
vn -0.058819 0.908157 -0.414478
vn 0.141234 0.989535 -0.029565
vn 0.845417 0.302057 0.440490
vn -0.125248 0.716797 0.685941
vn -0.096521 0.218215 0.971116
vn 0.738841 0.105948 0.665499
vn 0.125248 0.716797 0.685941
vn -0.845417 0.302057 0.440490
vn -0.738844 0.105948 0.665496
vn 0.096519 0.218216 0.971116
vn 0.771267 -0.616120 -0.159824
vn 0.845417 0.302057 0.440490
vn 0.738841 0.105948 0.665499
vn 0.750473 -0.651510 0.111017
vn -0.845417 0.302057 0.440490
vn -0.771267 -0.616120 -0.159824
vn -0.750474 -0.651509 0.111016
vn -0.738844 0.105948 0.665496
vn -0.047931 -0.919329 -0.390559
vn 0.771267 -0.616120 -0.159824
vn 0.750473 -0.651510 0.111017
vn -0.066354 -0.932311 -0.355519
vn -0.771267 -0.616120 -0.159824
vn 0.047931 -0.919329 -0.390559
vn 0.066354 -0.932311 -0.355518
vn -0.750474 -0.651509 0.111016
vn -0.839287 -0.519742 -0.159578
vn -0.047931 -0.919329 -0.390559
vn -0.066354 -0.932311 -0.355519
vn -0.786279 -0.616309 0.043914
vn 0.047931 -0.919329 -0.390559
vn 0.839287 -0.519742 -0.159578
vn 0.786279 -0.616309 0.043915
vn 0.066354 -0.932311 -0.355518
vn -0.903286 0.214578 0.371525
vn -0.839287 -0.519742 -0.159578
vn -0.786279 -0.616309 0.043914
vn -0.828992 0.034382 0.558202
vn 0.839287 -0.519742 -0.159578
vn 0.903286 0.214578 0.371524
vn 0.828993 0.034382 0.558201
vn 0.786279 -0.616309 0.043915
vn -0.125248 0.716797 0.685941
vn -0.903286 0.214578 0.371525
vn -0.828992 0.034382 0.558202
vn -0.096521 0.218215 0.971116
vn 0.903286 0.214578 0.371524
vn 0.125248 0.716797 0.685941
vn 0.096519 0.218216 0.971116
vn 0.828993 0.034382 0.558201
vn 0.750473 -0.651510 0.111017
vn -0.031485 -0.824096 0.565575
vn -0.786279 -0.616309 0.043914
vn -0.066354 -0.932311 -0.355519
vn 0.031481 -0.824096 0.565574
vn -0.750474 -0.651509 0.111016
vn 0.066354 -0.932311 -0.355518
vn 0.786279 -0.616309 0.043915
vn 0.750473 -0.651510 0.111017
vn 0.738841 0.105948 0.665499
vn -0.096521 0.218215 0.971116
vn -0.031485 -0.824096 0.565575
vn -0.738844 0.105948 0.665496
vn -0.750474 -0.651509 0.111016
vn 0.031481 -0.824096 0.565574
vn 0.096519 0.218216 0.971116
vn -0.096521 0.218215 0.971116
vn -0.828992 0.034382 0.558202
vn -0.786279 -0.616309 0.043914
vn -0.031485 -0.824096 0.565575
vn 0.828993 0.034382 0.558201
vn 0.096519 0.218216 0.971116
vn 0.031481 -0.824096 0.565574
vn 0.786279 -0.616309 0.043915
vn -0.188478 0.892497 -0.409788
vn -0.952890 0.209790 -0.219065
vn -0.915062 0.378294 -0.139841
vn -0.228286 0.968148 -0.102829
vn 0.951745 0.195912 -0.236220
vn 0.446289 0.883493 -0.142358
vn 0.188472 0.892498 -0.409787
vn 0.950763 0.202580 -0.234545
vn 0.665695 0.723494 -0.182774
vn -0.188478 0.892497 -0.409788
vn -0.228286 0.968148 -0.102829
vn 0.530982 0.845631 0.054459
vn -0.665695 0.723494 -0.182774
vn 0.188472 0.892498 -0.409787
vn 0.446289 0.883493 -0.142358
vn -0.249320 0.489980 0.835320
vn 0.967888 -0.012998 0.251044
vn 0.665695 0.723494 -0.182774
vn 0.530982 0.845631 0.054459
vn 0.976615 0.150555 0.153481
vn -0.249320 0.489980 0.835320
vn -0.429338 -0.124871 0.894470
vn -0.967888 -0.012998 0.251044
vn -0.665695 0.723494 -0.182774
vn 0.382560 -0.752324 0.536336
vn 0.967888 -0.012998 0.251044
vn 0.976615 0.150555 0.153481
vn 0.549968 -0.831777 0.075380
vn -0.375687 -0.762981 0.526040
vn -0.967888 -0.012998 0.251044
vn -0.429338 -0.124871 0.894470
vn -0.006198 -0.841839 0.539693
vn -0.684059 -0.722205 -0.102389
vn -0.650921 -0.690815 0.314763
vn 0.382560 -0.752324 0.536336
vn 0.549968 -0.831777 0.075380
vn 0.667901 -0.724153 0.171785
vn 0.650921 -0.690815 0.314762
vn -0.375687 -0.762981 0.526040
vn -0.006198 -0.841839 0.539693
vn -0.952890 0.209790 -0.219065
vn -0.650921 -0.690815 0.314763
vn -0.684059 -0.722205 -0.102389
vn -0.915062 0.378294 -0.139841
vn 0.950763 0.202580 -0.234545
vn 0.650921 -0.690815 0.314762
vn 0.667901 -0.724153 0.171785
vn 0.951745 0.195912 -0.236220
vn -0.667902 -0.724153 0.171785
vn -0.650921 -0.690815 0.314763
vn -0.952890 0.209790 -0.219065
vn -0.951745 0.195912 -0.236219
vn 0.382560 -0.752324 0.536336
vn -0.650921 -0.690815 0.314763
vn -0.667902 -0.724153 0.171785
vn 0.006198 -0.841839 0.539693
vn 0.429339 -0.124872 0.894469
vn 0.967888 -0.012998 0.251044
vn 0.382560 -0.752324 0.536336
vn 0.006198 -0.841839 0.539693
vn 0.429339 -0.124872 0.894469
vn 0.249319 0.489979 0.835320
vn 0.665695 0.723494 -0.182774
vn 0.967888 -0.012998 0.251044
vn -0.446290 0.883493 -0.142358
vn -0.188478 0.892497 -0.409788
vn 0.665695 0.723494 -0.182774
vn 0.249319 0.489979 0.835320
vn -0.446290 0.883493 -0.142358
vn -0.951745 0.195912 -0.236219
vn -0.952890 0.209790 -0.219065
vn -0.188478 0.892497 -0.409788
vn 0.684059 -0.722205 -0.102389
vn 0.650921 -0.690815 0.314762
vn 0.950763 0.202580 -0.234545
vn 0.915061 0.378295 -0.139841
vn -0.375687 -0.762981 0.526040
vn 0.650921 -0.690815 0.314762
vn 0.684059 -0.722205 -0.102389
vn -0.549968 -0.831777 0.075379
vn -0.976615 0.150555 0.153481
vn -0.967888 -0.012998 0.251044
vn -0.375687 -0.762981 0.526040
vn -0.549968 -0.831777 0.075379
vn -0.665695 0.723494 -0.182774
vn -0.967888 -0.012998 0.251044
vn -0.976615 0.150555 0.153481
vn -0.530983 0.845631 0.054459
vn 0.228286 0.968149 -0.102829
vn 0.188472 0.892498 -0.409787
vn -0.665695 0.723494 -0.182774
vn -0.530983 0.845631 0.054459
vn 0.950763 0.202580 -0.234545
vn 0.188472 0.892498 -0.409787
vn 0.228286 0.968149 -0.102829
vn 0.915061 0.378295 -0.139841
vn -0.322288 0.849771 0.417157
vn -0.990554 0.135931 -0.018029
vn -0.975258 -0.086351 0.203505
vn -0.407032 0.485385 0.773774
vn 0.915061 0.378295 -0.139841
vn 0.228286 0.968149 -0.102829
vn 0.372932 0.829601 0.415552
vn 0.986880 0.154175 -0.047941
vn 0.470599 0.742218 0.477126
vn -0.322288 0.849771 0.417157
vn -0.407032 0.485385 0.773774
vn 0.352309 0.467855 0.810549
vn 0.228286 0.968149 -0.102829
vn -0.530983 0.845631 0.054459
vn -0.470599 0.742218 0.477126
vn 0.372932 0.829601 0.415552
vn 0.972454 -0.080681 0.218685
vn 0.470599 0.742218 0.477126
vn 0.352309 0.467855 0.810549
vn 0.811089 -0.184977 0.554904
vn -0.530983 0.845631 0.054459
vn -0.976615 0.150555 0.153481
vn -0.978094 -0.041599 0.203964
vn -0.470599 0.742218 0.477126
vn 0.562427 -0.780263 -0.273616
vn 0.972454 -0.080681 0.218685
vn 0.811089 -0.184977 0.554904
vn 0.526545 -0.831343 -0.177815
vn -0.976615 0.150555 0.153481
vn -0.549968 -0.831777 0.075379
vn -0.562428 -0.780262 -0.273616
vn -0.978094 -0.041599 0.203964
vn -0.383377 -0.792066 -0.475030
vn 0.562427 -0.780263 -0.273616
vn 0.526545 -0.831343 -0.177815
vn -0.448327 -0.872483 -0.194363
vn -0.549968 -0.831777 0.075379
vn 0.684059 -0.722205 -0.102389
vn 0.383431 -0.791229 -0.476380
vn -0.562428 -0.780262 -0.273616
vn -0.990554 0.135931 -0.018029
vn -0.383377 -0.792066 -0.475030
vn -0.448327 -0.872483 -0.194363
vn -0.975258 -0.086351 0.203505
vn 0.684059 -0.722205 -0.102389
vn 0.915061 0.378295 -0.139841
vn 0.986880 0.154175 -0.047941
vn 0.383431 -0.791229 -0.476380
vn -0.915062 0.378294 -0.139841
vn -0.684059 -0.722205 -0.102389
vn -0.383377 -0.792066 -0.475030
vn -0.990554 0.135931 -0.018029
vn -0.684059 -0.722205 -0.102389
vn 0.549968 -0.831777 0.075380
vn 0.562427 -0.780263 -0.273616
vn -0.383377 -0.792066 -0.475030
vn 0.549968 -0.831777 0.075380
vn 0.976615 0.150555 0.153481
vn 0.972454 -0.080681 0.218685
vn 0.562427 -0.780263 -0.273616
vn 0.976615 0.150555 0.153481
vn 0.530982 0.845631 0.054459
vn 0.470599 0.742218 0.477126
vn 0.972454 -0.080681 0.218685
vn 0.530982 0.845631 0.054459
vn -0.228286 0.968148 -0.102829
vn -0.322288 0.849771 0.417157
vn 0.470599 0.742218 0.477126
vn -0.228286 0.968148 -0.102829
vn -0.915062 0.378294 -0.139841
vn -0.990554 0.135931 -0.018029
vn -0.322288 0.849771 0.417157
vn 0.383431 -0.791229 -0.476380
vn 0.986880 0.154175 -0.047941
vn 0.975259 -0.086349 0.203505
vn 0.448328 -0.872482 -0.194363
vn -0.562428 -0.780262 -0.273616
vn 0.383431 -0.791229 -0.476380
vn 0.448328 -0.872482 -0.194363
vn -0.526545 -0.831344 -0.177813
vn -0.978094 -0.041599 0.203964
vn -0.562428 -0.780262 -0.273616
vn -0.526545 -0.831344 -0.177813
vn -0.811088 -0.184977 0.554905
vn -0.470599 0.742218 0.477126
vn -0.978094 -0.041599 0.203964
vn -0.811088 -0.184977 0.554905
vn -0.352308 0.467855 0.810549
vn 0.372932 0.829601 0.415552
vn -0.470599 0.742218 0.477126
vn -0.352308 0.467855 0.810549
vn 0.407032 0.485386 0.773774
vn 0.986880 0.154175 -0.047941
vn 0.372932 0.829601 0.415552
vn 0.407032 0.485386 0.773774
vn 0.975259 -0.086349 0.203505
vn 0.811089 -0.184977 0.554904
vn -0.079438 -0.698573 0.711116
vn -0.448327 -0.872483 -0.194363
vn 0.526545 -0.831343 -0.177815
vn 0.079439 -0.698572 0.711117
vn -0.811088 -0.184977 0.554905
vn -0.526545 -0.831344 -0.177813
vn 0.448328 -0.872482 -0.194363
vn -0.079438 -0.698573 0.711116
vn 0.811089 -0.184977 0.554904
vn 0.352309 0.467855 0.810549
vn -0.407032 0.485385 0.773774
vn -0.811088 -0.184977 0.554905
vn 0.079439 -0.698572 0.711117
vn 0.407032 0.485386 0.773774
vn -0.352308 0.467855 0.810549
vn -0.079438 -0.698573 0.711116
vn -0.407032 0.485385 0.773774
vn -0.975258 -0.086351 0.203505
vn -0.448327 -0.872483 -0.194363
vn 0.407032 0.485386 0.773774
vn 0.079439 -0.698572 0.711117
vn 0.448328 -0.872482 -0.194363
vn 0.975259 -0.086349 0.203505
vn -0.563209 -0.313886 0.764377
vn -0.674140 0.124454 0.728043
vn 0.249319 0.489979 0.835320
vn 0.429339 -0.124872 0.894469
vn 0.674140 0.124454 0.728043
vn 0.563209 -0.313885 0.764377
vn -0.429338 -0.124871 0.894470
vn -0.249320 0.489980 0.835320
vn 0.835346 0.287397 0.468615
vn 0.342205 -0.377817 0.860319
vn -0.275475 -0.275676 0.920932
vn -0.363354 0.559496 0.744942
vn -0.342205 -0.377818 0.860319
vn -0.835346 0.287397 0.468615
vn 0.363353 0.559497 0.744942
vn 0.275475 -0.275675 0.920932
vn 0.868265 0.484868 -0.104968
vn 0.596579 -0.541718 0.592145
vn -0.003506 -0.304546 0.952491
vn 0.094461 0.923177 0.372589
vn -0.596579 -0.541718 0.592145
vn -0.868265 0.484868 -0.104967
vn -0.094460 0.923176 0.372590
vn 0.003506 -0.304546 0.952491
vn 0.868265 0.484868 -0.104968
vn 0.094461 0.923177 0.372589
vn 0.473712 0.821163 -0.318258
vn 0.204945 0.975265 -0.082794
vn -0.094460 0.923176 0.372590
vn -0.868265 0.484868 -0.104967
vn -0.204945 0.975266 -0.082794
vn -0.473712 0.821163 -0.318258
vn 0.835346 0.287397 0.468615
vn -0.363354 0.559496 0.744942
vn 0.204945 0.975265 -0.082794
vn -0.141234 0.989535 -0.029565
vn 0.363353 0.559497 0.744942
vn -0.835346 0.287397 0.468615
vn 0.141234 0.989535 -0.029565
vn -0.204945 0.975266 -0.082794
vn 0.249319 0.489979 0.835320
vn -0.674140 0.124454 0.728043
vn -0.141234 0.989535 -0.029565
vn -0.446290 0.883493 -0.142358
vn 0.674140 0.124454 0.728043
vn -0.249320 0.489980 0.835320
vn 0.446289 0.883493 -0.142358
vn 0.141234 0.989535 -0.029565
vn 0.944206 0.241100 -0.224377
vn 0.754395 0.651854 0.077290
vn 0.664863 0.732570 -0.145940
vn 0.891465 0.208737 -0.402143
vn -0.473712 0.821163 -0.318258
vn -0.664863 0.732570 -0.145940
vn -0.891435 0.208703 -0.402226
vn -0.725375 0.005443 -0.688332
vn 0.312636 0.947947 0.060461
vn 0.664863 0.732570 -0.145940
vn 0.754395 0.651854 0.077290
vn 0.408716 0.813026 0.414657
vn -0.473712 0.821163 -0.318258
vn -0.204945 0.975266 -0.082794
vn -0.390409 0.917851 0.071627
vn -0.664863 0.732570 -0.145940
vn 0.408716 0.813026 0.414657
vn -0.150741 0.779528 0.607958
vn -0.229063 0.941402 0.247572
vn 0.312636 0.947947 0.060461
vn 0.084649 0.957962 0.274122
vn -0.390409 0.917851 0.071627
vn -0.204945 0.975266 -0.082794
vn 0.141234 0.989535 -0.029565
vn -0.150741 0.779528 0.607958
vn -0.731772 0.596614 0.329487
vn -0.619662 0.779139 0.094668
vn -0.229063 0.941402 0.247572
vn 0.620040 0.778526 0.097197
vn 0.084649 0.957962 0.274122
vn 0.141234 0.989535 -0.029565
vn 0.446289 0.883493 -0.142358
vn -0.935912 0.294521 -0.193201
vn -0.619662 0.779139 0.094668
vn -0.731772 0.596614 0.329487
vn -0.961501 0.214095 -0.172276
vn 0.446289 0.883493 -0.142358
vn 0.951745 0.195912 -0.236220
vn 0.935926 0.294472 -0.193205
vn 0.620040 0.778526 0.097197
vn -0.563209 -0.313886 0.764377
vn 0.429339 -0.124872 0.894469
vn 0.006198 -0.841839 0.539693
vn -0.053814 -0.766214 0.640328
vn -0.429338 -0.124871 0.894470
vn 0.563209 -0.313885 0.764377
vn 0.053815 -0.766214 0.640328
vn -0.006198 -0.841839 0.539693
vn -0.275475 -0.275676 0.920932
vn 0.342205 -0.377817 0.860319
vn -0.053814 -0.766214 0.640328
vn -0.079527 -0.767716 0.635836
vn -0.342205 -0.377818 0.860319
vn 0.275475 -0.275675 0.920932
vn 0.079527 -0.767716 0.635836
vn 0.053815 -0.766214 0.640328
vn -0.003506 -0.304546 0.952491
vn 0.596579 -0.541718 0.592145
vn -0.079527 -0.767716 0.635836
vn 0.010581 -0.828494 0.559898
vn -0.596579 -0.541718 0.592145
vn 0.003506 -0.304546 0.952491
vn -0.010580 -0.828494 0.559898
vn 0.079527 -0.767716 0.635836
vn -0.161343 -0.972823 0.166082
vn -0.762245 -0.640187 -0.095620
vn -0.779748 -0.455105 -0.429969
vn -0.222307 -0.857001 -0.464896
vn 0.204238 -0.960655 0.188228
vn 0.784167 -0.617431 -0.062137
vn 0.667901 -0.724153 0.171785
vn -0.006198 -0.841839 0.539693
vn 0.081940 -0.954069 0.288162
vn -0.161343 -0.972823 0.166082
vn -0.222307 -0.857001 -0.464896
vn 0.197994 -0.924282 -0.326346
vn -0.081939 -0.954069 0.288165
vn 0.204238 -0.960655 0.188228
vn -0.006198 -0.841839 0.539693
vn 0.053815 -0.766214 0.640328
vn 0.197994 -0.924282 -0.326346
vn 0.737554 -0.573843 -0.355974
vn 0.450090 -0.892051 0.040795
vn 0.081940 -0.954069 0.288162
vn 0.079527 -0.767716 0.635836
vn -0.450090 -0.892051 0.040795
vn -0.081939 -0.954069 0.288165
vn 0.053815 -0.766214 0.640328
vn -0.762245 -0.640187 -0.095620
vn -0.935912 0.294521 -0.193201
vn -0.961501 0.214095 -0.172276
vn -0.779748 -0.455105 -0.429969
vn 0.784167 -0.617431 -0.062137
vn 0.935926 0.294472 -0.193205
vn 0.951745 0.195912 -0.236220
vn 0.667901 -0.724153 0.171785
vn 0.081940 -0.954069 0.288162
vn 0.450090 -0.892051 0.040795
vn -0.079527 -0.767716 0.635836
vn -0.053814 -0.766214 0.640328
vn 0.006198 -0.841839 0.539693
vn -0.161343 -0.972823 0.166082
vn 0.081940 -0.954069 0.288162
vn -0.053814 -0.766214 0.640328
vn -0.667902 -0.724153 0.171785
vn -0.762245 -0.640187 -0.095620
vn -0.161343 -0.972823 0.166082
vn 0.006198 -0.841839 0.539693
vn -0.951745 0.195912 -0.236219
vn -0.935912 0.294521 -0.193201
vn -0.762245 -0.640187 -0.095620
vn -0.667902 -0.724153 0.171785
vn -0.951745 0.195912 -0.236219
vn -0.446290 0.883493 -0.142358
vn -0.619662 0.779139 0.094668
vn -0.935912 0.294521 -0.193201
vn -0.229063 0.941402 0.247572
vn -0.619662 0.779139 0.094668
vn -0.446290 0.883493 -0.142358
vn -0.141234 0.989535 -0.029565
vn 0.312636 0.947947 0.060461
vn -0.229063 0.941402 0.247572
vn -0.141234 0.989535 -0.029565
vn 0.204945 0.975265 -0.082794
vn 0.204945 0.975265 -0.082794
vn 0.473712 0.821163 -0.318258
vn 0.664863 0.732570 -0.145940
vn 0.312636 0.947947 0.060461
vn 0.891465 0.208737 -0.402143
vn 0.664863 0.732570 -0.145940
vn 0.473712 0.821163 -0.318258
vn 0.725375 0.005443 -0.688332
vn -0.262445 -0.886486 -0.381136
vn -0.703576 -0.596083 -0.386868
vn -0.708185 -0.245654 -0.661912
vn -0.248198 -0.505201 -0.826541
vn 0.228848 -0.521143 -0.822215
vn 0.165164 -0.888268 -0.428603
vn -0.262445 -0.886486 -0.381136
vn -0.248198 -0.505201 -0.826541
vn 0.722144 -0.297003 -0.624738
vn 0.779742 -0.455093 -0.429992
vn 0.165164 -0.888268 -0.428603
vn 0.228848 -0.521143 -0.822215
vn 0.988660 0.097031 -0.114617
vn 0.961228 0.212278 -0.176007
vn 0.779742 -0.455093 -0.429992
vn 0.722144 -0.297003 -0.624738
vn 0.730989 0.600265 0.324558
vn 0.961228 0.212278 -0.176007
vn 0.988660 0.097031 -0.114617
vn 0.763416 0.473265 0.439564
vn 0.763416 0.473265 0.439564
vn 0.154290 0.695482 0.701783
vn 0.158320 0.782635 0.602011
vn 0.730989 0.600265 0.324558
vn 0.154290 0.695482 0.701783
vn -0.437156 0.666163 0.604253
vn -0.420204 0.803454 0.421769
vn 0.158320 0.782635 0.602011
vn -0.748074 0.659659 0.072358
vn -0.420204 0.803454 0.421769
vn -0.437156 0.666163 0.604253
vn -0.798747 0.519670 0.303225
vn -0.945364 0.226403 -0.234581
vn -0.748074 0.659659 0.072358
vn -0.798747 0.519670 0.303225
vn -0.950541 0.203807 -0.234381
vn 0.737554 -0.573843 -0.355974
vn 0.944206 0.241100 -0.224377
vn 0.891465 0.208737 -0.402143
vn 0.450090 -0.892051 0.040795
vn -0.950541 0.203807 -0.234381
vn -0.708185 -0.245654 -0.661912
vn -0.703576 -0.596083 -0.386868
vn -0.945364 0.226403 -0.234581
vn -0.079527 -0.767716 0.635836
vn 0.450090 -0.892051 0.040795
vn 0.517036 -0.843591 -0.145014
vn 0.010581 -0.828494 0.559898
vn -0.450090 -0.892051 0.040795
vn 0.079527 -0.767716 0.635836
vn -0.010580 -0.828494 0.559898
vn -0.517035 -0.843591 -0.145014
vn 0.450090 -0.892051 0.040795
vn 0.891465 0.208737 -0.402143
vn 0.725375 0.005443 -0.688332
vn 0.517036 -0.843591 -0.145014
vn -0.891435 0.208703 -0.402226
vn -0.450090 -0.892051 0.040795
vn -0.517035 -0.843591 -0.145014
vn -0.725375 0.005443 -0.688332
vn 0.408716 0.813026 0.414657
vn 0.754395 0.651854 0.077290
vn 0.798748 0.519670 0.303225
vn 0.437156 0.666163 0.604253
vn 0.437156 0.666163 0.604253
vn -0.154290 0.695482 0.701783
vn -0.150741 0.779528 0.607958
vn 0.408716 0.813026 0.414657
vn -0.154290 0.695482 0.701783
vn -0.763416 0.473265 0.439564
vn -0.731772 0.596614 0.329487
vn -0.150741 0.779528 0.607958
vn -0.961501 0.214095 -0.172276
vn -0.731772 0.596614 0.329487
vn -0.763416 0.473265 0.439564
vn -0.988660 0.097031 -0.114616
vn -0.779748 -0.455105 -0.429969
vn -0.961501 0.214095 -0.172276
vn -0.988660 0.097031 -0.114616
vn -0.722144 -0.297003 -0.624738
vn -0.222307 -0.857001 -0.464896
vn -0.779748 -0.455105 -0.429969
vn -0.722144 -0.297003 -0.624738
vn -0.228847 -0.521144 -0.822216
vn 0.197994 -0.924282 -0.326346
vn -0.222307 -0.857001 -0.464896
vn -0.228847 -0.521144 -0.822216
vn 0.248198 -0.505201 -0.826541
vn 0.708185 -0.245653 -0.661912
vn 0.737554 -0.573843 -0.355974
vn 0.197994 -0.924282 -0.326346
vn 0.248198 -0.505201 -0.826541
vn 0.708185 -0.245653 -0.661912
vn 0.950541 0.203807 -0.234382
vn 0.944206 0.241100 -0.224377
vn 0.737554 -0.573843 -0.355974
vn 0.798748 0.519670 0.303225
vn 0.754395 0.651854 0.077290
vn 0.944206 0.241100 -0.224377
vn 0.950541 0.203807 -0.234382
vn -0.664863 0.732570 -0.145940
vn -0.390409 0.917851 0.071627
vn -0.420204 0.803454 0.421769
vn -0.748074 0.659659 0.072358
vn 0.158320 0.782635 0.602011
vn -0.420204 0.803454 0.421769
vn -0.390409 0.917851 0.071627
vn 0.084649 0.957962 0.274122
vn 0.730989 0.600265 0.324558
vn 0.158320 0.782635 0.602011
vn 0.084649 0.957962 0.274122
vn 0.620040 0.778526 0.097197
vn 0.620040 0.778526 0.097197
vn 0.935926 0.294472 -0.193205
vn 0.961228 0.212278 -0.176007
vn 0.730989 0.600265 0.324558
vn 0.779742 -0.455093 -0.429992
vn 0.961228 0.212278 -0.176007
vn 0.935926 0.294472 -0.193205
vn 0.784167 -0.617431 -0.062137
vn 0.165164 -0.888268 -0.428603
vn 0.779742 -0.455093 -0.429992
vn 0.784167 -0.617431 -0.062137
vn 0.204238 -0.960655 0.188228
vn -0.262445 -0.886486 -0.381136
vn 0.165164 -0.888268 -0.428603
vn 0.204238 -0.960655 0.188228
vn -0.081939 -0.954069 0.288165
vn -0.081939 -0.954069 0.288165
vn -0.450090 -0.892051 0.040795
vn -0.703576 -0.596083 -0.386868
vn -0.262445 -0.886486 -0.381136
vn -0.945364 0.226403 -0.234581
vn -0.703576 -0.596083 -0.386868
vn -0.450090 -0.892051 0.040795
vn -0.891435 0.208703 -0.402226
vn -0.891435 0.208703 -0.402226
vn -0.664863 0.732570 -0.145940
vn -0.748074 0.659659 0.072358
vn -0.945364 0.226403 -0.234581
vn 0.641324 -0.740066 -0.202498
vn 0.955331 -0.165505 -0.244849
vn 0.798258 -0.211468 -0.563972
vn 0.475240 -0.752608 -0.455772
vn -0.955331 -0.165506 -0.244849
vn -0.641324 -0.740066 -0.202498
vn -0.475241 -0.752608 -0.455772
vn -0.798259 -0.211468 -0.563972
vn 0.475240 -0.752608 -0.455772
vn -0.000000 -0.913908 -0.405922
vn -0.000000 -0.980559 -0.196223
vn 0.641324 -0.740066 -0.202498
vn -0.000000 -0.980559 -0.196223
vn -0.000000 -0.913908 -0.405922
vn -0.475241 -0.752608 -0.455772
vn -0.641324 -0.740066 -0.202498
vn 0.955331 -0.165505 -0.244849
vn 0.775554 0.538836 -0.328895
vn 0.644143 0.413019 -0.643813
vn 0.798258 -0.211468 -0.563972
vn -0.775554 0.538836 -0.328895
vn -0.955331 -0.165506 -0.244849
vn -0.798259 -0.211468 -0.563972
vn -0.656716 0.432833 -0.617559
vn 0.775554 0.538836 -0.328895
vn -0.000000 0.919152 -0.393902
vn 0.054290 0.718495 -0.693410
vn 0.644143 0.413019 -0.643813
vn -0.000000 0.919152 -0.393902
vn -0.775554 0.538836 -0.328895
vn -0.656716 0.432833 -0.617559
vn 0.054290 0.718495 -0.693410
vn 0.054290 0.718495 -0.693410
vn -0.656716 0.432833 -0.617559
vn -0.388481 0.504568 -0.771034
vn -0.000000 0.618005 -0.786175
vn 0.644143 0.413019 -0.643813
vn 0.054290 0.718495 -0.693410
vn -0.000000 0.618005 -0.786175
vn 0.388481 0.504568 -0.771034
vn 0.641324 -0.740066 -0.202498
vn -0.000000 -0.980559 -0.196223
vn 0.003475 -0.994687 -0.102887
vn 0.677735 -0.726265 -0.114959
vn -0.000000 -0.980559 -0.196223
vn -0.641324 -0.740066 -0.202498
vn -0.676016 -0.728423 -0.111365
vn 0.003475 -0.994687 -0.102887
vn -0.641324 -0.740066 -0.202498
vn -0.955331 -0.165506 -0.244849
vn -0.983762 -0.086124 -0.157465
vn -0.676016 -0.728423 -0.111365
vn -0.955331 -0.165506 -0.244849
vn -0.775554 0.538836 -0.328895
vn -0.760792 0.605056 -0.234739
vn -0.983762 -0.086124 -0.157465
vn -0.775554 0.538836 -0.328895
vn -0.000000 0.919152 -0.393902
vn 0.008838 0.952132 -0.305560
vn -0.760792 0.605056 -0.234739
vn -0.000000 0.919152 -0.393902
vn 0.775554 0.538836 -0.328895
vn 0.762533 0.606694 -0.224644
vn 0.008838 0.952132 -0.305560
vn 0.775554 0.538836 -0.328895
vn 0.955331 -0.165505 -0.244849
vn 0.985091 -0.085527 -0.149270
vn 0.762533 0.606694 -0.224644
vn 0.955331 -0.165505 -0.244849
vn 0.641324 -0.740066 -0.202498
vn 0.677735 -0.726265 -0.114959
vn 0.985091 -0.085527 -0.149270
vn 0.677735 -0.726265 -0.114959
vn 0.003475 -0.994687 -0.102887
vn 0.000000 -0.999931 -0.011726
vn 0.699543 -0.714466 -0.013294
vn 0.003475 -0.994687 -0.102887
vn -0.676016 -0.728423 -0.111365
vn -0.699893 -0.714130 -0.012921
vn 0.000000 -0.999931 -0.011726
vn -0.676016 -0.728423 -0.111365
vn -0.983762 -0.086124 -0.157465
vn -0.999188 -0.034558 -0.020721
vn -0.699893 -0.714130 -0.012921
vn -0.983762 -0.086124 -0.157465
vn -0.760792 0.605056 -0.234739
vn -0.742773 0.666496 -0.063809
vn -0.999188 -0.034558 -0.020721
vn -0.760792 0.605056 -0.234739
vn 0.008838 0.952132 -0.305560
vn -0.003723 0.996759 -0.080366
vn -0.742773 0.666496 -0.063809
vn 0.008838 0.952132 -0.305560
vn 0.762533 0.606694 -0.224644
vn 0.743130 0.666383 -0.060763
vn -0.003723 0.996759 -0.080366
vn 0.762533 0.606694 -0.224644
vn 0.985091 -0.085527 -0.149270
vn 0.999198 -0.034722 -0.019953
vn 0.743130 0.666383 -0.060763
vn 0.985091 -0.085527 -0.149270
vn 0.677735 -0.726265 -0.114959
vn 0.699543 -0.714466 -0.013294
vn 0.999198 -0.034722 -0.019953
vn 0.699543 -0.714466 -0.013294
vn 0.000000 -0.999931 -0.011726
vn 0.000000 -0.999947 -0.010312
vn 0.706214 -0.707970 -0.006275
vn 0.000000 -0.999931 -0.011726
vn -0.699893 -0.714130 -0.012921
vn -0.706214 -0.707970 -0.006275
vn 0.000000 -0.999947 -0.010312
vn -0.699893 -0.714130 -0.012921
vn -0.999188 -0.034558 -0.020721
vn -0.999828 -0.018280 0.003173
vn -0.706214 -0.707970 -0.006275
vn -0.999188 -0.034558 -0.020721
vn -0.742773 0.666496 -0.063809
vn -0.726065 0.687533 0.011282
vn -0.999828 -0.018280 0.003173
vn -0.742773 0.666496 -0.063809
vn -0.003723 0.996759 -0.080366
vn -0.007006 0.999855 0.015555
vn -0.726065 0.687533 0.011282
vn -0.003723 0.996759 -0.080366
vn 0.743130 0.666383 -0.060763
vn 0.721422 0.692373 0.013063
vn -0.007006 0.999855 0.015555
vn 0.743130 0.666383 -0.060763
vn 0.999198 -0.034722 -0.019953
vn 0.999828 -0.018280 0.003173
vn 0.721422 0.692373 0.013063
vn 0.999198 -0.034722 -0.019953
vn 0.699543 -0.714466 -0.013294
vn 0.706214 -0.707970 -0.006275
vn 0.999828 -0.018280 0.003173
vn -0.000000 -0.891581 -0.452862
vn -0.000000 -0.913908 -0.405922
vn 0.475240 -0.752608 -0.455772
vn 0.225622 -0.815264 -0.533329
vn -0.000000 -0.913908 -0.405922
vn -0.000000 -0.891581 -0.452862
vn -0.225622 -0.815264 -0.533329
vn -0.475241 -0.752608 -0.455772
vn 0.071237 -0.963283 -0.258864
vn 0.225622 -0.815264 -0.533329
vn 0.114732 -0.805497 -0.581387
vn 0.003968 -0.954267 -0.298930
vn -0.225622 -0.815264 -0.533329
vn -0.071237 -0.963283 -0.258864
vn -0.003968 -0.954267 -0.298930
vn -0.119391 -0.809619 -0.574684
vn 0.114732 -0.805497 -0.581387
vn 0.225622 -0.815264 -0.533329
vn 0.474154 -0.521909 -0.709076
vn 0.296222 -0.512935 -0.805699
vn -0.225622 -0.815264 -0.533329
vn -0.119391 -0.809619 -0.574684
vn -0.296222 -0.512935 -0.805699
vn -0.474155 -0.521909 -0.709076
vn 0.225622 -0.815264 -0.533329
vn 0.475240 -0.752608 -0.455772
vn 0.798258 -0.211468 -0.563972
vn 0.474154 -0.521909 -0.709076
vn -0.475241 -0.752608 -0.455772
vn -0.225622 -0.815264 -0.533329
vn -0.474155 -0.521909 -0.709076
vn -0.798259 -0.211468 -0.563972
vn 0.388481 0.504568 -0.771034
vn 0.365889 0.426813 -0.827016
vn 0.453001 0.231305 -0.860981
vn 0.644143 0.413019 -0.643813
vn -0.365889 0.426813 -0.827016
vn -0.388481 0.504568 -0.771034
vn -0.656716 0.432833 -0.617559
vn -0.453000 0.231305 -0.860981
vn 0.296222 -0.512935 -0.805699
vn 0.474154 -0.521909 -0.709076
vn 0.798258 -0.211468 -0.563972
vn 0.460650 -0.101152 -0.881799
vn -0.474155 -0.521909 -0.709076
vn -0.296222 -0.512935 -0.805699
vn -0.454669 -0.135394 -0.880309
vn -0.798259 -0.211468 -0.563972
vn 0.460650 -0.101152 -0.881799
vn 0.798258 -0.211468 -0.563972
vn 0.644143 0.413019 -0.643813
vn 0.453001 0.231305 -0.860981
vn -0.798259 -0.211468 -0.563972
vn -0.454669 -0.135394 -0.880309
vn -0.453000 0.231305 -0.860981
vn -0.656716 0.432833 -0.617559
vn 0.668896 -0.743270 -0.011271
vn 0.000000 -0.999884 -0.015204
vn 0.004867 -0.999859 -0.016039
vn 0.673299 -0.739334 -0.007381
vn 0.000000 -0.999884 -0.015204
vn -0.668896 -0.743270 -0.011271
vn -0.669791 -0.742444 -0.012507
vn 0.004867 -0.999859 -0.016039
vn -0.668896 -0.743270 -0.011271
vn -0.996734 -0.080596 -0.005001
vn -0.996667 -0.081517 -0.003073
vn -0.669791 -0.742444 -0.012507
vn -0.996734 -0.080596 -0.005001
vn -0.754705 0.656031 0.006618
vn -0.752555 0.658482 0.007942
vn -0.996667 -0.081517 -0.003073
vn -0.754705 0.656031 0.006618
vn 0.000000 0.999935 0.011390
vn 0.000000 0.999927 0.012072
vn -0.752555 0.658482 0.007942
vn 0.000000 0.999935 0.011390
vn 0.754705 0.656031 0.006618
vn 0.752334 0.658734 0.007860
vn 0.000000 0.999927 0.012072
vn 0.754705 0.656031 0.006618
vn 0.996734 -0.080596 -0.005001
vn 0.997251 -0.074059 -0.002369
vn 0.752334 0.658734 0.007860
vn 0.996734 -0.080596 -0.005001
vn 0.668896 -0.743270 -0.011271
vn 0.673299 -0.739334 -0.007381
vn 0.997251 -0.074059 -0.002369
vn 0.706214 -0.707970 -0.006275
vn 0.000000 -0.999947 -0.010312
vn -0.004167 -0.999790 -0.020062
vn 0.705986 -0.708117 -0.012430
vn 0.000000 -0.999947 -0.010312
vn -0.706214 -0.707970 -0.006275
vn -0.704041 -0.710025 -0.013786
vn -0.004167 -0.999790 -0.020062
vn -0.706214 -0.707970 -0.006275
vn -0.999828 -0.018280 0.003173
vn -0.999804 -0.018224 -0.007696
vn -0.704041 -0.710025 -0.013786
vn -0.999828 -0.018280 0.003173
vn -0.726065 0.687533 0.011282
vn -0.725168 0.688570 0.001664
vn -0.999804 -0.018224 -0.007696
vn -0.726065 0.687533 0.011282
vn -0.007006 0.999855 0.015555
vn 0.004437 0.999971 0.006137
vn -0.725168 0.688570 0.001664
vn -0.007006 0.999855 0.015555
vn 0.721422 0.692373 0.013063
vn 0.719505 0.694482 0.002733
vn 0.004437 0.999971 0.006137
vn 0.721422 0.692373 0.013063
vn 0.999828 -0.018280 0.003173
vn 0.999916 -0.011608 -0.005790
vn 0.719505 0.694482 0.002733
vn 0.999828 -0.018280 0.003173
vn 0.706214 -0.707970 -0.006275
vn 0.705986 -0.708117 -0.012430
vn 0.999916 -0.011608 -0.005790
vn 0.705986 -0.708117 -0.012430
vn -0.004167 -0.999790 -0.020062
vn 0.000000 -0.999696 -0.024638
vn 0.705910 -0.708035 -0.019430
vn -0.004167 -0.999790 -0.020062
vn -0.704041 -0.710025 -0.013786
vn -0.701448 -0.712548 -0.015697
vn 0.000000 -0.999696 -0.024638
vn -0.704041 -0.710025 -0.013786
vn -0.999804 -0.018224 -0.007696
vn -0.999867 -0.014212 -0.007996
vn -0.701448 -0.712548 -0.015697
vn -0.999804 -0.018224 -0.007696
vn -0.725168 0.688570 0.001664
vn -0.724369 0.689413 0.000343
vn -0.999867 -0.014212 -0.007996
vn -0.725168 0.688570 0.001664
vn 0.004437 0.999971 0.006137
vn 0.000000 0.999998 0.001868
vn -0.724369 0.689413 0.000343
vn 0.004437 0.999971 0.006137
vn 0.719505 0.694482 0.002733
vn 0.724120 0.689674 0.000441
vn 0.000000 0.999998 0.001868
vn 0.719505 0.694482 0.002733
vn 0.999916 -0.011608 -0.005790
vn 0.999642 -0.022639 -0.014285
vn 0.724120 0.689674 0.000441
vn 0.999916 -0.011608 -0.005790
vn 0.705986 -0.708117 -0.012430
vn 0.705910 -0.708035 -0.019430
vn 0.999642 -0.022639 -0.014285
vn 0.705910 -0.708035 -0.019430
vn 0.000000 -0.999696 -0.024638
vn 0.000000 -0.999826 -0.018663
vn 0.697860 -0.716082 -0.014762
vn 0.000000 -0.999696 -0.024638
vn -0.701448 -0.712548 -0.015697
vn -0.697860 -0.716082 -0.014762
vn 0.000000 -0.999826 -0.018663
vn -0.701448 -0.712548 -0.015697
vn -0.999867 -0.014212 -0.007996
vn -0.999529 -0.030093 -0.006039
vn -0.697860 -0.716082 -0.014762
vn -0.999867 -0.014212 -0.007996
vn -0.724369 0.689413 0.000343
vn -0.726510 0.687145 0.003760
vn -0.999529 -0.030093 -0.006039
vn -0.724369 0.689413 0.000343
vn 0.000000 0.999998 0.001868
vn 0.004871 0.999960 0.007522
vn -0.726510 0.687145 0.003760
vn 0.000000 0.999998 0.001868
vn 0.724120 0.689674 0.000441
vn 0.726473 0.687186 0.003490
vn 0.004871 0.999960 0.007522
vn 0.724120 0.689674 0.000441
vn 0.999642 -0.022639 -0.014285
vn 0.999529 -0.030093 -0.006039
vn 0.726473 0.687186 0.003490
vn 0.999642 -0.022639 -0.014285
vn 0.705910 -0.708035 -0.019430
vn 0.697860 -0.716082 -0.014762
vn 0.999529 -0.030093 -0.006039
vn 0.697860 -0.716082 -0.014762
vn 0.000000 -0.999826 -0.018663
vn 0.000000 -0.999972 -0.007489
vn 0.694584 -0.719410 -0.001326
vn 0.000000 -0.999826 -0.018663
vn -0.697860 -0.716082 -0.014762
vn -0.693053 -0.720878 -0.003570
vn 0.000000 -0.999972 -0.007489
vn -0.697860 -0.716082 -0.014762
vn -0.999529 -0.030093 -0.006039
vn -0.999064 -0.043102 0.003725
vn -0.693053 -0.720878 -0.003570
vn -0.999529 -0.030093 -0.006039
vn -0.726510 0.687145 0.003760
vn -0.731799 0.681408 0.012417
vn -0.999064 -0.043102 0.003725
vn -0.726510 0.687145 0.003760
vn 0.004871 0.999960 0.007522
vn 0.004326 0.999856 0.016406
vn -0.731799 0.681408 0.012417
vn 0.004871 0.999960 0.007522
vn 0.726473 0.687186 0.003490
vn 0.731766 0.681445 0.012258
vn 0.004326 0.999856 0.016406
vn 0.726473 0.687186 0.003490
vn 0.999529 -0.030093 -0.006039
vn 0.999235 -0.038857 0.004420
vn 0.731766 0.681445 0.012258
vn 0.999529 -0.030093 -0.006039
vn 0.697860 -0.716082 -0.014762
vn 0.694584 -0.719410 -0.001326
vn 0.999235 -0.038857 0.004420
vn 0.694584 -0.719410 -0.001326
vn 0.000000 -0.999972 -0.007489
vn 0.000000 -0.999967 -0.008102
vn 0.690675 -0.723151 -0.004691
vn 0.000000 -0.999972 -0.007489
vn -0.693053 -0.720878 -0.003570
vn -0.691867 -0.722025 -0.000198
vn 0.000000 -0.999967 -0.008102
vn -0.693053 -0.720878 -0.003570
vn -0.999064 -0.043102 0.003725
vn -0.998873 -0.046376 0.010133
vn -0.691867 -0.722025 -0.000198
vn -0.999064 -0.043102 0.003725
vn -0.731799 0.681408 0.012417
vn -0.738519 0.674027 0.016654
vn -0.998873 -0.046376 0.010133
vn -0.731799 0.681408 0.012417
vn 0.004326 0.999856 0.016406
vn 0.003241 0.999818 0.018784
vn -0.738519 0.674027 0.016654
vn 0.004326 0.999856 0.016406
vn 0.731766 0.681445 0.012258
vn 0.737835 0.674903 0.010276
vn 0.003241 0.999818 0.018784
vn 0.731766 0.681445 0.012258
vn 0.999235 -0.038857 0.004420
vn 0.998832 -0.048325 0.000223
vn 0.737835 0.674903 0.010276
vn 0.999235 -0.038857 0.004420
vn 0.694584 -0.719410 -0.001326
vn 0.690675 -0.723151 -0.004691
vn 0.998832 -0.048325 0.000223
vn 0.690675 -0.723151 -0.004691
vn 0.000000 -0.999967 -0.008102
vn 0.000000 -0.999963 -0.008550
vn 0.691275 -0.722578 -0.004378
vn 0.000000 -0.999967 -0.008102
vn -0.691867 -0.722025 -0.000198
vn -0.691275 -0.722578 -0.004378
vn 0.000000 -0.999963 -0.008550
vn -0.691867 -0.722025 -0.000198
vn -0.998873 -0.046376 0.010133
vn -0.998537 -0.053619 0.006980
vn -0.691275 -0.722578 -0.004378
vn -0.998873 -0.046376 0.010133
vn -0.738519 0.674027 0.016654
vn -0.742535 0.669668 0.013682
vn -0.998537 -0.053619 0.006980
vn -0.738519 0.674027 0.016654
vn 0.003241 0.999818 0.018784
vn -0.005139 0.999814 0.018591
vn -0.742535 0.669668 0.013682
vn 0.003241 0.999818 0.018784
vn 0.737835 0.674903 0.010276
vn 0.735872 0.676934 0.015909
vn -0.005139 0.999814 0.018591
vn 0.737835 0.674903 0.010276
vn 0.998832 -0.048325 0.000223
vn 0.998525 -0.053835 0.007109
vn 0.735872 0.676934 0.015909
vn 0.998832 -0.048325 0.000223
vn 0.690675 -0.723151 -0.004691
vn 0.691275 -0.722578 -0.004378
vn 0.998525 -0.053835 0.007109
vn 0.691275 -0.722578 -0.004378
vn 0.000000 -0.999963 -0.008550
vn 0.000000 -0.999948 -0.010156
vn 0.692703 -0.721193 -0.006593
vn 0.000000 -0.999963 -0.008550
vn -0.691275 -0.722578 -0.004378
vn -0.692703 -0.721193 -0.006593
vn 0.000000 -0.999948 -0.010156
vn -0.691275 -0.722578 -0.004378
vn -0.998537 -0.053619 0.006980
vn -0.998496 -0.054747 0.002774
vn -0.692703 -0.721193 -0.006593
vn -0.998537 -0.053619 0.006980
vn -0.742535 0.669668 0.013682
vn -0.738661 0.673954 0.012846
vn -0.998496 -0.054747 0.002774
vn -0.742535 0.669668 0.013682
vn -0.005139 0.999814 0.018591
vn 0.000000 0.999838 0.017997
vn -0.738661 0.673954 0.012846
vn -0.005139 0.999814 0.018591
vn 0.735872 0.676934 0.015909
vn 0.736124 0.676713 0.013448
vn 0.000000 0.999838 0.017997
vn 0.735872 0.676934 0.015909
vn 0.998525 -0.053835 0.007109
vn 0.998694 -0.051005 0.003042
vn 0.736124 0.676713 0.013448
vn 0.998525 -0.053835 0.007109
vn 0.691275 -0.722578 -0.004378
vn 0.692703 -0.721193 -0.006593
vn 0.998694 -0.051005 0.003042
vn 0.692703 -0.721193 -0.006593
vn 0.000000 -0.999948 -0.010156
vn 0.000000 -0.999922 -0.012489
vn 0.693562 -0.720331 -0.009738
vn 0.000000 -0.999948 -0.010156
vn -0.692703 -0.721193 -0.006593
vn -0.694312 -0.719631 -0.007939
vn 0.000000 -0.999922 -0.012489
vn -0.692703 -0.721193 -0.006593
vn -0.998496 -0.054747 0.002774
vn -0.999041 -0.043751 0.001669
vn -0.694312 -0.719631 -0.007939
vn -0.998496 -0.054747 0.002774
vn -0.738661 0.673954 0.012846
vn -0.733113 0.680029 0.010348
vn -0.999041 -0.043751 0.001669
vn -0.738661 0.673954 0.012846
vn 0.000000 0.999838 0.017997
vn 0.000000 0.999903 0.013945
vn -0.733113 0.680029 0.010348
vn 0.000000 0.999838 0.017997
vn 0.736124 0.676713 0.013448
vn 0.733078 0.680065 0.010368
vn 0.000000 0.999903 0.013945
vn 0.736124 0.676713 0.013448
vn 0.998694 -0.051005 0.003042
vn 0.999041 -0.043745 0.001615
vn 0.733078 0.680065 0.010368
vn 0.998694 -0.051005 0.003042
vn 0.692703 -0.721193 -0.006593
vn 0.693562 -0.720331 -0.009738
vn 0.999041 -0.043745 0.001615
vn 0.693562 -0.720331 -0.009738
vn 0.000000 -0.999922 -0.012489
vn -0.000000 -0.999911 -0.013375
vn 0.694429 -0.719502 -0.009234
vn 0.000000 -0.999922 -0.012489
vn -0.694312 -0.719631 -0.007939
vn -0.693307 -0.720562 -0.010757
vn -0.000000 -0.999911 -0.013375
vn -0.694312 -0.719631 -0.007939
vn -0.999041 -0.043751 0.001669
vn -0.999152 -0.041136 -0.001505
vn -0.693307 -0.720562 -0.010757
vn -0.999041 -0.043751 0.001669
vn -0.733113 0.680029 0.010348
vn -0.731970 0.681317 0.005112
vn -0.999152 -0.041136 -0.001505
vn -0.733113 0.680029 0.010348
vn 0.000000 0.999903 0.013945
vn 0.003614 0.999918 0.012299
vn -0.731970 0.681317 0.005112
vn 0.000000 0.999903 0.013945
vn 0.733078 0.680065 0.010368
vn 0.726533 0.687077 0.008610
vn 0.003614 0.999918 0.012299
vn 0.733078 0.680065 0.010368
vn 0.999041 -0.043745 0.001615
vn 0.999449 -0.033022 -0.003242
vn 0.726533 0.687077 0.008610
vn 0.999041 -0.043745 0.001615
vn 0.693562 -0.720331 -0.009738
vn 0.694429 -0.719502 -0.009234
vn 0.999449 -0.033022 -0.003242
vn 0.694429 -0.719502 -0.009234
vn -0.000000 -0.999911 -0.013375
vn 0.000000 -0.999872 -0.016010
vn 0.689304 -0.724405 -0.009910
vn -0.000000 -0.999911 -0.013375
vn -0.693307 -0.720562 -0.010757
vn -0.686792 -0.726732 -0.013298
vn 0.000000 -0.999872 -0.016010
vn -0.693307 -0.720562 -0.010757
vn -0.999152 -0.041136 -0.001505
vn -0.998917 -0.046156 -0.005891
vn -0.686792 -0.726732 -0.013298
vn -0.999152 -0.041136 -0.001505
vn -0.731970 0.681317 0.005112
vn -0.731412 0.681926 0.003632
vn -0.998917 -0.046156 -0.005891
vn -0.731970 0.681317 0.005112
vn 0.003614 0.999918 0.012299
vn -0.003229 0.999960 0.008315
vn -0.731412 0.681926 0.003632
vn 0.003614 0.999918 0.012299
vn 0.726533 0.687077 0.008610
vn 0.727602 0.685996 0.002137
vn -0.003229 0.999960 0.008315
vn 0.726533 0.687077 0.008610
vn 0.999449 -0.033022 -0.003242
vn 0.999282 -0.037103 -0.007602
vn 0.727602 0.685996 0.002137
vn 0.999449 -0.033022 -0.003242
vn 0.694429 -0.719502 -0.009234
vn 0.689304 -0.724405 -0.009910
vn 0.999282 -0.037103 -0.007602
vn 0.679889 -0.733197 -0.013154
vn -0.000000 -0.999869 -0.016208
vn -0.000000 -0.999917 -0.012856
vn 0.674833 -0.737931 -0.007564
vn -0.000000 -0.999869 -0.016208
vn -0.679889 -0.733197 -0.013154
vn -0.676612 -0.736285 -0.008975
vn -0.000000 -0.999917 -0.012856
vn -0.679889 -0.733197 -0.013154
vn -0.998544 -0.053446 -0.007346
vn -0.998061 -0.062236 0.000283
vn -0.676612 -0.736285 -0.008975
vn -0.998544 -0.053446 -0.007346
vn -0.733497 0.679690 0.001799
vn -0.737527 0.675245 0.009896
vn -0.998061 -0.062236 0.000283
vn -0.733497 0.679690 0.001799
vn 0.000000 0.999969 0.007905
vn 0.002860 0.999909 0.013203
vn -0.737527 0.675245 0.009896
vn 0.000000 0.999969 0.007905
vn 0.733497 0.679690 0.001799
vn 0.737497 0.675279 0.009798
vn 0.002860 0.999909 0.013203
vn 0.733497 0.679690 0.001799
vn 0.998544 -0.053446 -0.007346
vn 0.998053 -0.062374 0.000560
vn 0.737497 0.675279 0.009798
vn 0.998544 -0.053446 -0.007346
vn 0.679889 -0.733197 -0.013154
vn 0.674833 -0.737931 -0.007564
vn 0.998053 -0.062374 0.000560
vn 0.689304 -0.724405 -0.009910
vn 0.000000 -0.999872 -0.016010
vn -0.000000 -0.999869 -0.016208
vn 0.679889 -0.733197 -0.013154
vn 0.000000 -0.999872 -0.016010
vn -0.686792 -0.726732 -0.013298
vn -0.679889 -0.733197 -0.013154
vn -0.000000 -0.999869 -0.016208
vn -0.686792 -0.726732 -0.013298
vn -0.998917 -0.046156 -0.005891
vn -0.998544 -0.053446 -0.007346
vn -0.679889 -0.733197 -0.013154
vn -0.998917 -0.046156 -0.005891
vn -0.731412 0.681926 0.003632
vn -0.733497 0.679690 0.001799
vn -0.998544 -0.053446 -0.007346
vn -0.731412 0.681926 0.003632
vn -0.003229 0.999960 0.008315
vn 0.000000 0.999969 0.007905
vn -0.733497 0.679690 0.001799
vn -0.003229 0.999960 0.008315
vn 0.727602 0.685996 0.002137
vn 0.733497 0.679690 0.001799
vn 0.000000 0.999969 0.007905
vn 0.727602 0.685996 0.002137
vn 0.999282 -0.037103 -0.007602
vn 0.998544 -0.053446 -0.007346
vn 0.733497 0.679690 0.001799
vn 0.999282 -0.037103 -0.007602
vn 0.689304 -0.724405 -0.009910
vn 0.679889 -0.733197 -0.013154
vn 0.998544 -0.053446 -0.007346
vn 0.674833 -0.737931 -0.007564
vn -0.000000 -0.999917 -0.012856
vn -0.000000 -0.999948 -0.010185
vn 0.676260 -0.736647 -0.004835
vn -0.000000 -0.999917 -0.012856
vn -0.676612 -0.736285 -0.008975
vn -0.675007 -0.737781 -0.006671
vn -0.000000 -0.999948 -0.010185
vn -0.676612 -0.736285 -0.008975
vn -0.998061 -0.062236 0.000283
vn -0.997523 -0.070326 0.000999
vn -0.675007 -0.737781 -0.006671
vn -0.998061 -0.062236 0.000283
vn -0.737527 0.675245 0.009896
vn -0.742240 0.670008 0.013024
vn -0.997523 -0.070326 0.000999
vn -0.737527 0.675245 0.009896
vn 0.002860 0.999909 0.013203
vn 0.005310 0.999892 0.013707
vn -0.742240 0.670008 0.013024
vn 0.002860 0.999909 0.013203
vn 0.737497 0.675279 0.009798
vn 0.743800 0.668378 0.005716
vn 0.005310 0.999892 0.013707
vn 0.737497 0.675279 0.009798
vn 0.998053 -0.062374 0.000560
vn 0.997869 -0.065168 0.003138
vn 0.743800 0.668378 0.005716
vn 0.998053 -0.062374 0.000560
vn 0.674833 -0.737931 -0.007564
vn 0.676260 -0.736647 -0.004835
vn 0.997869 -0.065168 0.003138
vn 0.676260 -0.736647 -0.004835
vn -0.000000 -0.999948 -0.010185
vn 0.004441 -0.999906 -0.013005
vn 0.675204 -0.737621 -0.003888
vn -0.000000 -0.999948 -0.010185
vn -0.675007 -0.737781 -0.006671
vn -0.671587 -0.740888 -0.007527
vn 0.004441 -0.999906 -0.013005
vn -0.675007 -0.737781 -0.006671
vn -0.997523 -0.070326 0.000999
vn -0.997245 -0.074078 0.003793
vn -0.671587 -0.740888 -0.007527
vn -0.997523 -0.070326 0.000999
vn -0.742240 0.670008 0.013024
vn -0.749917 0.661470 0.009121
vn -0.997245 -0.074078 0.003793
vn -0.742240 0.670008 0.013024
vn 0.005310 0.999892 0.013707
vn 0.000000 0.999937 0.011198
vn -0.749917 0.661470 0.009121
vn 0.005310 0.999892 0.013707
vn 0.743800 0.668378 0.005716
vn 0.749848 0.661547 0.009149
vn 0.000000 0.999937 0.011198
vn 0.743800 0.668378 0.005716
vn 0.997869 -0.065168 0.003138
vn 0.997221 -0.074415 0.003585
vn 0.749848 0.661547 0.009149
vn 0.997869 -0.065168 0.003138
vn 0.676260 -0.736647 -0.004835
vn 0.675204 -0.737621 -0.003888
vn 0.997221 -0.074415 0.003585
vn 0.675204 -0.737621 -0.003888
vn 0.004441 -0.999906 -0.013005
vn 0.006401 -0.999797 -0.019084
vn 0.673818 -0.738838 -0.009369
vn 0.004441 -0.999906 -0.013005
vn -0.671587 -0.740888 -0.007527
vn -0.670329 -0.741883 -0.016373
vn 0.006401 -0.999797 -0.019084
vn -0.671587 -0.740888 -0.007527
vn -0.997245 -0.074078 0.003793
vn -0.995906 -0.090286 -0.004340
vn -0.670329 -0.741883 -0.016373
vn -0.997245 -0.074078 0.003793
vn -0.749917 0.661470 0.009121
vn -0.762233 0.647263 0.007109
vn -0.995906 -0.090286 -0.004340
vn -0.749917 0.661470 0.009121
vn 0.000000 0.999937 0.011198
vn 0.005319 0.999922 0.011293
vn -0.762233 0.647263 0.007109
vn 0.000000 0.999937 0.011198
vn 0.749848 0.661547 0.009149
vn 0.762127 0.647386 0.007368
vn 0.005319 0.999922 0.011293
vn 0.749848 0.661547 0.009149
vn 0.997221 -0.074415 0.003585
vn 0.995889 -0.090460 -0.004623
vn 0.762127 0.647386 0.007368
vn 0.997221 -0.074415 0.003585
vn 0.675204 -0.737621 -0.003888
vn 0.673818 -0.738838 -0.009369
vn 0.995889 -0.090460 -0.004623
vn 0.673818 -0.738838 -0.009369
vn 0.006401 -0.999797 -0.019084
vn -0.007095 -0.999843 -0.016256
vn 0.673463 -0.739162 -0.009392
vn 0.006401 -0.999797 -0.019084
vn -0.670329 -0.741883 -0.016373
vn -0.676357 -0.736473 -0.012213
vn -0.007095 -0.999843 -0.016256
vn -0.670329 -0.741883 -0.016373
vn -0.995906 -0.090286 -0.004340
vn -0.995288 -0.096794 -0.005725
vn -0.676357 -0.736473 -0.012213
vn -0.995906 -0.090286 -0.004340
vn -0.762233 0.647263 0.007109
vn -0.766113 0.642696 0.003530
vn -0.995288 -0.096794 -0.005725
vn -0.762233 0.647263 0.007109
vn 0.005319 0.999922 0.011293
vn 0.000000 0.999957 0.009312
vn -0.766113 0.642696 0.003530
vn 0.005319 0.999922 0.011293
vn 0.762127 0.647386 0.007368
vn 0.762309 0.647199 0.004299
vn 0.000000 0.999957 0.009312
vn 0.762127 0.647386 0.007368
vn 0.995889 -0.090460 -0.004623
vn 0.995848 -0.090909 -0.004747
vn 0.762309 0.647199 0.004299
vn 0.995889 -0.090460 -0.004623
vn 0.673818 -0.738838 -0.009369
vn 0.673463 -0.739162 -0.009392
vn 0.995848 -0.090909 -0.004747
vn 0.673463 -0.739162 -0.009392
vn -0.007095 -0.999843 -0.016256
vn -0.007364 -0.999930 -0.009254
vn 0.667430 -0.744647 -0.006112
vn -0.007095 -0.999843 -0.016256
vn -0.676357 -0.736473 -0.012213
vn -0.670164 -0.742208 -0.002646
vn -0.007364 -0.999930 -0.009254
vn -0.676357 -0.736473 -0.012213
vn -0.995288 -0.096794 -0.005725
vn -0.995509 -0.094654 0.001658
vn -0.670164 -0.742208 -0.002646
vn -0.995288 -0.096794 -0.005725
vn -0.766113 0.642696 0.003530
vn -0.762902 0.646430 0.010471
vn -0.995509 -0.094654 0.001658
vn -0.766113 0.642696 0.003530
vn 0.000000 0.999957 0.009312
vn 0.000000 0.999898 0.014274
vn -0.762902 0.646430 0.010471
vn 0.000000 0.999957 0.009312
vn 0.762309 0.647199 0.004299
vn 0.762902 0.646430 0.010471
vn 0.000000 0.999898 0.014274
vn 0.762309 0.647199 0.004299
vn 0.995848 -0.090909 -0.004747
vn 0.995509 -0.094654 0.001658
vn 0.762902 0.646430 0.010471
vn 0.995848 -0.090909 -0.004747
vn 0.673463 -0.739162 -0.009392
vn 0.667430 -0.744647 -0.006112
vn 0.995509 -0.094654 0.001658
vn 0.667430 -0.744647 -0.006112
vn -0.007364 -0.999930 -0.009254
vn -0.000000 -0.999937 -0.011263
vn 0.667039 -0.744964 -0.009355
vn -0.007364 -0.999930 -0.009254
vn -0.670164 -0.742208 -0.002646
vn -0.667039 -0.744964 -0.009355
vn -0.000000 -0.999937 -0.011263
vn -0.670164 -0.742208 -0.002646
vn -0.995509 -0.094654 0.001658
vn -0.995742 -0.092184 -0.000530
vn -0.667039 -0.744964 -0.009355
vn -0.995509 -0.094654 0.001658
vn -0.762902 0.646430 0.010471
vn -0.762246 0.647187 0.011435
vn -0.995742 -0.092184 -0.000530
vn -0.762902 0.646430 0.010471
vn 0.000000 0.999898 0.014274
vn 0.000000 0.999862 0.016615
vn -0.762246 0.647187 0.011435
vn 0.000000 0.999898 0.014274
vn 0.762902 0.646430 0.010471
vn 0.762246 0.647187 0.011435
vn 0.000000 0.999862 0.016615
vn 0.762902 0.646430 0.010471
vn 0.995509 -0.094654 0.001658
vn 0.995742 -0.092184 -0.000530
vn 0.762246 0.647187 0.011435
vn 0.995509 -0.094654 0.001658
vn 0.667430 -0.744647 -0.006112
vn 0.667039 -0.744964 -0.009355
vn 0.995742 -0.092184 -0.000530
vn 0.667039 -0.744964 -0.009355
vn -0.000000 -0.999937 -0.011263
vn 0.000000 -0.999904 -0.013862
vn 0.667115 -0.744874 -0.010985
vn -0.000000 -0.999937 -0.011263
vn -0.667039 -0.744964 -0.009355
vn -0.667115 -0.744874 -0.010985
vn 0.000000 -0.999904 -0.013862
vn -0.667039 -0.744964 -0.009355
vn -0.995742 -0.092184 -0.000530
vn -0.996219 -0.086855 -0.001944
vn -0.667115 -0.744874 -0.010985
vn -0.995742 -0.092184 -0.000530
vn -0.762246 0.647187 0.011435
vn -0.757238 0.653080 0.008792
vn -0.996219 -0.086855 -0.001944
vn -0.762246 0.647187 0.011435
vn 0.000000 0.999862 0.016615
vn 0.000000 0.999906 0.013737
vn -0.757238 0.653080 0.008792
vn 0.000000 0.999862 0.016615
vn 0.762246 0.647187 0.011435
vn 0.757238 0.653080 0.008792
vn 0.000000 0.999906 0.013737
vn 0.762246 0.647187 0.011435
vn 0.995742 -0.092184 -0.000530
vn 0.996219 -0.086855 -0.001944
vn 0.757238 0.653080 0.008792
vn 0.995742 -0.092184 -0.000530
vn 0.667039 -0.744964 -0.009355
vn 0.667115 -0.744874 -0.010985
vn 0.996219 -0.086855 -0.001944
vn 0.667115 -0.744874 -0.010985
vn 0.000000 -0.999904 -0.013862
vn 0.000000 -0.999884 -0.015204
vn 0.668896 -0.743270 -0.011271
vn 0.000000 -0.999904 -0.013862
vn -0.667115 -0.744874 -0.010985
vn -0.668896 -0.743270 -0.011271
vn 0.000000 -0.999884 -0.015204
vn -0.667115 -0.744874 -0.010985
vn -0.996219 -0.086855 -0.001944
vn -0.996734 -0.080596 -0.005001
vn -0.668896 -0.743270 -0.011271
vn -0.996219 -0.086855 -0.001944
vn -0.757238 0.653080 0.008792
vn -0.754705 0.656031 0.006618
vn -0.996734 -0.080596 -0.005001
vn -0.757238 0.653080 0.008792
vn 0.000000 0.999906 0.013737
vn 0.000000 0.999935 0.011390
vn -0.754705 0.656031 0.006618
vn 0.000000 0.999906 0.013737
vn 0.757238 0.653080 0.008792
vn 0.754705 0.656031 0.006618
vn 0.000000 0.999935 0.011390
vn 0.757238 0.653080 0.008792
vn 0.996219 -0.086855 -0.001944
vn 0.996734 -0.080596 -0.005001
vn 0.754705 0.656031 0.006618
vn 0.996219 -0.086855 -0.001944
vn 0.667115 -0.744874 -0.010985
vn 0.668896 -0.743270 -0.011271
vn 0.996734 -0.080596 -0.005001
vn 0.693912 -0.701258 0.163473
vn 0.006027 -0.981960 0.188995
vn 0.015195 -0.897515 0.440723
vn 0.580677 -0.662329 0.473429
vn 0.006027 -0.981960 0.188995
vn -0.690866 -0.703756 0.165622
vn -0.599737 -0.660377 0.451904
vn 0.015195 -0.897515 0.440723
vn -0.690866 -0.703756 0.165622
vn -0.981847 -0.129298 0.138778
vn -0.855345 -0.123349 0.503160
vn -0.599737 -0.660377 0.451904
vn -0.981847 -0.129298 0.138778
vn -0.815645 0.564264 0.127785
vn -0.663924 0.460968 0.588824
vn -0.855345 -0.123349 0.503160
vn -0.815645 0.564264 0.127785
vn -0.000188 0.991534 0.129846
vn -0.021259 0.745228 0.666471
vn -0.663924 0.460968 0.588824
vn -0.000188 0.991534 0.129846
vn 0.815700 0.564241 0.127535
vn 0.644417 0.459430 0.611270
vn -0.021259 0.745228 0.666471
vn 0.815700 0.564241 0.127535
vn 0.981535 -0.130771 0.139604
vn 0.826629 -0.158160 0.540065
vn 0.644417 0.459430 0.611270
vn 0.981535 -0.130771 0.139604
vn 0.693912 -0.701258 0.163473
vn 0.580677 -0.662329 0.473429
vn 0.826629 -0.158160 0.540065
vn 0.673299 -0.739334 -0.007381
vn 0.004867 -0.999859 -0.016039
vn 0.006294 -0.999871 -0.014774
vn 0.677847 -0.735181 -0.005726
vn 0.004867 -0.999859 -0.016039
vn -0.669791 -0.742444 -0.012507
vn -0.674432 -0.738274 -0.009670
vn 0.006294 -0.999871 -0.014774
vn -0.669791 -0.742444 -0.012507
vn -0.996667 -0.081517 -0.003073
vn -0.997112 -0.075880 -0.003150
vn -0.674432 -0.738274 -0.009670
vn -0.996667 -0.081517 -0.003073
vn -0.752555 0.658482 0.007942
vn -0.753421 0.657507 0.006466
vn -0.997112 -0.075880 -0.003150
vn -0.752555 0.658482 0.007942
vn 0.000000 0.999927 0.012072
vn 0.003767 0.999921 0.012022
vn -0.753421 0.657507 0.006466
vn 0.000000 0.999927 0.012072
vn 0.752334 0.658734 0.007860
vn 0.756674 0.653745 0.007918
vn 0.003767 0.999921 0.012022
vn 0.752334 0.658734 0.007860
vn 0.997251 -0.074059 -0.002369
vn 0.996834 -0.079516 -0.000127
vn 0.756674 0.653745 0.007918
vn 0.997251 -0.074059 -0.002369
vn 0.673299 -0.739334 -0.007381
vn 0.677847 -0.735181 -0.005726
vn 0.996834 -0.079516 -0.000127
vn 0.677847 -0.735181 -0.005726
vn 0.006294 -0.999871 -0.014774
vn 0.000000 -0.999930 -0.011840
vn 0.674704 -0.738060 -0.006537
vn 0.006294 -0.999871 -0.014774
vn -0.674432 -0.738274 -0.009670
vn -0.677131 -0.735847 -0.004850
vn 0.000000 -0.999930 -0.011840
vn -0.674432 -0.738274 -0.009670
vn -0.997112 -0.075880 -0.003150
vn -0.996349 -0.085305 0.003451
vn -0.677131 -0.735847 -0.004850
vn -0.997112 -0.075880 -0.003150
vn -0.753421 0.657507 0.006466
vn -0.758836 0.651191 0.010816
vn -0.996349 -0.085305 0.003451
vn -0.753421 0.657507 0.006466
vn 0.003767 0.999921 0.012022
vn 0.003497 0.999886 0.014674
vn -0.758836 0.651191 0.010816
vn 0.003767 0.999921 0.012022
vn 0.756674 0.653745 0.007918
vn 0.758950 0.651056 0.010975
vn 0.003497 0.999886 0.014674
vn 0.756674 0.653745 0.007918
vn 0.996834 -0.079516 -0.000127
vn 0.996348 -0.085320 0.003456
vn 0.758950 0.651056 0.010975
vn 0.996834 -0.079516 -0.000127
vn 0.677847 -0.735181 -0.005726
vn 0.674704 -0.738060 -0.006537
vn 0.996348 -0.085320 0.003456
vn 0.674704 -0.738060 -0.006537
vn 0.000000 -0.999930 -0.011840
vn 0.000000 -0.999966 -0.008296
vn 0.670779 -0.741637 -0.005578
vn 0.000000 -0.999930 -0.011840
vn -0.677131 -0.735847 -0.004850
vn -0.670779 -0.741637 -0.005578
vn 0.000000 -0.999966 -0.008296
vn -0.677131 -0.735847 -0.004850
vn -0.996349 -0.085305 0.003451
vn -0.994516 -0.104579 0.001430
vn -0.670779 -0.741637 -0.005578
vn -0.996349 -0.085305 0.003451
vn -0.758836 0.651191 0.010816
vn -0.770336 0.637570 0.009368
vn -0.994516 -0.104579 0.001430
vn -0.758836 0.651191 0.010816
vn 0.003497 0.999886 0.014674
vn 0.000000 0.999912 0.013295
vn -0.770336 0.637570 0.009368
vn 0.003497 0.999886 0.014674
vn 0.758950 0.651056 0.010975
vn 0.769833 0.638175 0.009481
vn 0.000000 0.999912 0.013295
vn 0.758950 0.651056 0.010975
vn 0.996348 -0.085320 0.003456
vn 0.994560 -0.104152 0.001462
vn 0.769833 0.638175 0.009481
vn 0.996348 -0.085320 0.003456
vn 0.674704 -0.738060 -0.006537
vn 0.670779 -0.741637 -0.005578
vn 0.994560 -0.104152 0.001462
vn 0.670779 -0.741637 -0.005578
vn 0.000000 -0.999966 -0.008296
vn -0.001661 -0.997326 0.073056
vn 0.673407 -0.736462 0.064389
vn 0.000000 -0.999966 -0.008296
vn -0.670779 -0.741637 -0.005578
vn -0.672193 -0.737806 0.061627
vn -0.001661 -0.997326 0.073056
vn -0.670779 -0.741637 -0.005578
vn -0.994516 -0.104579 0.001430
vn -0.990282 -0.128074 0.054214
vn -0.672193 -0.737806 0.061627
vn -0.994516 -0.104579 0.001430
vn -0.770336 0.637570 0.009368
vn -0.792495 0.608231 0.044811
vn -0.990282 -0.128074 0.054214
vn -0.770336 0.637570 0.009368
vn 0.000000 0.999912 0.013295
vn 0.001750 0.999183 0.040384
vn -0.792495 0.608231 0.044811
vn 0.000000 0.999912 0.013295
vn 0.769833 0.638175 0.009481
vn 0.791365 0.609702 0.044775
vn 0.001750 0.999183 0.040384
vn 0.769833 0.638175 0.009481
vn 0.994560 -0.104152 0.001462
vn 0.990301 -0.127922 0.054231
vn 0.791365 0.609702 0.044775
vn 0.994560 -0.104152 0.001462
vn 0.670779 -0.741637 -0.005578
vn 0.673407 -0.736462 0.064389
vn 0.990301 -0.127922 0.054231
vn 0.673407 -0.736462 0.064389
vn -0.001661 -0.997326 0.073056
vn 0.006027 -0.981960 0.188995
vn 0.693912 -0.701258 0.163473
vn -0.001661 -0.997326 0.073056
vn -0.672193 -0.737806 0.061627
vn -0.690866 -0.703756 0.165622
vn 0.006027 -0.981960 0.188995
vn -0.672193 -0.737806 0.061627
vn -0.990282 -0.128074 0.054214
vn -0.981847 -0.129298 0.138778
vn -0.690866 -0.703756 0.165622
vn -0.990282 -0.128074 0.054214
vn -0.792495 0.608231 0.044811
vn -0.815645 0.564264 0.127785
vn -0.981847 -0.129298 0.138778
vn -0.792495 0.608231 0.044811
vn 0.001750 0.999183 0.040384
vn -0.000188 0.991534 0.129846
vn -0.815645 0.564264 0.127785
vn 0.001750 0.999183 0.040384
vn 0.791365 0.609702 0.044775
vn 0.815700 0.564241 0.127535
vn -0.000188 0.991534 0.129846
vn 0.791365 0.609702 0.044775
vn 0.990301 -0.127922 0.054231
vn 0.981535 -0.130771 0.139604
vn 0.815700 0.564241 0.127535
vn 0.990301 -0.127922 0.054231
vn 0.673407 -0.736462 0.064389
vn 0.693912 -0.701258 0.163473
vn 0.981535 -0.130771 0.139604
vn 0.580677 -0.662329 0.473429
vn 0.015195 -0.897515 0.440723
vn 0.053665 -0.708008 0.704163
vn 0.487140 -0.580361 0.652591
vn 0.015195 -0.897515 0.440723
vn -0.599737 -0.660377 0.451904
vn -0.524546 -0.524810 0.670392
vn 0.053665 -0.708008 0.704163
vn -0.599737 -0.660377 0.451904
vn -0.855345 -0.123349 0.503160
vn -0.704174 -0.076381 0.705907
vn -0.524546 -0.524810 0.670392
vn -0.855345 -0.123349 0.503160
vn -0.663924 0.460968 0.588824
vn -0.533021 0.478154 0.698038
vn -0.704174 -0.076381 0.705907
vn -0.663924 0.460968 0.588824
vn -0.021259 0.745228 0.666471
vn -0.044611 0.564671 0.824109
vn -0.533021 0.478154 0.698038
vn -0.021259 0.745228 0.666471
vn 0.644417 0.459430 0.611270
vn 0.532166 0.375416 0.758856
vn -0.044611 0.564671 0.824109
vn 0.644417 0.459430 0.611270
vn 0.826629 -0.158160 0.540065
vn 0.668266 -0.138284 0.730957
vn 0.532166 0.375416 0.758856
vn 0.826629 -0.158160 0.540065
vn 0.580677 -0.662329 0.473429
vn 0.487140 -0.580361 0.652591
vn 0.668266 -0.138284 0.730957
vn -0.044611 0.564671 0.824109
vn 0.532166 0.375416 0.758856
vn 0.384847 0.671617 0.633106
vn -0.108551 0.777448 0.619509
vn -0.533021 0.478154 0.698038
vn -0.044611 0.564671 0.824109
vn -0.108551 0.777448 0.619509
vn -0.454898 0.737563 0.499068
vn 0.668266 -0.138284 0.730957
vn 0.806211 -0.138546 0.575177
vn 0.787143 0.365393 0.496884
vn 0.532166 0.375416 0.758856
vn -0.789055 -0.033920 0.613386
vn -0.704174 -0.076381 0.705907
vn -0.533021 0.478154 0.698038
vn -0.670543 0.549194 0.498756
vn 0.532166 0.375416 0.758856
vn 0.787143 0.365393 0.496884
vn 0.498668 0.749025 0.436225
vn 0.384847 0.671617 0.633106
vn -0.670543 0.549194 0.498756
vn -0.533021 0.478154 0.698038
vn -0.454898 0.737563 0.499068
vn -0.502803 0.779687 0.373199
vn 0.498668 0.749025 0.436225
vn -0.135035 0.903362 0.407067
vn -0.108551 0.777448 0.619509
vn 0.384847 0.671617 0.633106
vn -0.135035 0.903362 0.407067
vn -0.502803 0.779687 0.373199
vn -0.454898 0.737563 0.499068
vn -0.108551 0.777448 0.619509
vn 0.487140 -0.580361 0.652591
vn 0.597301 -0.581010 0.552864
vn 0.806211 -0.138546 0.575177
vn 0.668266 -0.138284 0.730957
vn -0.689025 -0.442488 0.573977
vn -0.524546 -0.524810 0.670392
vn -0.704174 -0.076381 0.705907
vn -0.789055 -0.033920 0.613386
vn 0.063628 -0.686691 0.724159
vn 0.386130 -0.671641 0.632299
vn 0.487140 -0.580361 0.652591
vn 0.053665 -0.708008 0.704163
vn -0.374066 -0.597861 0.708969
vn 0.063628 -0.686691 0.724159
vn 0.053665 -0.708008 0.704163
vn -0.524546 -0.524810 0.670392
vn 0.386130 -0.671641 0.632299
vn 0.431573 -0.722988 0.539475
vn 0.597301 -0.581010 0.552864
vn 0.487140 -0.580361 0.652591
vn -0.521120 -0.608294 0.598675
vn -0.374066 -0.597861 0.708969
vn -0.524546 -0.524810 0.670392
vn -0.689025 -0.442488 0.573977
vn 0.386130 -0.671641 0.632299
vn 0.063628 -0.686691 0.724159
vn 0.031563 -0.776662 0.629127
vn 0.431573 -0.722988 0.539475
vn 0.063628 -0.686691 0.724159
vn -0.374066 -0.597861 0.708969
vn -0.521120 -0.608294 0.598675
vn 0.031563 -0.776662 0.629127
vn -0.844156 -0.428054 0.322754
vn -0.690676 -0.615313 0.379943
vn -0.613748 -0.607261 0.504527
vn -0.767051 -0.446206 0.461013
vn -0.767051 -0.446206 0.461013
vn -0.880281 -0.004520 0.474431
vn -0.950937 -0.007105 0.309303
vn -0.844156 -0.428054 0.322754
vn -0.950937 -0.007105 0.309303
vn -0.880281 -0.004520 0.474431
vn -0.705613 0.591355 0.390397
vn -0.764672 0.576135 0.288695
vn -0.526542 0.807254 0.266633
vn -0.764672 0.576135 0.288695
vn -0.705613 0.591355 0.390397
vn -0.512374 0.792278 0.331313
vn -0.512374 0.792278 0.331313
vn -0.097792 0.937294 0.334540
vn -0.042935 0.968704 0.244478
vn -0.526542 0.807254 0.266633
vn -0.027523 0.999604 0.005924
vn 0.648503 0.759587 -0.049716
vn 0.652122 0.680445 -0.334263
vn -0.002223 0.940641 -0.339395
vn -0.639190 0.689498 -0.340630
vn -0.630941 0.775650 0.016736
vn -0.027523 0.999604 0.005924
vn -0.002223 0.940641 -0.339395
vn 0.648503 0.759587 -0.049716
vn 0.959364 0.280565 -0.030079
vn 0.929995 0.170229 -0.325779
vn 0.652122 0.680445 -0.334263
vn -0.881326 0.360599 -0.305341
vn -0.836605 0.544443 0.060612
vn -0.630941 0.775650 0.016736
vn -0.639190 0.689498 -0.340630
vn 0.959364 0.280565 -0.030079
vn 0.975210 -0.214884 -0.052831
vn 0.910123 -0.281363 -0.304155
vn 0.929995 0.170229 -0.325779
vn -0.999604 -0.026721 -0.008799
vn -0.988972 -0.016670 0.147161
vn -0.836605 0.544443 0.060612
vn -0.881326 0.360599 -0.305341
vn 0.975210 -0.214884 -0.052831
vn 0.728671 -0.684833 -0.006405
vn 0.704963 -0.655027 -0.271968
vn 0.910123 -0.281363 -0.304155
vn -0.949051 -0.311853 0.045276
vn -0.897610 -0.387865 0.209422
vn -0.988972 -0.016670 0.147161
vn -0.999604 -0.026721 -0.008799
vn -0.154809 -0.977864 0.140767
vn -0.740719 -0.631394 0.229514
vn -0.763705 -0.645566 0.000465
vn -0.183007 -0.974959 -0.126343
vn -0.763705 -0.645566 0.000465
vn -0.739746 -0.595950 -0.312442
vn -0.204779 -0.883905 -0.420449
vn -0.183007 -0.974959 -0.126343
vn -0.763705 -0.645566 0.000465
vn -0.740719 -0.631394 0.229514
vn -0.897610 -0.387865 0.209422
vn -0.949051 -0.311853 0.045276
vn -0.739746 -0.595950 -0.312442
vn -0.763705 -0.645566 0.000465
vn -0.949051 -0.311853 0.045276
vn -0.952670 -0.128547 -0.275492
vn -0.952670 -0.128547 -0.275492
vn -0.865985 0.064883 -0.495843
vn -0.783215 -0.216372 -0.582887
vn -0.739746 -0.595950 -0.312442
vn -0.881326 0.360599 -0.305341
vn -0.952670 -0.128547 -0.275492
vn -0.949051 -0.311853 0.045276
vn -0.999604 -0.026721 -0.008799
vn -0.881326 0.360599 -0.305341
vn -0.793560 0.379018 -0.476033
vn -0.865985 0.064883 -0.495843
vn -0.952670 -0.128547 -0.275492
vn -0.639190 0.689498 -0.340630
vn -0.676630 0.556509 -0.482151
vn -0.793560 0.379018 -0.476033
vn -0.881326 0.360599 -0.305341
vn -0.002223 0.940641 -0.339395
vn 0.018907 0.810874 -0.584916
vn -0.676630 0.556509 -0.482151
vn -0.639190 0.689498 -0.340630
vn 0.118370 0.709762 -0.694425
vn -0.711822 0.541502 -0.447309
vn -0.676630 0.556509 -0.482151
vn 0.018907 0.810874 -0.584916
vn -0.676630 0.556509 -0.482151
vn -0.711822 0.541502 -0.447309
vn -0.794464 0.279521 -0.539162
vn -0.793560 0.379018 -0.476033
vn -0.794464 0.279521 -0.539162
vn -0.783215 -0.216372 -0.582887
vn -0.865985 0.064883 -0.495843
vn -0.793560 0.379018 -0.476033
vn 0.704963 -0.655027 -0.271968
vn 0.678689 -0.569085 -0.464245
vn 0.820804 -0.282878 -0.496247
vn 0.910123 -0.281363 -0.304155
vn 0.830352 0.029636 -0.556450
vn 0.929995 0.170229 -0.325779
vn 0.910123 -0.281363 -0.304155
vn 0.820804 -0.282878 -0.496247
vn 0.680323 0.487684 -0.547106
vn 0.652122 0.680445 -0.334263
vn 0.929995 0.170229 -0.325779
vn 0.830352 0.029636 -0.556450
vn 0.652122 0.680445 -0.334263
vn 0.680323 0.487684 -0.547106
vn 0.018907 0.810874 -0.584916
vn -0.002223 0.940641 -0.339395
vn 0.382426 -0.922406 0.054016
vn -0.154809 -0.977864 0.140767
vn -0.183007 -0.974959 -0.126343
vn 0.312562 -0.930619 -0.190400
vn 0.728671 -0.684833 -0.006405
vn 0.382426 -0.922406 0.054016
vn 0.312562 -0.930619 -0.190400
vn 0.704963 -0.655027 -0.271968
vn 0.312562 -0.930619 -0.190400
vn 0.306012 -0.846880 -0.434915
vn 0.678689 -0.569085 -0.464245
vn 0.704963 -0.655027 -0.271968
vn 0.312562 -0.930619 -0.190400
vn -0.183007 -0.974959 -0.126343
vn -0.204779 -0.883905 -0.420449
vn 0.306012 -0.846880 -0.434915
vn 0.928149 0.342454 0.145823
vn 0.959364 0.280565 -0.030079
vn 0.648503 0.759587 -0.049716
vn 0.615086 0.769904 0.170048
vn 0.972859 -0.155513 0.171348
vn 0.975210 -0.214884 -0.052831
vn 0.959364 0.280565 -0.030079
vn 0.928149 0.342454 0.145823
vn 0.712104 -0.651062 0.262730
vn 0.728671 -0.684833 -0.006405
vn 0.975210 -0.214884 -0.052831
vn 0.972859 -0.155513 0.171348
vn 0.426970 -0.862146 0.272767
vn 0.382426 -0.922406 0.054016
vn 0.728671 -0.684833 -0.006405
vn 0.712104 -0.651062 0.262730
vn 0.426970 -0.862146 0.272767
vn -0.095140 -0.921825 0.375748
vn -0.154809 -0.977864 0.140767
vn 0.382426 -0.922406 0.054016
vn -0.690676 -0.615313 0.379943
vn -0.740719 -0.631394 0.229514
vn -0.154809 -0.977864 0.140767
vn -0.095140 -0.921825 0.375748
vn -0.897610 -0.387865 0.209422
vn -0.740719 -0.631394 0.229514
vn -0.690676 -0.615313 0.379943
vn -0.844156 -0.428054 0.322754
vn -0.988972 -0.016670 0.147161
vn -0.897610 -0.387865 0.209422
vn -0.844156 -0.428054 0.322754
vn -0.950937 -0.007105 0.309303
vn -0.836605 0.544443 0.060612
vn -0.988972 -0.016670 0.147161
vn -0.950937 -0.007105 0.309303
vn -0.764672 0.576135 0.288695
vn -0.630941 0.775650 0.016736
vn -0.836605 0.544443 0.060612
vn -0.764672 0.576135 0.288695
vn -0.526542 0.807254 0.266633
vn -0.027523 0.999604 0.005924
vn -0.630941 0.775650 0.016736
vn -0.526542 0.807254 0.266633
vn -0.042935 0.968704 0.244478
vn 0.615086 0.769904 0.170048
vn 0.648503 0.759587 -0.049716
vn -0.027523 0.999604 0.005924
vn -0.042935 0.968704 0.244478
vn 0.426970 -0.862146 0.272767
vn 0.712104 -0.651062 0.262730
vn 0.671044 -0.606554 0.426371
vn 0.449495 -0.793056 0.411117
vn -0.095140 -0.921825 0.375748
vn 0.426970 -0.862146 0.272767
vn 0.449495 -0.793056 0.411117
vn -0.004273 -0.850635 0.525739
vn -0.767051 -0.446206 0.461013
vn -0.613748 -0.607261 0.504527
vn -0.521120 -0.608294 0.598675
vn -0.689025 -0.442488 0.573977
vn -0.789055 -0.033920 0.613386
vn -0.880281 -0.004520 0.474431
vn -0.767051 -0.446206 0.461013
vn -0.689025 -0.442488 0.573977
vn -0.705613 0.591355 0.390397
vn -0.880281 -0.004520 0.474431
vn -0.789055 -0.033920 0.613386
vn -0.670543 0.549194 0.498756
vn -0.512374 0.792278 0.331313
vn -0.705613 0.591355 0.390397
vn -0.670543 0.549194 0.498756
vn -0.502803 0.779687 0.373199
vn -0.502803 0.779687 0.373199
vn -0.135035 0.903362 0.407067
vn -0.097792 0.937294 0.334540
vn -0.512374 0.792278 0.331313
vn 0.928149 0.342454 0.145823
vn 0.615086 0.769904 0.170048
vn 0.557221 0.773541 0.301893
vn 0.867056 0.378868 0.323531
vn 0.867056 0.378868 0.323531
vn 0.922588 -0.140017 0.359482
vn 0.972859 -0.155513 0.171348
vn 0.928149 0.342454 0.145823
vn 0.712104 -0.651062 0.262730
vn 0.972859 -0.155513 0.171348
vn 0.922588 -0.140017 0.359482
vn 0.671044 -0.606554 0.426371
vn 0.867056 0.378868 0.323531
vn 0.557221 0.773541 0.301893
vn 0.498668 0.749025 0.436225
vn 0.787143 0.365393 0.496884
vn 0.806211 -0.138546 0.575177
vn 0.922588 -0.140017 0.359482
vn 0.867056 0.378868 0.323531
vn 0.787143 0.365393 0.496884
vn 0.671044 -0.606554 0.426371
vn 0.922588 -0.140017 0.359482
vn 0.806211 -0.138546 0.575177
vn 0.597301 -0.581010 0.552864
vn 0.449495 -0.793056 0.411117
vn 0.671044 -0.606554 0.426371
vn 0.597301 -0.581010 0.552864
vn 0.431573 -0.722988 0.539475
vn -0.004273 -0.850635 0.525739
vn 0.449495 -0.793056 0.411117
vn 0.431573 -0.722988 0.539475
vn 0.031563 -0.776662 0.629127
vn -0.004273 -0.850635 0.525739
vn -0.613748 -0.607261 0.504527
vn -0.690676 -0.615313 0.379943
vn -0.095140 -0.921825 0.375748
vn 0.031563 -0.776662 0.629127
vn -0.521120 -0.608294 0.598675
vn -0.613748 -0.607261 0.504527
vn -0.004273 -0.850635 0.525739
vn -0.135035 0.903362 0.407067
vn 0.498668 0.749025 0.436225
vn 0.557221 0.773541 0.301893
vn -0.097792 0.937294 0.334540
vn -0.097792 0.937294 0.334540
vn 0.557221 0.773541 0.301893
vn 0.615086 0.769904 0.170048
vn -0.042935 0.968704 0.244478
vn 0.793031 0.235788 -0.561699
vn 0.118370 0.709762 -0.694425
vn 0.018907 0.810874 -0.584916
vn 0.680323 0.487684 -0.547106
vn 0.830352 0.029636 -0.556450
vn 0.826554 -0.052167 -0.560434
vn 0.793031 0.235788 -0.561699
vn 0.680323 0.487684 -0.547106
vn 0.830352 0.029636 -0.556450
vn 0.820804 -0.282878 -0.496247
vn 0.780737 -0.267097 -0.564897
vn 0.826554 -0.052167 -0.560434
vn -0.169517 -0.727203 -0.665161
vn -0.204779 -0.883905 -0.420449
vn -0.739746 -0.595950 -0.312442
vn -0.783215 -0.216372 -0.582887
vn -0.783215 -0.216372 -0.582887
vn -0.794464 0.279521 -0.539162
vn 0.028351 0.022424 -0.999346
vn -0.169517 -0.727203 -0.665161
vn 0.780737 -0.267097 -0.564897
vn 0.820804 -0.282878 -0.496247
vn 0.678689 -0.569085 -0.464245
vn 0.679106 -0.476040 -0.558749
vn 0.306012 -0.846880 -0.434915
vn 0.470742 -0.667163 -0.577317
vn 0.679106 -0.476040 -0.558749
vn 0.678689 -0.569085 -0.464245
vn 0.470742 -0.667163 -0.577317
vn 0.306012 -0.846880 -0.434915
vn -0.204779 -0.883905 -0.420449
vn -0.169517 -0.727203 -0.665161
vn -0.445037 0.264729 -0.855489
vn 0.000000 0.493765 -0.869596
vn -0.000000 0.762051 -0.647517
vn -0.591836 0.605965 -0.531541
vn 0.000000 0.493765 -0.869596
vn 0.445037 0.264729 -0.855488
vn 0.591836 0.605965 -0.531541
vn -0.000000 0.762051 -0.647517
vn 0.165151 0.778328 -0.605748
vn -0.000000 0.917999 -0.396584
vn 0.044116 0.429960 -0.901769
vn -0.201570 0.312421 -0.928312
vn -0.000000 0.917999 -0.396584
vn -0.165151 0.778328 -0.605748
vn 0.150451 0.324799 -0.933740
vn 0.044116 0.429960 -0.901769
vn 0.044116 0.429960 -0.901769
vn 0.150451 0.324799 -0.933740
vn 0.445037 0.264729 -0.855488
vn 0.000000 0.493765 -0.869596
vn -0.201570 0.312421 -0.928312
vn 0.044116 0.429960 -0.901769
vn 0.000000 0.493765 -0.869596
vn -0.445037 0.264729 -0.855489
vn -0.165151 0.778328 -0.605748
vn -0.019297 -0.191553 -0.981293
vn 0.445037 0.264729 -0.855488
vn 0.150451 0.324799 -0.933740
vn 0.000905 -0.144089 -0.989564
vn 0.165151 0.778328 -0.605748
vn -0.201570 0.312421 -0.928312
vn -0.445037 0.264729 -0.855489
vn -0.794464 0.279521 -0.539162
vn -0.711822 0.541502 -0.447309
vn 0.118370 0.709762 -0.694425
vn 0.028351 0.022424 -0.999346
vn 0.768932 -0.257092 -0.585361
vn 0.793031 0.235788 -0.561699
vn 0.826554 -0.052167 -0.560434
vn 0.780737 -0.267097 -0.564897
vn 0.793031 0.235788 -0.561699
vn 0.768932 -0.257092 -0.585361
vn 0.028351 0.022424 -0.999346
vn 0.118370 0.709762 -0.694425
vn 0.679106 -0.476040 -0.558749
vn 0.470742 -0.667163 -0.577317
vn 0.768932 -0.257092 -0.585361
vn 0.780737 -0.267097 -0.564897
vn 0.470742 -0.667163 -0.577317
vn -0.169517 -0.727203 -0.665161
vn 0.028351 0.022424 -0.999346
vn 0.768932 -0.257092 -0.585361
vn -0.970727 -0.216625 0.103744
vn -0.825884 -0.450300 -0.339332
vn -0.798624 -0.519767 -0.303383
vn -0.990812 -0.081366 0.108036
vn -0.825884 -0.450300 -0.339332
vn -0.389574 -0.723989 -0.569272
vn -0.392326 -0.774914 -0.495568
vn -0.798624 -0.519767 -0.303383
vn -0.389574 -0.723989 -0.569272
vn 0.106724 -0.796508 -0.595135
vn 0.128301 -0.830820 -0.541550
vn -0.392326 -0.774914 -0.495568
vn 0.106724 -0.796508 -0.595135
vn 0.729432 -0.615536 -0.298403
vn 0.763522 -0.572817 -0.298187
vn 0.128301 -0.830820 -0.541550
vn 0.729432 -0.615536 -0.298403
vn 0.930929 -0.153795 0.331238
vn 0.950171 -0.020163 0.311077
vn 0.763522 -0.572817 -0.298187
vn 0.930929 -0.153795 0.331238
vn 0.645221 0.200376 0.737252
vn 0.659350 0.367655 0.655811
vn 0.950171 -0.020163 0.311077
vn 0.645221 0.200376 0.737252
vn 0.233096 0.308762 0.922134
vn 0.351140 0.520613 0.778243
vn 0.659350 0.367655 0.655811
vn 0.233096 0.308762 0.922134
vn -0.201822 0.372138 0.905970
vn -0.031491 0.593824 0.803978
vn 0.351140 0.520613 0.778243
vn -0.201822 0.372138 0.905970
vn -0.773556 0.144319 0.617076
vn -0.619257 0.448820 0.644268
vn -0.031491 0.593824 0.803978
vn -0.773556 0.144319 0.617076
vn -0.970727 -0.216625 0.103744
vn -0.990812 -0.081366 0.108036
vn -0.619257 0.448820 0.644268
vn 0.803306 -0.527672 -0.276154
vn 0.993858 -0.036811 0.104365
vn 0.965295 -0.143103 0.218463
vn 0.775420 -0.578152 -0.253899
vn 0.407052 -0.757095 -0.510995
vn 0.803306 -0.527672 -0.276154
vn 0.775420 -0.578152 -0.253899
vn 0.413257 -0.783108 -0.464715
vn -0.149060 -0.818884 -0.554265
vn 0.407052 -0.757095 -0.510995
vn 0.413257 -0.783108 -0.464715
vn -0.136936 -0.847112 -0.513469
vn -0.779970 -0.565146 -0.268807
vn -0.149060 -0.818884 -0.554265
vn -0.136936 -0.847112 -0.513469
vn -0.758848 -0.593855 -0.267367
vn -0.952876 -0.008061 0.303252
vn -0.779970 -0.565146 -0.268807
vn -0.758848 -0.593855 -0.267367
vn -0.962766 -0.012875 0.270031
vn -0.644577 0.366829 0.670788
vn -0.952876 -0.008061 0.303252
vn -0.962766 -0.012875 0.270031
vn -0.687595 0.386957 0.614391
vn -0.322393 0.529122 0.784916
vn -0.644577 0.366829 0.670788
vn -0.687595 0.386957 0.614391
vn -0.396545 0.532403 0.747863
vn 0.045007 0.607862 0.792766
vn -0.322393 0.529122 0.784916
vn -0.396545 0.532403 0.747863
vn -0.059211 0.579025 0.813157
vn 0.623593 0.487473 0.611148
vn 0.045007 0.607862 0.792766
vn -0.059211 0.579025 0.813157
vn 0.547637 0.415520 0.726249
vn 0.993858 -0.036811 0.104365
vn 0.623593 0.487473 0.611148
vn 0.547637 0.415520 0.726249
vn 0.965295 -0.143103 0.218463
vn -0.968885 -0.136872 0.206224
vn -0.775419 -0.578152 -0.253900
vn -0.802326 -0.496478 -0.331336
vn -0.973717 -0.025050 0.226380
vn -0.775419 -0.578152 -0.253900
vn -0.413257 -0.783108 -0.464715
vn -0.390993 -0.720494 -0.572723
vn -0.802326 -0.496478 -0.331336
vn -0.413257 -0.783108 -0.464715
vn 0.111995 -0.847762 -0.518417
vn 0.145369 -0.773403 -0.617022
vn -0.390993 -0.720494 -0.572723
vn 0.111995 -0.847762 -0.518417
vn 0.777082 -0.573813 -0.258616
vn 0.771890 -0.502203 -0.389843
vn 0.145369 -0.773403 -0.617022
vn 0.777082 -0.573813 -0.258616
vn 0.963693 0.001640 0.267009
vn 0.980441 0.053568 0.189381
vn 0.771890 -0.502203 -0.389843
vn 0.963693 0.001640 0.267009
vn 0.687777 0.387468 0.613866
vn 0.698219 0.423824 0.576944
vn 0.980441 0.053568 0.189381
vn 0.687777 0.387468 0.613866
vn 0.400892 0.533184 0.744983
vn 0.410853 0.556655 0.722035
vn 0.698219 0.423824 0.576944
vn 0.400892 0.533184 0.744983
vn 0.068620 0.581581 0.810589
vn 0.093245 0.593506 0.799410
vn 0.410853 0.556655 0.722035
vn 0.068620 0.581581 0.810589
vn -0.542301 0.422466 0.726245
vn -0.475326 0.477280 0.739100
vn 0.093245 0.593506 0.799410
vn -0.542301 0.422466 0.726245
vn -0.968885 -0.136872 0.206224
vn -0.973717 -0.025050 0.226380
vn -0.475326 0.477280 0.739100
vn 0.803637 -0.485978 -0.343501
vn 0.977737 -0.022095 0.208667
vn 0.943777 0.160314 0.289109
vn 0.845990 -0.425169 -0.321763
vn 0.393274 -0.719406 -0.572530
vn 0.803637 -0.485978 -0.343501
vn 0.845990 -0.425169 -0.321763
vn 0.377079 -0.695001 -0.612197
vn -0.142435 -0.773303 -0.617831
vn 0.393274 -0.719406 -0.572530
vn 0.377079 -0.695001 -0.612197
vn -0.161274 -0.725798 -0.668736
vn -0.771059 -0.515142 -0.374294
vn -0.142435 -0.773303 -0.617831
vn -0.161274 -0.725798 -0.668736
vn -0.755812 -0.446619 -0.478831
vn -0.982608 0.071720 0.171283
vn -0.771059 -0.515142 -0.374294
vn -0.755812 -0.446619 -0.478831
vn -0.983632 0.165067 0.072257
vn -0.699543 0.423099 0.575871
vn -0.982608 0.071720 0.171283
vn -0.983632 0.165067 0.072257
vn -0.676631 0.550027 0.489531
vn -0.410335 0.556769 0.722242
vn -0.699543 0.423099 0.575871
vn -0.676631 0.550027 0.489531
vn -0.393213 0.646847 0.653431
vn -0.089560 0.594184 0.799328
vn -0.410335 0.556769 0.722242
vn -0.393213 0.646847 0.653431
vn -0.096480 0.671059 0.735100
vn 0.490717 0.481767 0.726015
vn -0.089560 0.594184 0.799328
vn -0.096480 0.671059 0.735100
vn 0.406208 0.578094 0.707673
vn 0.977737 -0.022095 0.208667
vn 0.490717 0.481767 0.726015
vn 0.406208 0.578094 0.707673
vn 0.943777 0.160314 0.289109
vn -0.947612 0.158742 0.277186
vn -0.851278 -0.418680 -0.316279
vn -0.891199 -0.376926 -0.252371
vn -0.897038 0.272616 0.347854
vn -0.851278 -0.418680 -0.316279
vn -0.378228 -0.693964 -0.612665
vn -0.383200 -0.708484 -0.592628
vn -0.891199 -0.376926 -0.252371
vn -0.378228 -0.693964 -0.612665
vn 0.160283 -0.726570 -0.668136
vn 0.155079 -0.724826 -0.671251
vn -0.383200 -0.708484 -0.592628
vn 0.160283 -0.726570 -0.668136
vn 0.756637 -0.441965 -0.481838
vn 0.720294 -0.431390 -0.543212
vn 0.155079 -0.724826 -0.671251
vn 0.756637 -0.441965 -0.481838
vn 0.984363 0.163568 0.065379
vn 0.969588 0.242299 -0.034495
vn 0.720294 -0.431390 -0.543212
vn 0.984363 0.163568 0.065379
vn 0.684449 0.539715 0.490141
vn 0.639719 0.648515 0.412538
vn 0.969588 0.242299 -0.034495
vn 0.684449 0.539715 0.490141
vn 0.402266 0.639390 0.655257
vn 0.352514 0.734432 0.579952
vn 0.639719 0.648515 0.412538
vn 0.402266 0.639390 0.655257
vn 0.089628 0.667224 0.739445
vn 0.067836 0.741770 0.667215
vn 0.352514 0.734432 0.579952
vn 0.089628 0.667224 0.739445
vn -0.408816 0.590016 0.696240
vn -0.362212 0.658562 0.659620
vn 0.067836 0.741770 0.667215
vn -0.408816 0.590016 0.696240
vn -0.947612 0.158742 0.277186
vn -0.897038 0.272616 0.347854
vn -0.362212 0.658562 0.659620
vn 0.891221 -0.376716 -0.252606
vn 0.901102 0.274847 0.335371
vn 0.850108 0.427837 0.307038
vn 0.929014 -0.271308 -0.251644
vn 0.383103 -0.708513 -0.592656
vn 0.891221 -0.376716 -0.252606
vn 0.929014 -0.271308 -0.251644
vn 0.396827 -0.715344 -0.575163
vn -0.154987 -0.724806 -0.671294
vn 0.383103 -0.708513 -0.592656
vn 0.396827 -0.715344 -0.575163
vn -0.144919 -0.737360 -0.659772
vn -0.720332 -0.429649 -0.544540
vn -0.154987 -0.724806 -0.671294
vn -0.144919 -0.737360 -0.659772
vn -0.684131 -0.426877 -0.591389
vn -0.969588 0.242299 -0.034495
vn -0.720332 -0.429649 -0.544540
vn -0.684131 -0.426877 -0.591389
vn -0.949364 0.290198 -0.120392
vn -0.644174 0.646355 0.408980
vn -0.969588 0.242299 -0.034495
vn -0.949364 0.290198 -0.120392
vn -0.599642 0.718611 0.352177
vn -0.357134 0.734406 0.577151
vn -0.644174 0.646355 0.408980
vn -0.599642 0.718611 0.352177
vn -0.305741 0.797193 0.520582
vn -0.072730 0.743700 0.664546
vn -0.357134 0.734406 0.577151
vn -0.305741 0.797193 0.520582
vn -0.018435 0.796616 0.604204
vn 0.362213 0.658564 0.659618
vn -0.072730 0.743700 0.664546
vn -0.018435 0.796616 0.604204
vn 0.362564 0.722838 0.588262
vn 0.901102 0.274847 0.335371
vn 0.362213 0.658564 0.659618
vn 0.362564 0.722838 0.588262
vn 0.850108 0.427837 0.307038
vn -0.631025 -0.719585 -0.289834
vn -0.854530 -0.517140 0.048420
vn -0.855608 -0.515448 0.047416
vn -0.594200 -0.728313 -0.341301
vn -0.203869 -0.803770 -0.558920
vn -0.631025 -0.719585 -0.289834
vn -0.594200 -0.728313 -0.341301
vn -0.121127 -0.772877 -0.622888
vn 0.356940 -0.687648 -0.632245
vn -0.203869 -0.803770 -0.558920
vn -0.121127 -0.772877 -0.622888
vn 0.443901 -0.595922 -0.669200
vn 0.831394 -0.361482 -0.422037
vn 0.356940 -0.687648 -0.632245
vn 0.443901 -0.595922 -0.669200
vn 0.863360 -0.263416 -0.430374
vn 0.999934 0.001636 -0.011405
vn 0.831394 -0.361482 -0.422037
vn 0.863360 -0.263416 -0.430374
vn 0.998441 0.049981 -0.024854
vn 0.881298 0.232250 0.411551
vn 0.999934 0.001636 -0.011405
vn 0.998441 0.049981 -0.024854
vn 0.888086 0.246104 0.388246
vn 0.614322 0.330603 0.716457
vn 0.594631 0.328835 0.733676
vn 0.881298 0.232250 0.411551
vn 0.888086 0.246104 0.388246
vn 0.191287 0.329352 0.924628
vn 0.594631 0.328835 0.733676
vn 0.614322 0.330603 0.716457
vn 0.243656 0.331354 0.911502
vn -0.207914 0.243982 0.947230
vn -0.270925 0.230389 0.934623
vn 0.191287 0.329352 0.924628
vn 0.243656 0.331354 0.911502
vn -0.657399 0.029223 0.752976
vn -0.270925 0.230389 0.934623
vn -0.207914 0.243982 0.947230
vn -0.612981 0.052099 0.788378
vn -0.870943 -0.249903 0.423091
vn -0.657399 0.029223 0.752976
vn -0.612981 0.052099 0.788378
vn -0.862133 -0.227491 0.452742
vn -0.854530 -0.517140 0.048420
vn -0.870943 -0.249903 0.423091
vn -0.862133 -0.227491 0.452742
vn -0.855608 -0.515448 0.047416
vn 0.842519 -0.535889 0.054640
vn 0.648377 -0.723204 -0.237870
vn 0.633178 -0.715996 -0.293999
vn 0.852624 -0.520173 0.049523
vn 0.648377 -0.723204 -0.237870
vn 0.264675 -0.839494 -0.474550
vn 0.205503 -0.799619 -0.564249
vn 0.633178 -0.715996 -0.293999
vn 0.264675 -0.839494 -0.474550
vn -0.273618 -0.784783 -0.556101
vn -0.354972 -0.684029 -0.637259
vn 0.205503 -0.799619 -0.564249
vn -0.829854 -0.358879 -0.427256
vn -0.354972 -0.684029 -0.637259
vn -0.273618 -0.784783 -0.556101
vn -0.785306 -0.495561 -0.371099
vn -0.999857 0.004224 -0.016391
vn -0.829854 -0.358879 -0.427256
vn -0.785306 -0.495561 -0.371099
vn -0.988447 -0.145910 0.041026
vn -0.880437 0.233792 0.412520
vn -0.999857 0.004224 -0.016391
vn -0.988447 -0.145910 0.041026
vn -0.883424 0.091227 0.459609
vn -0.883424 0.091227 0.459609
vn -0.600767 0.189316 0.776685
vn -0.594430 0.328831 0.733841
vn -0.880437 0.233792 0.412520
vn -0.191262 0.329447 0.924599
vn -0.594430 0.328831 0.733841
vn -0.600767 0.189316 0.776685
vn -0.166946 0.209106 0.963537
vn -0.166946 0.209106 0.963537
vn 0.286744 0.151497 0.945953
vn 0.272197 0.230616 0.934198
vn -0.191262 0.329447 0.924599
vn 0.286744 0.151497 0.945953
vn 0.700530 -0.028684 0.713046
vn 0.659626 0.029168 0.751028
vn 0.272197 0.230616 0.934198
vn 0.700530 -0.028684 0.713046
vn 0.878827 -0.288151 0.380306
vn 0.871760 -0.249233 0.421802
vn 0.659626 0.029168 0.751028
vn 0.878827 -0.288151 0.380306
vn 0.842519 -0.535889 0.054640
vn 0.852624 -0.520173 0.049523
vn 0.871760 -0.249233 0.421802
vn -0.554115 0.047688 0.831073
vn -0.145800 0.230790 0.962018
vn 0.032336 0.184646 0.982273
vn -0.403059 -0.019087 0.914975
vn -0.833763 -0.221336 0.505816
vn -0.554115 0.047688 0.831073
vn -0.403059 -0.019087 0.914975
vn -0.762024 -0.284089 0.581905
vn -0.849639 -0.523780 0.061387
vn -0.833763 -0.221336 0.505816
vn -0.762024 -0.284089 0.581905
vn -0.809624 -0.582847 0.069267
vn -0.564990 -0.744072 -0.356573
vn -0.849639 -0.523780 0.061387
vn -0.809624 -0.582847 0.069267
vn -0.522033 -0.766470 -0.374173
vn -0.055394 -0.759741 -0.647862
vn -0.564990 -0.744072 -0.356573
vn -0.522033 -0.766470 -0.374173
vn 0.046570 -0.756582 -0.652239
vn 0.046570 -0.756582 -0.652239
vn 0.583329 -0.527265 -0.617834
vn 0.507902 -0.546696 -0.665701
vn -0.055394 -0.759741 -0.647862
vn 0.583329 -0.527265 -0.617834
vn 0.905490 -0.186217 -0.381329
vn 0.878033 -0.235914 -0.416416
vn 0.507902 -0.546696 -0.665701
vn 0.996397 0.078322 -0.032524
vn 0.878033 -0.235914 -0.416416
vn 0.905490 -0.186217 -0.381329
vn 0.957188 0.266736 -0.112440
vn 0.770737 0.561428 0.301270
vn 0.876744 0.296772 0.378479
vn 0.996397 0.078322 -0.032524
vn 0.957188 0.266736 -0.112440
vn 0.584722 0.496194 0.641788
vn 0.610515 0.352609 0.709182
vn 0.876744 0.296772 0.378479
vn 0.770737 0.561428 0.301270
vn 0.273701 0.324159 0.905544
vn 0.610515 0.352609 0.709182
vn 0.584722 0.496194 0.641788
vn 0.363053 0.342657 0.866475
vn -0.145800 0.230790 0.962018
vn 0.273701 0.324159 0.905544
vn 0.363053 0.342657 0.866475
vn 0.032336 0.184646 0.982273
vn 0.207914 0.243982 0.947230
vn 0.612980 0.052100 0.788378
vn 0.553355 0.054559 0.831156
vn 0.146481 0.231909 0.961645
vn 0.612980 0.052100 0.788378
vn 0.862132 -0.227491 0.452742
vn 0.834741 -0.214504 0.507145
vn 0.553355 0.054559 0.831156
vn 0.862132 -0.227491 0.452742
vn 0.855608 -0.515448 0.047416
vn 0.846838 -0.527982 0.064035
vn 0.834741 -0.214504 0.507145
vn 0.855608 -0.515448 0.047416
vn 0.594200 -0.728313 -0.341301
vn 0.565640 -0.741038 -0.361820
vn 0.846838 -0.527982 0.064035
vn 0.594200 -0.728313 -0.341301
vn 0.121127 -0.772877 -0.622888
vn 0.057759 -0.754567 -0.653676
vn 0.565640 -0.741038 -0.361820
vn -0.507701 -0.546604 -0.665931
vn 0.057759 -0.754567 -0.653676
vn 0.121127 -0.772877 -0.622888
vn -0.443901 -0.595922 -0.669200
vn -0.876601 -0.239033 -0.417652
vn -0.507701 -0.546604 -0.665931
vn -0.443901 -0.595922 -0.669200
vn -0.863360 -0.263416 -0.430375
vn -0.996200 0.076805 -0.041065
vn -0.876601 -0.239033 -0.417652
vn -0.863360 -0.263416 -0.430375
vn -0.998441 0.049981 -0.024854
vn -0.888086 0.246104 0.388246
vn -0.879579 0.302004 0.367605
vn -0.996200 0.076805 -0.041065
vn -0.998441 0.049981 -0.024854
vn -0.614322 0.330603 0.716457
vn -0.611967 0.357530 0.705456
vn -0.879579 0.302004 0.367605
vn -0.888086 0.246104 0.388246
vn -0.273726 0.324196 0.905522
vn -0.611967 0.357530 0.705456
vn -0.614322 0.330603 0.716457
vn -0.243656 0.331354 0.911502
vn 0.146481 0.231909 0.961645
vn -0.273726 0.324196 0.905522
vn -0.243656 0.331354 0.911502
vn 0.207914 0.243982 0.947230
vn 0.940088 -0.340339 0.020092
vn 0.974200 0.208794 0.085666
vn 0.974793 0.219675 -0.038999
vn 0.919443 -0.380420 -0.099523
vn 0.593271 -0.804791 -0.018469
vn 0.940088 -0.340339 0.020092
vn 0.919443 -0.380420 -0.099523
vn 0.528761 -0.841916 -0.107652
vn 0.184899 -0.982704 -0.010239
vn 0.593271 -0.804791 -0.018469
vn 0.528761 -0.841916 -0.107652
vn 0.035963 -0.995474 -0.087964
vn 0.039961 -0.999138 -0.011220
vn 0.184899 -0.982704 -0.010239
vn 0.035963 -0.995474 -0.087964
vn 0.048870 -0.998257 0.033086
vn 0.000000 -0.999458 0.032927
vn 0.000000 -0.999877 -0.015702
vn 0.039961 -0.999138 -0.011220
vn 0.048870 -0.998257 0.033086
vn -0.039961 -0.999138 -0.011220
vn 0.000000 -0.999877 -0.015702
vn 0.000000 -0.999458 0.032927
vn -0.048870 -0.998257 0.033086
vn -0.035963 -0.995474 -0.087964
vn -0.184921 -0.982701 -0.010142
vn -0.039961 -0.999138 -0.011220
vn -0.048870 -0.998257 0.033086
vn -0.593947 -0.804329 -0.016797
vn -0.184921 -0.982701 -0.010142
vn -0.035963 -0.995474 -0.087964
vn -0.528761 -0.841916 -0.107652
vn -0.940510 -0.339321 0.017393
vn -0.593947 -0.804329 -0.016797
vn -0.528761 -0.841916 -0.107652
vn -0.919443 -0.380420 -0.099523
vn -0.973755 0.212094 0.082567
vn -0.940510 -0.339321 0.017393
vn -0.919443 -0.380420 -0.099523
vn -0.983375 0.176288 -0.043545
vn -0.757401 0.647022 0.087784
vn -0.973755 0.212094 0.082567
vn -0.983375 0.176288 -0.043545
vn -0.720018 0.678323 0.146462
vn -0.409387 0.884523 0.223655
vn -0.436486 0.896557 0.075270
vn -0.757401 0.647022 0.087784
vn -0.720018 0.678323 0.146462
vn -0.002836 0.996518 0.083332
vn -0.436486 0.896557 0.075270
vn -0.409387 0.884523 0.223655
vn 0.000000 0.972459 0.233072
vn 0.409387 0.884523 0.223655
vn 0.440003 0.894399 0.080296
vn -0.002836 0.996518 0.083332
vn 0.000000 0.972459 0.233072
vn 0.760313 0.644249 0.082876
vn 0.440003 0.894399 0.080296
vn 0.409387 0.884523 0.223655
vn 0.720018 0.678323 0.146462
vn 0.974200 0.208794 0.085666
vn 0.760313 0.644249 0.082876
vn 0.720018 0.678323 0.146462
vn 0.974793 0.219675 -0.038999
vn 0.820628 0.272684 0.502209
vn 0.807813 0.230974 0.542301
vn 0.710763 0.487808 0.506813
vn 0.852220 0.287363 0.437201
vn -0.606138 0.426415 0.671392
vn -0.797715 0.047028 0.601198
vn -0.906579 0.144938 0.396368
vn -0.831773 0.349595 0.431204
vn -0.797715 0.047028 0.601198
vn -0.874549 -0.200284 0.441644
vn -0.873339 0.108064 0.474975
vn -0.906579 0.144938 0.396368
vn 0.805539 0.244499 0.539748
vn 0.820628 0.272684 0.502209
vn 0.852220 0.287363 0.437201
vn 0.945229 0.026134 0.325360
vn 0.811152 0.049879 0.582704
vn 0.618970 0.422898 0.661841
vn 0.831773 0.349595 0.431204
vn 0.906579 0.144938 0.396368
vn 0.887118 -0.195028 0.418313
vn 0.811152 0.049879 0.582704
vn 0.906579 0.144938 0.396368
vn 0.873339 0.108064 0.474975
vn -0.710763 0.487808 0.506813
vn -0.868257 0.316504 0.382040
vn -0.797715 0.047028 0.601198
vn -0.606138 0.426415 0.671392
vn -0.868257 0.316504 0.382040
vn -0.945692 0.025721 0.324045
vn -0.874549 -0.200284 0.441644
vn -0.797715 0.047028 0.601198
vn 0.852220 0.287363 0.437201
vn 0.710763 0.487808 0.506813
vn 0.618970 0.422898 0.661841
vn 0.811152 0.049879 0.582704
vn 0.945229 0.026134 0.325360
vn 0.852220 0.287363 0.437201
vn 0.811152 0.049879 0.582704
vn 0.887118 -0.195028 0.418313
vn -0.807813 0.230974 0.542301
vn -0.817978 0.271800 0.506988
vn -0.868257 0.316504 0.382040
vn -0.710763 0.487808 0.506813
vn -0.817978 0.271800 0.506988
vn -0.805539 0.244499 0.539748
vn -0.945692 0.025721 0.324045
vn -0.868257 0.316504 0.382040
vn 0.710763 0.487808 0.506813
vn 0.747878 0.189929 0.636085
vn 0.730883 0.314397 0.605776
vn 0.618970 0.422898 0.661841
vn -0.748708 0.190539 0.634926
vn -0.710763 0.487808 0.506813
vn -0.606138 0.426415 0.671392
vn -0.730883 0.314397 0.605776
vn 0.792527 0.134173 0.594893
vn 0.945229 0.026134 0.325360
vn 0.887118 -0.195028 0.418313
vn 0.760787 0.140615 0.633585
vn -0.945692 0.025721 0.324045
vn -0.800613 0.134769 0.583829
vn -0.760802 0.140619 0.633567
vn -0.874549 -0.200284 0.441644
vn 0.730883 0.314397 0.605776
vn 0.725956 0.456485 0.514403
vn 0.831773 0.349595 0.431204
vn 0.618970 0.422898 0.661841
vn -0.732522 0.455171 0.506192
vn -0.730883 0.314397 0.605776
vn -0.606138 0.426415 0.671392
vn -0.831773 0.349595 0.431204
vn 0.710763 0.487808 0.506813
vn 0.807813 0.230974 0.542301
vn 0.805774 0.177460 0.565010
vn 0.747878 0.189929 0.636085
vn -0.807813 0.230974 0.542301
vn -0.710763 0.487808 0.506813
vn -0.748708 0.190539 0.634926
vn -0.805246 0.177473 0.565758
vn 0.792527 0.134173 0.594893
vn 0.848749 0.174789 0.499072
vn 0.805539 0.244499 0.539748
vn 0.945229 0.026134 0.325360
vn -0.845889 0.176535 0.503297
vn -0.800613 0.134769 0.583829
vn -0.945692 0.025721 0.324045
vn -0.805539 0.244499 0.539748
vn 0.802472 0.130642 0.582212
vn 0.760787 0.140615 0.633585
vn 0.887118 -0.195028 0.418313
vn 0.873339 0.108064 0.474975
vn -0.760802 0.140619 0.633567
vn -0.802472 0.130642 0.582213
vn -0.873339 0.108064 0.474975
vn -0.874549 -0.200284 0.441644
vn -0.864636 -0.355249 0.355249
vn -0.924435 -0.000000 0.381339
vn -1.000000 -0.000000 0.000000
vn -0.924435 -0.381339 -0.000000
vn -0.924435 -0.000000 0.381339
vn -0.864637 0.355249 0.355249
vn -0.924436 0.381338 -0.000000
vn -1.000000 -0.000000 0.000000
vn -0.924435 -0.381339 -0.000000
vn -1.000000 -0.000000 0.000000
vn -0.924436 0.000000 -0.381338
vn -0.864637 -0.355249 -0.355249
vn -1.000000 -0.000000 0.000000
vn -0.924436 0.381338 -0.000000
vn -0.864637 0.355249 -0.355249
vn -0.924436 0.000000 -0.381338
vn -0.577350 -0.577350 0.577350
vn -0.668357 -0.326492 0.668357
vn -0.864636 -0.355249 0.355249
vn -0.668357 -0.668357 0.326493
vn -0.668357 -0.326492 0.668357
vn -0.707107 -0.000000 0.707107
vn -0.924435 -0.000000 0.381339
vn -0.864636 -0.355249 0.355249
vn -0.707107 -0.000000 0.707107
vn -0.668357 0.326493 0.668357
vn -0.864637 0.355249 0.355249
vn -0.924435 -0.000000 0.381339
vn -0.668357 0.326493 0.668357
vn -0.577350 0.577350 0.577350
vn -0.668357 0.668357 0.326493
vn -0.864637 0.355249 0.355249
vn -0.864637 0.355249 0.355249
vn -0.668357 0.668357 0.326493
vn -0.707107 0.707107 0.000000
vn -0.924436 0.381338 -0.000000
vn -0.924436 0.381338 -0.000000
vn -0.707107 0.707107 0.000000
vn -0.668357 0.668357 -0.326493
vn -0.864637 0.355249 -0.355249
vn -0.864637 0.355249 -0.355249
vn -0.668357 0.668357 -0.326493
vn -0.577350 0.577350 -0.577350
vn -0.668357 0.326493 -0.668357
vn -0.924436 0.000000 -0.381338
vn -0.864637 0.355249 -0.355249
vn -0.668357 0.326493 -0.668357
vn -0.707107 -0.000000 -0.707107
vn -0.864637 -0.355249 -0.355249
vn -0.924436 0.000000 -0.381338
vn -0.707107 -0.000000 -0.707107
vn -0.668357 -0.326493 -0.668357
vn -0.668357 -0.668357 -0.326493
vn -0.864637 -0.355249 -0.355249
vn -0.668357 -0.326493 -0.668357
vn -0.577350 -0.577350 -0.577350
vn -0.707107 -0.707107 -0.000000
vn -0.924435 -0.381339 -0.000000
vn -0.864637 -0.355249 -0.355249
vn -0.668357 -0.668357 -0.326493
vn -0.668357 -0.668357 0.326493
vn -0.864636 -0.355249 0.355249
vn -0.924435 -0.381339 -0.000000
vn -0.707107 -0.707107 -0.000000
vn -0.355249 -0.355249 -0.864636
vn -0.381338 -0.000000 -0.924436
vn 0.000000 0.000000 -1.000000
vn 0.000000 -0.381339 -0.924435
vn -0.381338 -0.000000 -0.924436
vn -0.355249 0.355249 -0.864637
vn -0.000000 0.381338 -0.924436
vn 0.000000 0.000000 -1.000000
vn 0.000000 -0.381339 -0.924435
vn 0.000000 0.000000 -1.000000
vn 0.381338 0.000000 -0.924435
vn 0.355249 -0.355249 -0.864636
vn 0.000000 0.000000 -1.000000
vn -0.000000 0.381338 -0.924436
vn 0.355249 0.355249 -0.864637
vn 0.381338 0.000000 -0.924435
vn -0.577350 -0.577350 -0.577350
vn -0.668357 -0.326493 -0.668357
vn -0.355249 -0.355249 -0.864636
vn -0.326493 -0.668357 -0.668357
vn -0.668357 -0.326493 -0.668357
vn -0.707107 -0.000000 -0.707107
vn -0.381338 -0.000000 -0.924436
vn -0.355249 -0.355249 -0.864636
vn -0.707107 -0.000000 -0.707107
vn -0.668357 0.326493 -0.668357
vn -0.355249 0.355249 -0.864637
vn -0.381338 -0.000000 -0.924436
vn -0.668357 0.326493 -0.668357
vn -0.577350 0.577350 -0.577350
vn -0.326493 0.668357 -0.668357
vn -0.355249 0.355249 -0.864637
vn -0.355249 0.355249 -0.864637
vn -0.326493 0.668357 -0.668357
vn -0.000000 0.707107 -0.707107
vn -0.000000 0.381338 -0.924436
vn -0.000000 0.381338 -0.924436
vn -0.000000 0.707107 -0.707107
vn 0.326493 0.668357 -0.668357
vn 0.355249 0.355249 -0.864637
vn 0.355249 0.355249 -0.864637
vn 0.326493 0.668357 -0.668357
vn 0.577350 0.577350 -0.577350
vn 0.668357 0.326493 -0.668357
vn 0.381338 0.000000 -0.924435
vn 0.355249 0.355249 -0.864637
vn 0.668357 0.326493 -0.668357
vn 0.707107 0.000000 -0.707107
vn 0.355249 -0.355249 -0.864636
vn 0.381338 0.000000 -0.924435
vn 0.707107 0.000000 -0.707107
vn 0.668357 -0.326493 -0.668357
vn 0.326493 -0.668357 -0.668357
vn 0.355249 -0.355249 -0.864636
vn 0.668357 -0.326493 -0.668357
vn 0.577350 -0.577350 -0.577350
vn 0.000000 -0.707107 -0.707107
vn 0.000000 -0.381339 -0.924435
vn 0.355249 -0.355249 -0.864636
vn 0.326493 -0.668357 -0.668357
vn -0.326493 -0.668357 -0.668357
vn -0.355249 -0.355249 -0.864636
vn 0.000000 -0.381339 -0.924435
vn 0.000000 -0.707107 -0.707107
vn 0.864637 -0.355249 -0.355249
vn 0.924435 0.000000 -0.381338
vn 1.000000 -0.000000 0.000000
vn 0.924436 -0.381338 0.000000
vn 0.924435 0.000000 -0.381338
vn 0.864637 0.355249 -0.355249
vn 0.924436 0.381338 0.000000
vn 1.000000 -0.000000 0.000000
vn 0.924436 -0.381338 0.000000
vn 1.000000 -0.000000 0.000000
vn 0.924435 -0.000000 0.381339
vn 0.864637 -0.355249 0.355249
vn 1.000000 -0.000000 0.000000
vn 0.924436 0.381338 0.000000
vn 0.864637 0.355249 0.355249
vn 0.924435 -0.000000 0.381339
vn 0.577350 -0.577350 -0.577350
vn 0.668357 -0.326493 -0.668357
vn 0.864637 -0.355249 -0.355249
vn 0.668357 -0.668357 -0.326493
vn 0.668357 -0.326493 -0.668357
vn 0.707107 0.000000 -0.707107
vn 0.924435 0.000000 -0.381338
vn 0.864637 -0.355249 -0.355249
vn 0.707107 0.000000 -0.707107
vn 0.668357 0.326493 -0.668357
vn 0.864637 0.355249 -0.355249
vn 0.924435 0.000000 -0.381338
vn 0.668357 0.326493 -0.668357
vn 0.577350 0.577350 -0.577350
vn 0.668357 0.668357 -0.326492
vn 0.864637 0.355249 -0.355249
vn 0.864637 0.355249 -0.355249
vn 0.668357 0.668357 -0.326492
vn 0.707107 0.707107 0.000000
vn 0.924436 0.381338 0.000000
vn 0.924436 0.381338 0.000000
vn 0.707107 0.707107 0.000000
vn 0.668357 0.668357 0.326493
vn 0.864637 0.355249 0.355249
vn 0.864637 0.355249 0.355249
vn 0.668357 0.668357 0.326493
vn 0.577350 0.577350 0.577350
vn 0.668357 0.326493 0.668357
vn 0.924435 -0.000000 0.381339
vn 0.864637 0.355249 0.355249
vn 0.668357 0.326493 0.668357
vn 0.707107 -0.000000 0.707107
vn 0.864637 -0.355249 0.355249
vn 0.924435 -0.000000 0.381339
vn 0.707107 -0.000000 0.707107
vn 0.668357 -0.326493 0.668357
vn 0.668357 -0.668357 0.326493
vn 0.864637 -0.355249 0.355249
vn 0.668357 -0.326493 0.668357
vn 0.577350 -0.577350 0.577350
vn 0.707107 -0.707107 0.000000
vn 0.924436 -0.381338 0.000000
vn 0.864637 -0.355249 0.355249
vn 0.668357 -0.668357 0.326493
vn 0.668357 -0.668357 -0.326493
vn 0.864637 -0.355249 -0.355249
vn 0.924436 -0.381338 0.000000
vn 0.707107 -0.707107 0.000000
vn 0.355249 -0.355249 0.864636
vn 0.381339 -0.000000 0.924435
vn 0.000000 -0.000000 1.000000
vn 0.000000 -0.381339 0.924435
vn 0.381339 -0.000000 0.924435
vn 0.355249 0.355249 0.864637
vn 0.000000 0.381338 0.924436
vn 0.000000 -0.000000 1.000000
vn 0.000000 -0.381339 0.924435
vn 0.000000 -0.000000 1.000000
vn -0.381339 -0.000000 0.924435
vn -0.355249 -0.355249 0.864636
vn 0.000000 -0.000000 1.000000
vn 0.000000 0.381338 0.924436
vn -0.355249 0.355249 0.864637
vn -0.381339 -0.000000 0.924435
vn 0.577350 -0.577350 0.577350
vn 0.668357 -0.326493 0.668357
vn 0.355249 -0.355249 0.864636
vn 0.326493 -0.668357 0.668357
vn 0.668357 -0.326493 0.668357
vn 0.707107 -0.000000 0.707107
vn 0.381339 -0.000000 0.924435
vn 0.355249 -0.355249 0.864636
vn 0.707107 -0.000000 0.707107
vn 0.668357 0.326493 0.668357
vn 0.355249 0.355249 0.864637
vn 0.381339 -0.000000 0.924435
vn 0.668357 0.326493 0.668357
vn 0.577350 0.577350 0.577350
vn 0.326493 0.668357 0.668357
vn 0.355249 0.355249 0.864637
vn 0.355249 0.355249 0.864637
vn 0.326493 0.668357 0.668357
vn -0.000000 0.707107 0.707107
vn 0.000000 0.381338 0.924436
vn 0.000000 0.381338 0.924436
vn -0.000000 0.707107 0.707107
vn -0.326493 0.668357 0.668357
vn -0.355249 0.355249 0.864637
vn -0.355249 0.355249 0.864637
vn -0.326493 0.668357 0.668357
vn -0.577350 0.577350 0.577350
vn -0.668357 0.326493 0.668357
vn -0.381339 -0.000000 0.924435
vn -0.355249 0.355249 0.864637
vn -0.668357 0.326493 0.668357
vn -0.707107 -0.000000 0.707107
vn -0.355249 -0.355249 0.864636
vn -0.381339 -0.000000 0.924435
vn -0.707107 -0.000000 0.707107
vn -0.668357 -0.326492 0.668357
vn -0.326493 -0.668357 0.668357
vn -0.355249 -0.355249 0.864636
vn -0.668357 -0.326492 0.668357
vn -0.577350 -0.577350 0.577350
vn -0.000000 -0.707107 0.707107
vn 0.000000 -0.381339 0.924435
vn -0.355249 -0.355249 0.864636
vn -0.326493 -0.668357 0.668357
vn 0.326493 -0.668357 0.668357
vn 0.355249 -0.355249 0.864636
vn 0.000000 -0.381339 0.924435
vn -0.000000 -0.707107 0.707107
vn -0.355249 -0.864637 -0.355249
vn 0.000000 -0.924436 -0.381338
vn 0.000000 -1.000000 0.000000
vn -0.381338 -0.924436 0.000000
vn 0.000000 -0.924436 -0.381338
vn 0.355249 -0.864637 -0.355249
vn 0.381338 -0.924436 0.000000
vn 0.000000 -1.000000 0.000000
vn -0.381338 -0.924436 0.000000
vn 0.000000 -1.000000 0.000000
vn -0.000000 -0.924436 0.381338
vn -0.355249 -0.864637 0.355249
vn 0.000000 -1.000000 0.000000
vn 0.381338 -0.924436 0.000000
vn 0.355249 -0.864637 0.355249
vn -0.000000 -0.924436 0.381338
vn -0.577350 -0.577350 -0.577350
vn -0.326493 -0.668357 -0.668357
vn -0.355249 -0.864637 -0.355249
vn -0.668357 -0.668357 -0.326493
vn -0.326493 -0.668357 -0.668357
vn 0.000000 -0.707107 -0.707107
vn 0.000000 -0.924436 -0.381338
vn -0.355249 -0.864637 -0.355249
vn 0.000000 -0.707107 -0.707107
vn 0.326493 -0.668357 -0.668357
vn 0.355249 -0.864637 -0.355249
vn 0.000000 -0.924436 -0.381338
vn 0.326493 -0.668357 -0.668357
vn 0.577350 -0.577350 -0.577350
vn 0.668357 -0.668357 -0.326493
vn 0.355249 -0.864637 -0.355249
vn 0.355249 -0.864637 -0.355249
vn 0.668357 -0.668357 -0.326493
vn 0.707107 -0.707107 0.000000
vn 0.381338 -0.924436 0.000000
vn 0.381338 -0.924436 0.000000
vn 0.707107 -0.707107 0.000000
vn 0.668357 -0.668357 0.326493
vn 0.355249 -0.864637 0.355249
vn 0.355249 -0.864637 0.355249
vn 0.668357 -0.668357 0.326493
vn 0.577350 -0.577350 0.577350
vn 0.326493 -0.668357 0.668357
vn -0.000000 -0.924436 0.381338
vn 0.355249 -0.864637 0.355249
vn 0.326493 -0.668357 0.668357
vn -0.000000 -0.707107 0.707107
vn -0.355249 -0.864637 0.355249
vn -0.000000 -0.924436 0.381338
vn -0.000000 -0.707107 0.707107
vn -0.326493 -0.668357 0.668357
vn -0.668357 -0.668357 0.326493
vn -0.355249 -0.864637 0.355249
vn -0.326493 -0.668357 0.668357
vn -0.577350 -0.577350 0.577350
vn -0.707107 -0.707107 -0.000000
vn -0.381338 -0.924436 0.000000
vn -0.355249 -0.864637 0.355249
vn -0.668357 -0.668357 0.326493
vn -0.668357 -0.668357 -0.326493
vn -0.355249 -0.864637 -0.355249
vn -0.381338 -0.924436 0.000000
vn -0.707107 -0.707107 -0.000000
vn 0.355249 0.864637 -0.355249
vn -0.000000 0.924436 -0.381338
vn 0.000000 1.000000 0.000000
vn 0.381339 0.924435 0.000000
vn -0.000000 0.924436 -0.381338
vn -0.355249 0.864637 -0.355249
vn -0.381339 0.924435 0.000000
vn 0.000000 1.000000 0.000000
vn 0.381339 0.924435 0.000000
vn 0.000000 1.000000 0.000000
vn 0.000000 0.924436 0.381338
vn 0.355249 0.864637 0.355249
vn 0.000000 1.000000 0.000000
vn -0.381339 0.924435 0.000000
vn -0.355249 0.864637 0.355249
vn 0.000000 0.924436 0.381338
vn 0.577350 0.577350 -0.577350
vn 0.326493 0.668357 -0.668357
vn 0.355249 0.864637 -0.355249
vn 0.668357 0.668357 -0.326492
vn 0.326493 0.668357 -0.668357
vn -0.000000 0.707107 -0.707107
vn -0.000000 0.924436 -0.381338
vn 0.355249 0.864637 -0.355249
vn -0.000000 0.707107 -0.707107
vn -0.326493 0.668357 -0.668357
vn -0.355249 0.864637 -0.355249
vn -0.000000 0.924436 -0.381338
vn -0.326493 0.668357 -0.668357
vn -0.577350 0.577350 -0.577350
vn -0.668357 0.668357 -0.326493
vn -0.355249 0.864637 -0.355249
vn -0.355249 0.864637 -0.355249
vn -0.668357 0.668357 -0.326493
vn -0.707107 0.707107 0.000000
vn -0.381339 0.924435 0.000000
vn -0.381339 0.924435 0.000000
vn -0.707107 0.707107 0.000000
vn -0.668357 0.668357 0.326493
vn -0.355249 0.864637 0.355249
vn -0.355249 0.864637 0.355249
vn -0.668357 0.668357 0.326493
vn -0.577350 0.577350 0.577350
vn -0.326493 0.668357 0.668357
vn 0.000000 0.924436 0.381338
vn -0.355249 0.864637 0.355249
vn -0.326493 0.668357 0.668357
vn -0.000000 0.707107 0.707107
vn 0.355249 0.864637 0.355249
vn 0.000000 0.924436 0.381338
vn -0.000000 0.707107 0.707107
vn 0.326493 0.668357 0.668357
vn 0.668357 0.668357 0.326493
vn 0.355249 0.864637 0.355249
vn 0.326493 0.668357 0.668357
vn 0.577350 0.577350 0.577350
vn 0.707107 0.707107 0.000000
vn 0.381339 0.924435 0.000000
vn 0.355249 0.864637 0.355249
vn 0.668357 0.668357 0.326493
vn 0.668357 0.668357 -0.326492
vn 0.355249 0.864637 -0.355249
vn 0.381339 0.924435 0.000000
vn 0.707107 0.707107 0.000000
vn 0.864636 -0.355249 0.355249
vn 0.924435 -0.381339 -0.000000
vn 1.000000 0.000000 0.000000
vn 0.924435 -0.000000 0.381338
vn 0.924435 -0.000000 0.381338
vn 1.000000 0.000000 0.000000
vn 0.924435 0.381338 0.000000
vn 0.864637 0.355249 0.355249
vn 0.924435 -0.381339 -0.000000
vn 0.864636 -0.355249 -0.355249
vn 0.924436 0.000000 -0.381338
vn 1.000000 0.000000 0.000000
vn 1.000000 0.000000 0.000000
vn 0.924436 0.000000 -0.381338
vn 0.864636 0.355249 -0.355249
vn 0.924435 0.381338 0.000000
vn 0.577350 -0.577350 0.577350
vn 0.668357 -0.668357 0.326493
vn 0.864636 -0.355249 0.355249
vn 0.668357 -0.326492 0.668357
vn 0.668357 -0.326492 0.668357
vn 0.864636 -0.355249 0.355249
vn 0.924435 -0.000000 0.381338
vn 0.707107 -0.000000 0.707107
vn 0.707107 -0.000000 0.707107
vn 0.924435 -0.000000 0.381338
vn 0.864637 0.355249 0.355249
vn 0.668357 0.326493 0.668357
vn 0.668357 0.326493 0.668357
vn 0.864637 0.355249 0.355249
vn 0.668357 0.668357 0.326493
vn 0.577350 0.577350 0.577350
vn 0.864637 0.355249 0.355249
vn 0.924435 0.381338 0.000000
vn 0.707107 0.707107 0.000000
vn 0.668357 0.668357 0.326493
vn 0.924435 0.381338 0.000000
vn 0.864636 0.355249 -0.355249
vn 0.668357 0.668357 -0.326493
vn 0.707107 0.707107 0.000000
vn 0.864636 0.355249 -0.355249
vn 0.668357 0.326493 -0.668357
vn 0.577350 0.577350 -0.577350
vn 0.668357 0.668357 -0.326493
vn 0.924436 0.000000 -0.381338
vn 0.707107 -0.000000 -0.707107
vn 0.668357 0.326493 -0.668357
vn 0.864636 0.355249 -0.355249
vn 0.864636 -0.355249 -0.355249
vn 0.668357 -0.326493 -0.668357
vn 0.707107 -0.000000 -0.707107
vn 0.924436 0.000000 -0.381338
vn 0.668357 -0.668357 -0.326493
vn 0.577350 -0.577350 -0.577350
vn 0.668357 -0.326493 -0.668357
vn 0.864636 -0.355249 -0.355249
vn 0.707107 -0.707107 -0.000000
vn 0.668357 -0.668357 -0.326493
vn 0.864636 -0.355249 -0.355249
vn 0.924435 -0.381339 -0.000000
vn 0.668357 -0.668357 0.326493
vn 0.707107 -0.707107 -0.000000
vn 0.924435 -0.381339 -0.000000
vn 0.864636 -0.355249 0.355249
vn 0.355249 -0.355249 -0.864636
vn -0.000000 -0.381339 -0.924435
vn -0.000000 0.000000 -1.000000
vn 0.381338 -0.000000 -0.924435
vn 0.381338 -0.000000 -0.924435
vn -0.000000 0.000000 -1.000000
vn 0.000000 0.381338 -0.924436
vn 0.355249 0.355249 -0.864637
vn -0.000000 -0.381339 -0.924435
vn -0.355249 -0.355249 -0.864636
vn -0.381339 0.000000 -0.924435
vn -0.000000 0.000000 -1.000000
vn -0.000000 0.000000 -1.000000
vn -0.381339 0.000000 -0.924435
vn -0.355249 0.355249 -0.864636
vn 0.000000 0.381338 -0.924436
vn 0.577350 -0.577350 -0.577350
vn 0.326493 -0.668357 -0.668357
vn 0.355249 -0.355249 -0.864636
vn 0.668357 -0.326493 -0.668357
vn 0.668357 -0.326493 -0.668357
vn 0.355249 -0.355249 -0.864636
vn 0.381338 -0.000000 -0.924435
vn 0.707107 -0.000000 -0.707107
vn 0.707107 -0.000000 -0.707107
vn 0.381338 -0.000000 -0.924435
vn 0.355249 0.355249 -0.864637
vn 0.668357 0.326493 -0.668357
vn 0.668357 0.326493 -0.668357
vn 0.355249 0.355249 -0.864637
vn 0.326493 0.668357 -0.668357
vn 0.577350 0.577350 -0.577350
vn 0.355249 0.355249 -0.864637
vn 0.000000 0.381338 -0.924436
vn 0.000000 0.707107 -0.707107
vn 0.326493 0.668357 -0.668357
vn 0.000000 0.381338 -0.924436
vn -0.355249 0.355249 -0.864636
vn -0.326493 0.668357 -0.668357
vn 0.000000 0.707107 -0.707107
vn -0.355249 0.355249 -0.864636
vn -0.668357 0.326493 -0.668357
vn -0.577350 0.577350 -0.577350
vn -0.326493 0.668357 -0.668357
vn -0.381339 0.000000 -0.924435
vn -0.707107 0.000000 -0.707107
vn -0.668357 0.326493 -0.668357
vn -0.355249 0.355249 -0.864636
vn -0.355249 -0.355249 -0.864636
vn -0.668357 -0.326493 -0.668357
vn -0.707107 0.000000 -0.707107
vn -0.381339 0.000000 -0.924435
vn -0.326493 -0.668357 -0.668357
vn -0.577350 -0.577350 -0.577350
vn -0.668357 -0.326493 -0.668357
vn -0.355249 -0.355249 -0.864636
vn -0.000000 -0.707107 -0.707107
vn -0.326493 -0.668357 -0.668357
vn -0.355249 -0.355249 -0.864636
vn -0.000000 -0.381339 -0.924435
vn 0.326493 -0.668357 -0.668357
vn -0.000000 -0.707107 -0.707107
vn -0.000000 -0.381339 -0.924435
vn 0.355249 -0.355249 -0.864636
vn -0.864637 -0.355249 -0.355249
vn -0.924436 -0.381338 0.000000
vn -1.000000 -0.000000 0.000000
vn -0.924436 0.000000 -0.381338
vn -0.924436 0.000000 -0.381338
vn -1.000000 -0.000000 0.000000
vn -0.924436 0.381338 0.000000
vn -0.864637 0.355249 -0.355249
vn -0.924436 -0.381338 0.000000
vn -0.864636 -0.355249 0.355249
vn -0.924435 -0.000000 0.381339
vn -1.000000 -0.000000 0.000000
vn -1.000000 -0.000000 0.000000
vn -0.924435 -0.000000 0.381339
vn -0.864637 0.355249 0.355249
vn -0.924436 0.381338 0.000000
vn -0.577350 -0.577350 -0.577350
vn -0.668357 -0.668357 -0.326493
vn -0.864637 -0.355249 -0.355249
vn -0.668357 -0.326493 -0.668357
vn -0.668357 -0.326493 -0.668357
vn -0.864637 -0.355249 -0.355249
vn -0.924436 0.000000 -0.381338
vn -0.707107 0.000000 -0.707107
vn -0.707107 0.000000 -0.707107
vn -0.924436 0.000000 -0.381338
vn -0.864637 0.355249 -0.355249
vn -0.668357 0.326493 -0.668357
vn -0.668357 0.326493 -0.668357
vn -0.864637 0.355249 -0.355249
vn -0.668357 0.668357 -0.326492
vn -0.577350 0.577350 -0.577350
vn -0.864637 0.355249 -0.355249
vn -0.924436 0.381338 0.000000
vn -0.707107 0.707107 0.000000
vn -0.668357 0.668357 -0.326492
vn -0.924436 0.381338 0.000000
vn -0.864637 0.355249 0.355249
vn -0.668357 0.668357 0.326493
vn -0.707107 0.707107 0.000000
vn -0.864637 0.355249 0.355249
vn -0.668357 0.326493 0.668357
vn -0.577350 0.577351 0.577350
vn -0.668357 0.668357 0.326493
vn -0.924435 -0.000000 0.381339
vn -0.707107 -0.000000 0.707107
vn -0.668357 0.326493 0.668357
vn -0.864637 0.355249 0.355249
vn -0.864636 -0.355249 0.355249
vn -0.668357 -0.326493 0.668357
vn -0.707107 -0.000000 0.707107
vn -0.924435 -0.000000 0.381339
vn -0.668357 -0.668357 0.326493
vn -0.577350 -0.577350 0.577350
vn -0.668357 -0.326493 0.668357
vn -0.864636 -0.355249 0.355249
vn -0.707107 -0.707107 0.000000
vn -0.668357 -0.668357 0.326493
vn -0.864636 -0.355249 0.355249
vn -0.924436 -0.381338 0.000000
vn -0.668357 -0.668357 -0.326493
vn -0.707107 -0.707107 0.000000
vn -0.924436 -0.381338 0.000000
vn -0.864637 -0.355249 -0.355249
vn -0.355249 -0.355249 0.864636
vn 0.000000 -0.381339 0.924435
vn 0.000000 -0.000000 1.000000
vn -0.381339 -0.000000 0.924435
vn -0.381339 -0.000000 0.924435
vn 0.000000 -0.000000 1.000000
vn 0.000000 0.381338 0.924436
vn -0.355249 0.355249 0.864636
vn 0.000000 -0.381339 0.924435
vn 0.355249 -0.355249 0.864636
vn 0.381339 -0.000000 0.924435
vn 0.000000 -0.000000 1.000000
vn 0.000000 -0.000000 1.000000
vn 0.381339 -0.000000 0.924435
vn 0.355249 0.355249 0.864637
vn 0.000000 0.381338 0.924436
vn -0.577350 -0.577350 0.577350
vn -0.326493 -0.668357 0.668357
vn -0.355249 -0.355249 0.864636
vn -0.668357 -0.326493 0.668357
vn -0.668357 -0.326493 0.668357
vn -0.355249 -0.355249 0.864636
vn -0.381339 -0.000000 0.924435
vn -0.707107 -0.000000 0.707107
vn -0.707107 -0.000000 0.707107
vn -0.381339 -0.000000 0.924435
vn -0.355249 0.355249 0.864636
vn -0.668357 0.326493 0.668357
vn -0.668357 0.326493 0.668357
vn -0.355249 0.355249 0.864636
vn -0.326493 0.668357 0.668357
vn -0.577350 0.577351 0.577350
vn -0.355249 0.355249 0.864636
vn 0.000000 0.381338 0.924436
vn 0.000000 0.707107 0.707107
vn -0.326493 0.668357 0.668357
vn 0.000000 0.381338 0.924436
vn 0.355249 0.355249 0.864637
vn 0.326492 0.668357 0.668357
vn 0.000000 0.707107 0.707107
vn 0.355249 0.355249 0.864637
vn 0.668357 0.326493 0.668357
vn 0.577350 0.577350 0.577350
vn 0.326492 0.668357 0.668357
vn 0.381339 -0.000000 0.924435
vn 0.707107 -0.000000 0.707107
vn 0.668357 0.326493 0.668357
vn 0.355249 0.355249 0.864637
vn 0.355249 -0.355249 0.864636
vn 0.668357 -0.326492 0.668357
vn 0.707107 -0.000000 0.707107
vn 0.381339 -0.000000 0.924435
vn 0.326493 -0.668357 0.668357
vn 0.577350 -0.577350 0.577350
vn 0.668357 -0.326492 0.668357
vn 0.355249 -0.355249 0.864636
vn 0.000000 -0.707107 0.707107
vn 0.326493 -0.668357 0.668357
vn 0.355249 -0.355249 0.864636
vn 0.000000 -0.381339 0.924435
vn -0.326493 -0.668357 0.668357
vn 0.000000 -0.707107 0.707107
vn 0.000000 -0.381339 0.924435
vn -0.355249 -0.355249 0.864636
vn 0.355249 -0.864637 -0.355249
vn 0.381338 -0.924436 0.000000
vn -0.000000 -1.000000 0.000000
vn -0.000000 -0.924436 -0.381338
vn -0.000000 -0.924436 -0.381338
vn -0.000000 -1.000000 0.000000
vn -0.381338 -0.924436 0.000000
vn -0.355249 -0.864637 -0.355249
vn 0.381338 -0.924436 0.000000
vn 0.355249 -0.864637 0.355249
vn 0.000000 -0.924436 0.381338
vn -0.000000 -1.000000 0.000000
vn -0.000000 -1.000000 0.000000
vn 0.000000 -0.924436 0.381338
vn -0.355249 -0.864637 0.355249
vn -0.381338 -0.924436 0.000000
vn 0.577350 -0.577350 -0.577350
vn 0.668357 -0.668357 -0.326493
vn 0.355249 -0.864637 -0.355249
vn 0.326493 -0.668357 -0.668357
vn 0.326493 -0.668357 -0.668357
vn 0.355249 -0.864637 -0.355249
vn -0.000000 -0.924436 -0.381338
vn -0.000000 -0.707107 -0.707107
vn -0.000000 -0.707107 -0.707107
vn -0.000000 -0.924436 -0.381338
vn -0.355249 -0.864637 -0.355249
vn -0.326493 -0.668357 -0.668357
vn -0.326493 -0.668357 -0.668357
vn -0.355249 -0.864637 -0.355249
vn -0.668357 -0.668357 -0.326493
vn -0.577350 -0.577350 -0.577350
vn -0.355249 -0.864637 -0.355249
vn -0.381338 -0.924436 0.000000
vn -0.707107 -0.707107 0.000000
vn -0.668357 -0.668357 -0.326493
vn -0.381338 -0.924436 0.000000
vn -0.355249 -0.864637 0.355249
vn -0.668357 -0.668357 0.326493
vn -0.707107 -0.707107 0.000000
vn -0.355249 -0.864637 0.355249
vn -0.326493 -0.668357 0.668357
vn -0.577350 -0.577350 0.577350
vn -0.668357 -0.668357 0.326493
vn 0.000000 -0.924436 0.381338
vn 0.000000 -0.707107 0.707107
vn -0.326493 -0.668357 0.668357
vn -0.355249 -0.864637 0.355249
vn 0.355249 -0.864637 0.355249
vn 0.326493 -0.668357 0.668357
vn 0.000000 -0.707107 0.707107
vn 0.000000 -0.924436 0.381338
vn 0.668357 -0.668357 0.326493
vn 0.577350 -0.577350 0.577350
vn 0.326493 -0.668357 0.668357
vn 0.355249 -0.864637 0.355249
vn 0.707107 -0.707107 -0.000000
vn 0.668357 -0.668357 0.326493
vn 0.355249 -0.864637 0.355249
vn 0.381338 -0.924436 0.000000
vn 0.668357 -0.668357 -0.326493
vn 0.707107 -0.707107 -0.000000
vn 0.381338 -0.924436 0.000000
vn 0.355249 -0.864637 -0.355249
vn -0.355249 0.864637 -0.355249
vn -0.381339 0.924435 0.000000
vn -0.000000 1.000000 0.000000
vn 0.000000 0.924436 -0.381338
vn 0.000000 0.924436 -0.381338
vn -0.000000 1.000000 0.000000
vn 0.381339 0.924435 0.000000
vn 0.355249 0.864637 -0.355249
vn -0.381339 0.924435 0.000000
vn -0.355249 0.864637 0.355249
vn 0.000000 0.924436 0.381338
vn -0.000000 1.000000 0.000000
vn -0.000000 1.000000 0.000000
vn 0.000000 0.924436 0.381338
vn 0.355249 0.864637 0.355249
vn 0.381339 0.924435 0.000000
vn -0.577350 0.577350 -0.577350
vn -0.668357 0.668357 -0.326492
vn -0.355249 0.864637 -0.355249
vn -0.326493 0.668357 -0.668357
vn -0.326493 0.668357 -0.668357
vn -0.355249 0.864637 -0.355249
vn 0.000000 0.924436 -0.381338
vn 0.000000 0.707107 -0.707107
vn 0.000000 0.707107 -0.707107
vn 0.000000 0.924436 -0.381338
vn 0.355249 0.864637 -0.355249
vn 0.326493 0.668357 -0.668357
vn 0.326493 0.668357 -0.668357
vn 0.355249 0.864637 -0.355249
vn 0.668357 0.668357 -0.326493
vn 0.577350 0.577350 -0.577350
vn 0.355249 0.864637 -0.355249
vn 0.381339 0.924435 0.000000
vn 0.707107 0.707107 0.000000
vn 0.668357 0.668357 -0.326493
vn 0.381339 0.924435 0.000000
vn 0.355249 0.864637 0.355249
vn 0.668357 0.668357 0.326493
vn 0.707107 0.707107 0.000000
vn 0.355249 0.864637 0.355249
vn 0.326492 0.668357 0.668357
vn 0.577350 0.577350 0.577350
vn 0.668357 0.668357 0.326493
vn 0.000000 0.924436 0.381338
vn 0.000000 0.707107 0.707107
vn 0.326492 0.668357 0.668357
vn 0.355249 0.864637 0.355249
vn -0.355249 0.864637 0.355249
vn -0.326493 0.668357 0.668357
vn 0.000000 0.707107 0.707107
vn 0.000000 0.924436 0.381338
vn -0.668357 0.668357 0.326493
vn -0.577350 0.577351 0.577350
vn -0.326493 0.668357 0.668357
vn -0.355249 0.864637 0.355249
vn -0.707107 0.707107 0.000000
vn -0.668357 0.668357 0.326493
vn -0.355249 0.864637 0.355249
vn -0.381339 0.924435 0.000000
vn -0.668357 0.668357 -0.326492
vn -0.707107 0.707107 0.000000
vn -0.381339 0.924435 0.000000
vn -0.355249 0.864637 -0.355249
s off
g MuadDib_low
usemtl MuadDib_lowSG
f 1/2234/1 2/2221/2 3/2980/3 4/642/4
f 5/1159/5 6/170/6 7/3143/7 8/720/8
f 9/2229/9 10/2285/10 11/185/11 12/1689/12
f 13/3094/13 14/262/14 15/1161/15 16/946/16
f 17/60/17 9/2229/18 12/1689/19 18/3062/20
f 19/219/21 20/383/22 21/1956/23 22/2605/24
f 23/1884/25 24/1652/26 25/880/27 26/432/28
f 21/1956/29 20/383/30 17/60/31 18/3062/32
f 25/880/33 24/1652/34 27/3058/35 28/68/36
f 29/1416/37 30/214/38 23/1884/39 26/432/40
f 11/185/41 10/2285/42 1/2234/43 4/642/44
f 29/1416/45 15/1161/46 14/262/47 30/214/48
f 31/1774/49 32/208/50 33/2410/51 34/2173/52
f 35/2532/53 36/1670/54 37/1855/55 38/2242/56
f 39/2499/57 40/1147/58 41/224/59 42/2402/60
f 38/2242/61 37/1855/62 43/953/63 44/1942/64
f 45/1243/65 42/2402/66 41/224/67 46/2504/68
f 43/953/69 47/61/70 48/2512/71 44/1942/72
f 46/2504/73 49/1280/74 50/558/75 45/1243/76
f 51/1211/77 48/2512/78 47/61/79 52/1311/80
f 22/2605/81 50/558/82 49/1280/83 19/219/84
f 52/1311/85 28/68/86 27/3058/87 51/1211/88
f 53/520/89 54/570/90 40/1147/91 39/2499/92
f 55/623/93 56/1959/94 36/1670/95 35/2532/96
f 36/1670/97 56/1959/98 57/2451/99 58/2681/100
f 34/2173/101 33/2410/102 59/816/103 60/1544/104
f 58/2681/105 61/2651/106 37/1855/107 36/1670/108
f 62/1080/109 63/2001/110 53/520/111 39/2499/112
f 7/3143/113 64/275/114 65/1716/115 8/720/116
f 3/2980/117 66/3131/118 67/2101/119 4/642/120
f 16/946/121 15/1161/122 68/2250/123 69/2389/124
f 11/185/125 4/642/126 67/2101/127 70/1426/128
f 15/1161/129 29/1416/130 71/313/131 68/2250/132
f 12/1689/133 11/185/134 70/1426/135 72/3042/136
f 73/2319/137 71/313/138 29/1416/139 26/432/140
f 72/3042/141 74/781/142 18/3062/143 12/1689/144
f 75/980/145 73/2319/146 26/432/147 25/880/148
f 74/781/149 76/896/150 21/1956/151 18/3062/152
f 28/68/153 77/2685/154 75/980/155 25/880/156
f 78/1244/157 22/2605/158 21/1956/159 76/896/160
f 28/68/161 52/1311/162 79/2838/163 77/2685/164
f 50/558/165 22/2605/166 78/1244/167 80/110/168
f 81/1428/169 79/2838/170 52/1311/171 47/61/172
f 80/110/173 82/2518/174 45/1243/175 50/558/176
f 47/61/177 43/953/178 83/2126/179 81/1428/180
f 42/2402/181 45/1243/182 82/2518/183 84/268/184
f 43/953/185 37/1855/186 61/2651/187 83/2126/188
f 39/2499/189 42/2402/190 84/268/191 62/1080/192
f 85/2216/193 86/1705/194 82/2518/195 80/110/196
f 87/269/197 2421/2531/198 79/2838/199 81/1428/200
f 88/1688/201 89/1341/202 90/2490/203 91/299/204
f 92/3036/205 93/1117/206 94/2122/207 95/1628/208
f 96/132/209 97/613/210 98/1148/211 99/2876/212
f 100/1154/213 101/1488/214 102/2396/215 2422/867/216
f 103/1445/217 104/255/218 99/112/219 98/2641/220
f 105/3133/221 106/1413/222 100/691/223 2422/1079/224
f 107/3015/225 108/2539/226 109/3152/227 110/1559/228
f 111/2087/229 112/514/230 113/527/231 114/1907/232
f 115/2039/233 107/3015/234 110/1559/235 116/1287/236
f 112/514/237 2423/1791/238 117/207/239 113/527/240
f 115/2039/241 116/1287/242 118/1491/243 119/399/244
f 117/207/245 2423/1791/246 120/1673/247 121/1925/248
f 86/1705/249 122/2443/250 123/3102/251 82/2518/252
f 124/178/253 87/269/254 81/1428/255 125/1667/256
f 126/1911/257 127/2103/258 128/1562/259 129/2544/260
f 130/2849/261 128/1562/262 127/2103/263 131/184/264
f 132/770/265 133/2550/266 126/1911/267 129/2544/268
f 131/184/269 134/1592/270 135/2300/271 130/2849/272
f 136/374/273 137/2327/274 138/894/275 139/2963/276
f 140/2668/277 141/1873/278 142/1225/279 143/72/280
f 139/2963/281 138/894/282 144/1188/283 145/2172/284
f 129/2544/285 128/1562/286 146/154/287 147/2718/288
f 128/1562/289 130/2849/290 148/55/291 146/154/292
f 149/2016/293 150/1872/294 129/2544/295 147/2718/296
f 151/1607/297 152/589/298 148/55/299 130/2849/300
f 153/440/301 154/1806/302 147/2718/303 146/154/304
f 155/442/305 153/440/306 146/154/307 148/55/308
f 156/391/309 149/2016/310 147/2718/311 154/1806/312
f 152/589/313 157/926/314 155/442/315 148/55/316
f 150/1872/317 158/2921/318 132/770/319 129/2544/320
f 135/2300/321 159/2902/322 151/1607/323 130/2849/324
f 160/2264/325 161/2789/326 140/2668/327 143/72/328
f 162/2670/329 163/2947/330 144/1188/331 138/894/332
f 138/894/333 137/2327/334 164/2707/335 162/2670/336
f 165/1782/337 166/2002/338 141/1873/339 140/2668/340
f 167/531/341 165/1782/342 140/2668/343 161/2789/344
f 168/1223/345 169/3000/346 157/926/347 152/589/348
f 170/2676/349 171/2503/350 149/2016/351 156/391/352
f 154/1806/353 153/440/354 172/897/355 156/391/356
f 172/897/357 173/523/358 170/2676/359 156/391/360
f 63/2001/361 62/1080/362 174/194/363 175/220/364
f 7/3143/365 6/170/366 13/3094/367 16/946/368
f 69/2389/369 64/275/370 7/3143/371 16/946/372
f 3/2980/373 2/2221/374 31/1774/375 34/2173/376
f 60/1544/377 66/3131/378 3/2980/379 34/2173/380
f 163/2947/381 162/2670/382 64/275/383 69/2389/384
f 161/2789/385 160/2264/386 67/2101/387 66/3131/388
f 65/1716/389 64/275/390 162/2670/391 164/2707/392
f 66/3131/393 60/1544/394 167/531/395 161/2789/396
f 8/720/397 56/1959/398 55/623/399 5/1159/400
f 57/2451/401 56/1959/402 8/720/403 65/1716/404
f 33/2410/405 32/208/406 54/570/407 53/520/408
f 59/816/409 33/2410/410 53/520/411 63/2001/412
f 176/916/413 167/531/414 60/1544/415 59/816/416
f 164/2707/417 177/699/418 57/2451/419 65/1716/420
f 178/485/421 179/1212/422 61/2651/423 58/2681/424
f 59/816/425 63/2001/426 175/220/427 176/916/428
f 58/2681/429 57/2451/430 177/699/431 178/485/432
f 83/2126/433 61/2651/434 179/1212/435 180/611/436
f 62/1080/437 84/268/438 181/788/439 174/194/440
f 81/1428/441 83/2126/442 180/611/443 125/1667/444
f 84/268/445 82/2518/446 123/3102/447 181/788/448
f 113/527/449 117/207/450 182/1888/451 183/624/452
f 183/624/453 182/1888/454 116/1287/455 110/1559/456
f 182/1888/457 184/1373/458 118/1491/459 116/1287/460
f 121/1925/461 184/1373/462 182/1888/463 117/207/464
f 185/2411/465 186/1435/466 181/788/467 123/3102/468
f 186/1435/469 185/2411/470 125/1667/471 180/611/472
f 187/2944/473 103/1445/474 98/2641/475 188/2241/476
f 100/691/477 106/1413/478 189/829/479 190/1290/480
f 98/1148/481 191/2477/482 192/1640/483 188/679/484
f 193/1440/485 100/1154/486 190/2556/487 194/2640/488
f 195/3079/489 91/299/490 90/2490/491 196/2764/492
f 95/1628/493 197/1020/494 198/2351/495 92/3036/496
f 97/613/497 199/1676/498 191/2477/499 98/1148/500
f 200/981/501 101/1488/502 100/1154/503 193/1440/504
f 192/1640/505 191/2477/506 201/1933/507 202/2075/508
f 193/1440/509 194/2640/510 203/1761/511 204/1501/512
f 205/2589/513 202/2075/514 201/1933/515 206/469/516
f 203/1761/517 207/2283/518 208/2535/519 204/1501/520
f 174/194/521 181/788/522 186/1435/523 209/2557/524
f 180/611/525 179/1212/526 209/2557/527 186/1435/528
f 210/1857/529 211/728/530 137/2327/531 136/374/532
f 211/728/533 210/1857/534 166/2002/535 165/1782/536
f 165/1782/537 167/531/538 212/3073/539 211/728/540
f 213/2407/541 212/3073/542 167/531/543 176/916/544
f 176/916/545 175/220/546 214/1245/547 213/2407/548
f 209/2557/549 214/1245/550 175/220/551 174/194/552
f 214/1245/553 209/2557/554 179/1212/555 178/485/556
f 178/485/557 177/699/558 213/2407/559 214/1245/560
f 177/699/561 164/2707/562 212/3073/563 213/2407/564
f 164/2707/565 137/2327/566 211/728/567 212/3073/568
f 215/1149/569 205/2589/570 206/469/571 216/1718/572
f 215/1149/573 216/1718/574 217/1680/575 218/2553/576
f 219/1502/577 220/2803/578 221/1807/579 222/681/580
f 218/2553/581 217/1680/582 222/1036/583 221/3112/584
f 223/2150/585 224/1913/586 220/2803/587 219/1502/588
f 172/1031/589 153/440/590 155/442/591 157/926/592
f 169/3000/593 173/413/594 172/1031/595 157/926/596
f 208/2535/597 207/2283/598 224/1913/599 223/2150/600
f 225/684/601 226/2119/602 89/900/603 88/1560/604
f 93/1197/605 227/1004/606 228/2784/607 94/1489/608
f 85/1427/609 229/3190/610 230/410/611 86/1700/612
f 231/575/613 2421/930/614 87/2567/615 232/127/616
f 232/127/617 87/2567/618 124/1952/619 233/614/620
f 86/1700/621 230/410/622 234/2565/623 122/784/624
f 235/2630/625 120/948/626 2423/2721/627 236/1005/628
f 115/1729/629 119/666/630 237/1192/631 238/885/632
f 239/914/633 236/1005/634 2423/2721/635 112/1118/636
f 238/885/637 240/3134/638 107/94/639 115/1729/640
f 241/260/641 239/914/642 112/1118/643 111/1229/644
f 240/3134/645 242/3040/646 108/2628/647 107/94/648
f 2422/1203/649 243/1803/650 244/1736/651 105/633/652
f 245/297/653 99/1879/654 104/2831/655 246/1741/656
f 246/1741/657 247/2486/658 248/876/659 245/297/660
f 249/48/661 250/2763/662 251/969/663 252/2034/664
f 253/1695/665 254/1650/666 255/1902/667 256/2328/668
f 257/2981/669 258/2064/670 259/2634/671 260/2793/672
f 261/1832/673 262/846/674 263/1812/675 264/2329/676
f 265/2169/677 257/2981/678 260/2793/679 266/2935/680
f 267/1653/681 268/158/682 269/1072/683 270/2727/684
f 266/2935/685 271/2445/686 272/1660/687 265/2169/688
f 273/2661/689 274/2401/690 275/752/691 276/2040/692
f 277/762/693 278/1037/694 279/1557/695 280/14/696
f 281/1749/697 282/2672/698 283/1977/699 284/264/700
f 285/1102/701 286/1760/702 287/615/703 288/585/704
f 289/1574/705 290/2349/706 291/3205/707 292/1350/708
f 293/2004/709 294/2408/710 295/12/711 296/1752/712
f 297/3043/713 298/3125/714 299/1463/715 300/955/716
f 301/1018/717 302/1897/718 303/2738/719 304/2874/720
f 305/809/721 306/661/722 307/571/723 308/1669/724
f 309/1325/725 310/2049/726 311/1355/727 312/1967/728
f 313/1554/729 314/306/730 315/735/731 316/877/732
f 317/1677/733 318/2723/734 319/1162/735 320/2391/736
f 225/684/737 321/1195/738 322/3080/739 226/2119/740
f 323/137/741 324/768/742 325/698/743 326/1173/744
f 327/358/745 328/3145/746 329/1976/747 330/1441/748
f 319/1162/749 309/1325/750 312/1967/751 320/2391/752
f 240/3134/753 331/2347/754 332/1253/755 242/3040/756
f 333/1424/757 334/1542/758 335/191/759 336/463/760
f 337/2159/761 338/634/762 339/486/763 340/1357/764
f 341/411/765 342/561/766 343/2702/767 344/2105/768
f 345/1459/769 346/1304/770 347/643/771 348/1250/772
f 344/2105/773 349/639/774 350/1525/775 341/411/776
f 351/371/777 352/1375/778 353/644/779 354/906/780
f 355/649/781 356/1085/782 350/1525/783 349/639/784
f 357/1239/785 358/1073/786 359/1929/787 360/2338/788
f 361/1713/789 362/833/790 363/998/791 364/2662/792
f 365/2072/793 366/2424/794 367/1659/795 368/22/796
f 369/1825/797 370/2711/798 371/658/799 372/2655/800
f 373/2560/801 374/702/802 375/2444/803 376/1181/804
f 377/1636/805 378/2673/806 379/3183/807 380/2892/808
f 381/2957/809 382/3068/810 383/1331/811 384/1844/812
f 385/754/813 386/400/814 387/1611/815 388/3074/816
f 389/2576/817 390/1601/818 391/2303/819 392/1329/820
f 393/292/821 394/3087/822 395/2361/823 396/1100/824
f 397/2733/825 398/2633/826 399/1947/827 400/1926/828
f 396/1100/829 401/2322/830 402/2184/831 393/292/832
f 403/2117/833 404/438/834 405/98/835 406/2054/836
f 407/796/837 408/2916/838 402/2184/839 401/2322/840
f 409/3169/841 410/1303/842 230/410/843 229/3190/844
f 411/1453/845 412/2840/846 413/646/847 414/106/848
f 415/167/849 331/2347/850 240/3134/851 238/885/852
f 416/1070/853 334/1542/854 333/1424/855 417/2497/856
f 418/2608/857 419/308/858 338/634/859 337/2159/860
f 420/1830/861 421/1583/862 342/561/863 341/411/864
f 422/3189/865 423/2394/866 348/1250/867 347/643/868
f 424/928/869 420/1830/870 341/411/871 350/1525/872
f 353/644/873 352/1375/874 425/385/875 426/830/876
f 350/1525/877 356/1085/878 427/904/879 424/928/880
f 358/1073/881 428/3057/882 429/1582/883 359/1929/884
f 362/833/885 430/1084/886 431/3104/887 363/998/888
f 366/2424/889 432/1986/890 433/1032/891 367/1659/892
f 434/32/893 371/658/894 370/2711/895 435/1115/896
f 382/3068/897 436/2430/898 437/2213/899 383/1331/900
f 438/3120/901 387/1611/902 386/400/903 439/62/904
f 440/2770/905 375/2444/906 374/702/907 441/2258/908
f 380/2892/909 442/1107/910 443/2336/911 377/1636/912
f 444/2434/913 445/910/914 390/1601/915 389/2576/916
f 446/2146/917 447/359/918 394/3087/919 393/292/920
f 448/2145/921 449/2257/922 400/1926/923 399/1947/924
f 450/2692/925 446/2146/926 393/292/927 402/2184/928
f 405/98/929 404/438/930 451/360/931 452/1381/932
f 402/2184/933 408/2916/934 453/204/935 450/2692/936
f 410/1303/937 454/751/938 234/2565/939 230/410/940
f 412/2840/941 455/2453/942 456/2656/943 413/646/944
f 237/1192/945 457/131/946 415/167/947 238/885/948
f 458/1923/949 459/190/950 416/1070/951 417/2497/952
f 460/1783/953 461/1934/954 419/308/955 418/2608/956
f 462/231/957 463/2881/958 421/1583/959 420/1830/960
f 423/2394/961 422/3189/962 464/2469/963 465/1549/964
f 420/1830/965 424/928/966 466/1237/967 462/231/968
f 426/830/969 425/385/970 467/1863/971 468/1963/972
f 424/928/973 427/904/974 469/1103/975 466/1237/976
f 283/1977/977 470/355/978 471/3030/979 284/264/980
f 367/1659/981 472/804/982 473/983/983 368/22/984
f 367/1659/985 433/1032/986 474/1141/987 472/804/988
f 475/715/989 476/2826/990 477/447/991 478/1815/992
f 479/2438/993 480/3054/994 481/883/995 482/1798/996
f 483/2667/997 480/3054/998 479/2438/999 484/2488/1000
f 428/3057/1001 485/200/1002 486/252/1003 429/1582/1004
f 487/1598/1005 488/1471/1006 431/3104/1007 430/1084/1008
f 489/2299/1009 474/1141/1010 433/1032/1011 432/1986/1012
f 435/1115/1013 490/591/1014 491/2850/1015 434/32/1016
f 300/2185/1017 299/497/1018 492/2923/1019 493/1735/1020
f 304/2571/1021 303/874/1022 494/1943/1023 495/851/1024
f 131/184/1025 127/2103/1026 496/2403/1027 134/1592/1028
f 127/2103/1029 126/1911/1030 133/2550/1031 496/2403/1032
f 497/1732/1033 142/1225/1034 141/1873/1035 166/2002/1036
f 145/2172/1037 498/711/1038 136/374/1039 139/2963/1040
f 499/2867/1041 498/711/1042 145/2172/1043 500/962/1044
f 497/1732/1045 499/2867/1046 500/962/1047 142/1225/1048
f 136/374/1049 498/711/1050 499/2867/1051 210/1857/1052
f 497/1732/1053 166/2002/1054 210/1857/1055 499/2867/1056
f 306/1185/1057 305/325/1058 501/314/1059 502/2201/1060
f 320/564/1061 312/1786/1062 503/2065/1063 504/2267/1064
f 505/1323/1065 321/2163/1066 225/2360/1067 506/1259/1068
f 507/598/1069 324/3056/1070 323/3020/1071 508/2801/1072
f 509/1145/1073 313/3011/1074 316/848/1075 510/2898/1076
f 511/2275/1077 317/2976/1078 320/564/1079 504/2267/1080
f 329/736/1081 512/495/1082 513/1389/1083 330/655/1084
f 311/2363/1085 514/2523/1086 503/2065/1087 312/1786/1088
f 515/2415/1089 293/209/1090 296/1984/1091 516/1575/1092
f 284/373/1093 471/281/1094 517/774/1095 518/1186/1096
f 477/296/1097 519/689/1098 520/380/1099 478/1809/1100
f 521/111/1101 289/2442/1102 292/3132/1103 522/2175/1104
f 523/2379/1105 274/3116/1106 273/3001/1107 524/1969/1108
f 525/2462/1109 278/1895/1110 277/2260/1111 526/2286/1112
f 262/1578/1113 261/1041/1114 527/474/1115 528/1860/1116
f 266/1826/1117 260/1042/1118 529/1090/1119 530/620/1120
f 245/3153/1121 248/2043/1122 531/1422/1123 532/1007/1124
f 252/2205/1125 251/2601/1126 533/1313/1127 534/3117/1128
f 255/619/1129 535/206/1130 536/2593/1131 256/978/1132
f 529/1090/1133 260/1042/1134 259/53/1135 537/1139/1136
f 267/919/1137 538/2050/1138 539/654/1139 268/1859/1140
f 540/722/1141 271/1218/1142 266/1826/1143 530/620/1144
f 518/1186/1145 541/1861/1146 281/327/1147 284/373/1148
f 542/20/1149 543/2717/1150 285/1314/1151 288/994/1152
f 544/446/1153 545/1476/1154 546/2622/1155 547/1151/1156
f 529/1090/1157 537/1139/1158 548/1209/1159 549/1008/1160
f 550/1291/1161 551/1651/1162 552/607/1163 553/2070/1164
f 529/1090/1165 549/1008/1166 554/1009/1167 530/620/1168
f 555/2645/1169 556/2509/1170 557/2083/1171 558/381/1172
f 530/620/1173 554/1009/1174 559/3196/1175 540/722/1176
f 517/774/1177 560/1889/1178 561/1553/1179 518/1186/1180
f 562/246/1181 563/600/1182 564/1078/1183 565/1649/1184
f 561/1553/1185 566/1283/1186 541/1861/1187 518/1186/1188
f 526/2286/1189 567/1622/1190 568/437/1191 525/2462/1192
f 522/2175/1193 569/954/1194 570/1777/1195 521/111/1196
f 494/1943/1197 571/1026/1198 572/2725/1199 495/851/1200
f 573/672/1201 574/239/1202 575/868/1203 576/776/1204
f 577/15/1205 578/1483/1206 579/1082/1207 580/2771/1208
f 581/2865/1209 582/1629/1210 583/103/1211 584/972/1212
f 585/2455/1213 586/1436/1214 511/2275/1215 504/2267/1216
f 587/1619/1217 585/2455/1218 504/2267/1219 503/2065/1220
f 514/2523/1221 588/286/1222 587/1619/1223 503/2065/1224
f 589/2475/1225 590/860/1226 573/672/1227 576/776/1228
f 580/2771/1229 579/1082/1230 591/2694/1231 592/1106/1232
f 581/2865/1233 584/972/1234 593/52/1235 594/1410/1236
f 595/148/1237 596/1627/1238 597/1337/1239 598/827/1240
f 599/861/1241 595/148/1242 598/827/1243 600/2278/1244
f 600/2278/1245 601/2985/1246 602/2123/1247 599/861/1248
f 603/569/1249 506/1259/1250 225/2360/1251 88/586/1252
f 604/2719/1253 605/304/1254 94/2422/1255 228/390/1256
f 606/1599/1257 607/1282/1258 96/1305/1259 99/2804/1260
f 102/328/1261 608/335/1262 609/1589/1263 2422/375/1264
f 99/2804/1265 245/3153/1266 532/1007/1267 606/1599/1268
f 243/1349/1269 2422/375/1270 609/1589/1271 610/415/1272
f 611/3194/1273 612/2846/1274 613/3130/1275 614/839/1276
f 608/335/1277 615/755/1278 616/3005/1279 609/1589/1280
f 617/2836/1281 614/839/1282 613/3130/1283 618/2432/1284
f 616/3005/1285 619/2390/1286 610/415/1287 609/1589/1288
f 620/741/1289 621/2689/1290 622/1059/1291 623/2393/1292
f 624/1712/1293 625/2273/1294 605/304/1295 604/2719/1296
f 316/848/1297 321/2163/1298 505/1323/1299 510/2898/1300
f 315/735/1301 322/3080/1302 321/1195/1303 316/877/1304
f 405/98/1305 410/1303/1306 409/3169/1307 406/2054/1308
f 452/1381/1309 454/751/1310 410/1303/1311 405/98/1312
f 415/167/1313 457/131/1314 460/1783/1315 418/2608/1316
f 337/2159/1317 331/2347/1318 415/167/1319 418/2608/1320
f 332/1253/1321 331/2347/1322 337/2159/1323 340/1357/1324
f 256/2328/1325 248/876/1326 247/2486/1327 253/1695/1328
f 531/1422/1329 248/2043/1330 256/978/1331 536/2593/1332
f 228/390/1333 324/3056/1334 507/598/1335 604/2719/1336
f 227/1004/1337 325/698/1338 324/768/1339 228/2784/1340
f 232/127/1341 412/2840/1342 411/1453/1343 231/575/1344
f 233/614/1345 455/2453/1346 412/2840/1347 232/127/1348
f 416/1070/1349 459/190/1350 235/2630/1351 236/1005/1352
f 239/914/1353 334/1542/1354 416/1070/1355 236/1005/1356
f 335/191/1357 334/1542/1358 239/914/1359 241/260/1360
f 251/969/1361 250/2763/1362 244/1736/1363 243/1803/1364
f 533/1313/1365 251/2601/1366 243/1349/1367 610/415/1368
f 626/1479/1369 617/2836/1370 618/2432/1371 627/307/1372
f 619/2390/1373 628/2167/1374 533/1313/1375 610/415/1376
f 623/2393/1377 629/2869/1378 630/3126/1379 620/741/1380
f 631/3141/1381 624/1712/1382 604/2719/1383 507/598/1384
f 629/2869/1385 544/446/1386 547/1151/1387 630/3126/1388
f 632/1985/1389 631/3141/1390 507/598/1391 508/2801/1392
f 627/307/1393 589/2475/1394 576/776/1395 626/1479/1396
f 534/3117/1397 533/1313/1398 628/2167/1399 633/288/1400
f 626/1479/1401 576/776/1402 575/868/1403 634/324/1404
f 635/3031/1405 636/2951/1406 637/645/1407 638/2086/1408
f 617/2836/1409 626/1479/1410 634/324/1411 639/837/1412
f 636/2951/1413 640/743/1414 641/3034/1415 637/645/1416
f 639/837/1417 611/3194/1418 614/839/1419 617/2836/1420
f 642/1997/1421 643/2421/1422 641/3034/1423 640/743/1424
f 262/1578/1425 528/1860/1426 535/206/1427 255/619/1428
f 573/672/1429 590/860/1430 591/2694/1431 579/1082/1432
f 578/1483/1433 574/239/1434 573/672/1435 579/1082/1436
f 551/1651/1437 546/2622/1438 545/1476/1439 552/607/1440
f 305/325/1441 313/3011/1442 509/1145/1443 501/314/1444
f 308/1669/1445 314/306/1446 313/1554/1447 305/809/1448
f 400/1926/1449 404/438/1450 403/2117/1451 397/2733/1452
f 451/360/1453 404/438/1454 400/1926/1455 449/2257/1456
f 419/308/1457 461/1934/1458 464/2469/1459 422/3189/1460
f 338/634/1461 419/308/1462 422/3189/1463 347/643/1464
f 339/486/1465 338/634/1466 347/643/1467 346/1304/1468
f 262/846/1469 255/1902/1470 254/1650/1471 263/1812/1472
f 537/1139/1473 259/53/1474 252/2205/1475 534/3117/1476
f 633/288/1477 548/1209/1478 537/1139/1479 534/3117/1480
f 638/2086/1481 597/1337/1482 596/1627/1483 635/3031/1484
f 511/2275/1485 586/1436/1486 632/1985/1487 508/2801/1488
f 323/3020/1489 317/2976/1490 511/2275/1491 508/2801/1492
f 326/1173/1493 318/2723/1494 317/1677/1495 323/137/1496
f 413/646/1497 408/2916/1498 407/796/1499 414/106/1500
f 453/204/1501 408/2916/1502 413/646/1503 456/2656/1504
f 421/1583/1505 463/2881/1506 458/1923/1507 417/2497/1508
f 342/561/1509 421/1583/1510 417/2497/1511 333/1424/1512
f 343/2702/1513 342/561/1514 333/1424/1515 336/463/1516
f 259/2634/1517 258/2064/1518 249/48/1519 252/2034/1520
f 348/1250/1521 352/1375/1522 351/371/1523 345/1459/1524
f 425/385/1525 352/1375/1526 348/1250/1527 423/2394/1528
f 465/1549/1529 467/1863/1530 425/385/1531 423/2394/1532
f 390/1601/1533 445/910/1534 448/2145/1535 399/1947/1536
f 391/2303/1537 390/1601/1538 399/1947/1539 398/2633/1540
f 328/3145/1541 307/571/1542 306/661/1543 329/1976/1544
f 502/2201/1545 512/495/1546 329/736/1547 306/1185/1548
f 556/2509/1549 550/1291/1550 553/2070/1551 557/2083/1552
f 584/972/1553 583/103/1554 577/15/1555 580/2771/1556
f 592/1106/1557 593/52/1558 584/972/1559 580/2771/1560
f 268/1859/1561 539/654/1562 527/474/1563 261/1041/1564
f 264/2329/1565 269/1072/1566 268/158/1567 261/1832/1568
f 363/998/1569 356/1085/1570 355/649/1571 364/2662/1572
f 427/904/1573 356/1085/1574 363/998/1575 431/3104/1576
f 488/1471/1577 469/1103/1578 427/904/1579 431/3104/1580
f 394/3087/1581 447/359/1582 442/1107/1583 380/2892/1584
f 395/2361/1585 394/3087/1586 380/2892/1587 379/3183/1588
f 304/2874/1589 311/1355/1590 310/2049/1591 301/1018/1592
f 495/851/1593 514/2523/1594 311/2363/1595 304/2571/1596
f 572/2725/1597 588/286/1598 514/2523/1599 495/851/1600
f 601/2985/1601 562/246/1602 565/1649/1603 602/2123/1604
f 540/722/1605 559/3196/1606 567/1622/1607 526/2286/1608
f 526/2286/1609 277/2260/1610 271/1218/1611 540/722/1612
f 280/14/1613 272/1660/1614 271/2445/1615 277/762/1616
f 359/1929/1617 366/2424/1618 365/2072/1619 360/2338/1620
f 359/1929/1621 429/1582/1622 432/1986/1623 366/2424/1624
f 486/252/1625 489/2299/1626 432/1986/1627 429/1582/1628
f 383/1331/1629 437/2213/1630 441/2258/1631 374/702/1632
f 384/1844/1633 383/1331/1634 374/702/1635 373/2560/1636
f 292/1350/1637 291/3205/1638 297/3043/1639 300/955/1640
f 522/2175/1641 292/3132/1642 300/2185/1643 493/1735/1644
f 492/2923/1645 569/954/1646 522/2175/1647 493/1735/1648
f 512/495/1649 556/2509/1650 555/2645/1651 513/1389/1652
f 502/2201/1653 550/1291/1654 556/2509/1655 512/495/1656
f 501/314/1657 551/1651/1658 550/1291/1659 502/2201/1660
f 509/1145/1661 546/2622/1662 551/1651/1663 501/314/1664
f 547/1151/1665 546/2622/1666 509/1145/1667 510/2898/1668
f 630/3126/1669 547/1151/1670 510/2898/1671 505/1323/1672
f 620/741/1673 630/3126/1674 505/1323/1675 506/1259/1676
f 603/569/1677 621/2689/1678 620/741/1679 506/1259/1680
f 613/3130/1681 612/2846/1682 607/1282/1683 606/1599/1684
f 618/2432/1685 613/3130/1686 606/1599/1687 532/1007/1688
f 627/307/1689 618/2432/1690 532/1007/1691 531/1422/1692
f 531/1422/1693 536/2593/1694 589/2475/1695 627/307/1696
f 536/2593/1697 535/206/1698 590/860/1699 589/2475/1700
f 591/2694/1701 590/860/1702 535/206/1703 528/1860/1704
f 592/1106/1705 591/2694/1706 528/1860/1707 527/474/1708
f 539/654/1709 593/52/1710 592/1106/1711 527/474/1712
f 594/1410/1713 593/52/1714 539/654/1715 538/2050/1716
f 541/1861/1717 566/1283/1718 523/2379/1719 524/1969/1720
f 281/327/1721 541/1861/1722 524/1969/1723 273/3001/1724
f 276/2040/1725 282/2672/1726 281/1749/1727 273/2661/1728
f 387/1611/1729 370/2711/1730 369/1825/1731 388/3074/1732
f 435/1115/1733 370/2711/1734 387/1611/1735 438/3120/1736
f 438/3120/1737 439/62/1738 490/591/1739 435/1115/1740
f 644/1874/1741 645/2708/1742 480/3054/1743 483/2667/1744
f 481/883/1745 480/3054/1746 645/2708/1747 646/2297/1748
f 477/447/1749 476/2826/1750 647/3147/1751 648/2265/1752
f 648/1143/1753 649/1968/1754 519/689/1755 477/296/1756
f 650/2102/1757 572/2725/1758 571/1026/1759 651/2646/1760
f 650/2102/1761 652/2069/1762 588/286/1763 572/2725/1764
f 587/1619/1765 588/286/1766 652/2069/1767 653/1006/1768
f 653/1006/1769 654/2868/1770 585/2455/1771 587/1619/1772
f 654/2868/1773 655/73/1774 586/1436/1775 585/2455/1776
f 632/1985/1777 586/1436/1778 655/73/1779 656/1086/1780
f 656/1086/1781 657/174/1782 631/3141/1783 632/1985/1784
f 657/174/1785 658/2700/1786 624/1712/1787 631/3141/1788
f 659/2687/1789 625/2273/1790 624/1712/1791 658/2700/1792
f 616/3005/1793 615/755/1794 643/2421/1795 642/1997/1796
f 642/1997/1797 640/743/1798 619/2390/1799 616/3005/1800
f 640/743/1801 636/2951/1802 628/2167/1803 619/2390/1804
f 633/288/1805 628/2167/1806 636/2951/1807 635/3031/1808
f 596/1627/1809 548/1209/1810 633/288/1811 635/3031/1812
f 549/1008/1813 548/1209/1814 596/1627/1815 595/148/1816
f 554/1009/1817 549/1008/1818 595/148/1819 599/861/1820
f 559/3196/1821 554/1009/1822 599/861/1823 602/2123/1824
f 567/1622/1825 559/3196/1826 602/2123/1827 565/1649/1828
f 564/1078/1829 568/437/1830 567/1622/1831 565/1649/1832
f 285/1314/1833 543/2717/1834 516/1575/1835 296/1984/1836
f 295/12/1837 286/1760/1838 285/1102/1839 296/1752/1840
f 353/644/1841 358/1073/1842 357/1239/1843 354/906/1844
f 426/830/1845 428/3057/1846 358/1073/1847 353/644/1848
f 426/830/1849 468/1963/1850 485/200/1851 428/3057/1852
f 444/2434/1853 389/2576/1854 375/2444/1855 440/2770/1856
f 376/1181/1857 375/2444/1858 389/2576/1859 392/1329/1860
f 299/1463/1861 298/3125/1862 327/358/1863 330/1441/1864
f 492/2923/1865 299/497/1866 330/655/1867 513/1389/1868
f 513/1389/1869 555/2645/1870 569/954/1871 492/2923/1872
f 570/1777/1873 569/954/1874 555/2645/1875 558/381/1876
f 581/2865/1877 561/1553/1878 560/1889/1879 582/1629/1880
f 581/2865/1881 594/1410/1882 566/1283/1883 561/1553/1884
f 523/2379/1885 566/1283/1886 594/1410/1887 538/2050/1888
f 267/919/1889 274/3116/1890 523/2379/1891 538/2050/1892
f 270/2727/1893 275/752/1894 274/2401/1895 267/1653/1896
f 371/658/1897 362/833/1898 361/1713/1899 372/2655/1900
f 434/32/1901 430/1084/1902 362/833/1903 371/658/1904
f 491/2850/1905 487/1598/1906 430/1084/1907 434/32/1908
f 377/1636/1909 443/2336/1910 484/2488/1911 479/2438/1912
f 479/2438/1913 482/1798/1914 378/2673/1915 377/1636/1916
f 303/2738/1917 302/1897/1918 475/715/1919 478/1815/1920
f 494/1943/1921 303/874/1922 478/1809/1923 520/380/1924
f 519/689/1925 571/1026/1926 494/1943/1927 520/380/1928
f 651/2646/1929 571/1026/1930 519/689/1931 649/1968/1932
f 516/1575/1933 564/1078/1934 563/600/1935 515/2415/1936
f 543/2717/1937 568/437/1938 564/1078/1939 516/1575/1940
f 525/2462/1941 568/437/1942 543/2717/1943 542/20/1944
f 288/994/1945 278/1895/1946 525/2462/1947 542/20/1948
f 287/615/1949 279/1557/1950 278/1037/1951 288/585/1952
f 149/2016/1953 171/2503/1954 660/2207/1955 150/1872/1956
f 168/1223/1957 152/589/1958 151/1607/1959 661/817/1960
f 150/1872/1961 660/2207/1962 662/99/1963 158/2921/1964
f 661/817/1965 151/1607/1966 159/2902/1967 663/1593/1968
f 664/2759/1969 195/3079/1970 196/2764/1971 665/2566/1972
f 197/1020/1973 666/2088/1974 667/2965/1975 198/2351/1976
f 668/1201/1977 664/2759/1978 665/2566/1979 669/745/1980
f 666/2088/1981 670/528/1982 671/1224/1983 667/2965/1984
f 672/785/1985 668/1201/1986 669/745/1987 673/2599/1988
f 670/528/1989 674/1685/1990 675/656/1991 671/1224/1992
f 676/957/1993 672/785/1994 673/2599/1995 677/616/1996
f 674/1685/1997 678/2882/1998 679/3161/1999 675/656/2000
f 660/2207/2001 676/957/2002 677/616/2003 662/99/2004
f 678/2882/2005 661/817/2006 663/1593/2007 679/3161/2008
f 171/2503/2009 680/2602/2010 676/957/2011 660/2207/2012
f 681/1204/2013 168/1223/2014 661/817/2015 678/2882/2016
f 672/785/2017 676/957/2018 680/2602/2019 682/1202/2020
f 678/2882/2021 674/1685/2022 683/3200/2023 681/1204/2024
f 668/1201/2025 672/785/2026 682/1202/2027 684/283/2028
f 674/1685/2029 670/528/2030 685/496/2031 683/3200/2032
f 201/1933/2033 191/2477/2034 199/1676/2035 686/2890/2036
f 193/1440/2037 204/1501/2038 687/2308/2039 200/981/2040
f 684/283/2041 688/249/2042 664/2759/2043 668/1201/2044
f 689/3027/2045 685/496/2046 670/528/2047 666/2088/2048
f 690/2025/2049 201/1933/2050 686/2890/2051 691/1720/2052
f 204/1501/2053 692/508/2054 693/1196/2055 687/2308/2056
f 690/2025/2057 694/2749/2058 206/469/2059 201/1933/2060
f 695/1207/2061 692/508/2062 204/1501/2063 208/2535/2064
f 216/1718/2065 206/469/2066 694/2749/2067 696/2465/2068
f 208/2535/2069 223/2150/2070 697/2712/2071 695/1207/2072
f 698/1885/2073 217/1680/2074 216/1718/2075 696/2465/2076
f 219/1502/2077 699/540/2078 697/2712/2079 223/2150/2080
f 222/1036/2081 217/1680/2082 698/1885/2083 700/821/2084
f 219/1502/2085 222/681/2086 700/1366/2087 699/540/2088
f 694/2749/2089 690/2025/2090 691/1720/2091 701/2966/2092
f 692/508/2093 695/1207/2094 702/888/2095 693/1196/2096
f 696/2465/2097 694/2749/2098 701/2966/2099 703/767/2100
f 695/1207/2101 697/2712/2102 704/1765/2103 702/888/2104
f 170/2676/2105 705/1356/2106 680/2602/2107 171/2503/2108
f 706/2714/2109 169/3000/2110 168/1223/2111 681/1204/2112
f 682/1202/2113 680/2602/2114 705/1356/2115 707/726/2116
f 681/1204/2117 683/3200/2118 708/1315/2119 706/2714/2120
f 705/1356/2121 170/2676/2122 173/523/2123 709/1268/2124
f 169/3000/2125 706/2714/2126 709/179/2127 173/413/2128
f 707/726/2129 705/1356/2130 709/1268/2131 710/3178/2132
f 706/2714/2133 708/1315/2134 710/1333/2135 709/179/2136
f 700/821/2137 698/1885/2138 711/177/2139 712/479/2140
f 699/540/2141 700/1366/2142 712/2513/2143 713/2726/2144
f 703/767/2145 711/177/2146 698/1885/2147 696/2465/2148
f 699/540/2149 713/2726/2150 704/1765/2151 697/2712/2152
f 714/1880/2153 715/311/2154 716/2972/2155 717/939/2156
f 718/273/2157 719/1119/2158 720/2186/2159 721/866/2160
f 714/1880/2161 722/1385/2162 723/2369/2163 715/311/2164
f 724/3089/2165 719/1119/2166 718/273/2167 725/282/2168
f 726/1769/2169 723/2369/2170 722/1385/2171 727/422/2172
f 725/282/2173 728/2155/2174 729/1634/2175 724/3089/2176
f 730/1179/2177 731/2136/2178 732/2008/2179 733/2637/2180
f 728/2155/2181 734/2298/2182 735/37/2183 729/1634/2184
f 736/1609/2185 730/1179/2186 733/2637/2187 737/3107/2188
f 738/1543/2189 739/820/2190 740/882/2191 741/1843/2192
f 732/2008/2193 731/2136/2194 726/1769/2195 727/422/2196
f 735/37/2197 734/2298/2198 738/1543/2199 741/1843/2200
f 742/1419/2201 736/1609/2202 737/3107/2203 188/448/2204
f 739/820/2205 743/2147/2206 190/370/2207 740/882/2208
f 744/2346/2209 742/1419/2210 188/448/2211 192/1060/2212
f 743/2147/2213 745/89/2214 194/18/2215 190/370/2216
f 192/1060/2217 202/710/2218 746/2294/2219 744/2346/2220
f 203/1966/2221 194/18/2222 745/89/2223 747/2457/2224
f 202/710/2225 205/2182/2226 748/173/2227 746/2294/2228
f 207/2616/2229 203/1966/2230 747/2457/2231 749/1981/2232
f 748/173/2233 205/2182/2234 215/1452/2235 750/1343/2236
f 207/2616/2237 749/1981/2238 751/427/2239 224/2829/2240
f 215/1452/2241 717/939/2242 716/2972/2243 750/1343/2244
f 721/866/2245 720/2186/2246 224/2829/2247 751/427/2248
f 224/2829/2249 720/2186/2250 752/1520/2251 220/3032/2252
f 717/939/2253 215/1452/2254 218/832/2255 753/2413/2256
f 221/2586/2257 754/21/2258 753/2413/2259 218/832/2260
f 754/2606/2261 221/242/2262 220/3032/2263 752/1520/2264
f 752/1520/2265 720/2186/2266 719/1119/2267 755/1332/2268
f 714/1880/2269 717/939/2270 753/2413/2271 756/2982/2272
f 754/2606/2273 752/1520/2274 755/1332/2275 757/1025/2276
f 753/2413/2277 754/21/2278 757/2400/2279 756/2982/2280
f 109/3152/2281 108/2539/2282 104/255/2283 103/1445/2284
f 246/1741/2285 104/2831/2286 108/2628/2287 242/3040/2288
f 332/1253/2289 247/2486/2290 246/1741/2291 242/3040/2292
f 253/1695/2293 247/2486/2294 332/1253/2295 340/1357/2296
f 339/486/2297 254/1650/2298 253/1695/2299 340/1357/2300
f 263/1812/2301 254/1650/2302 339/486/2303 346/1304/2304
f 264/2329/2305 263/1812/2306 346/1304/2307 345/1459/2308
f 351/371/2309 269/1072/2310 264/2329/2311 345/1459/2312
f 270/2727/2313 269/1072/2314 351/371/2315 354/906/2316
f 357/1239/2317 275/752/2318 270/2727/2319 354/906/2320
f 276/2040/2321 275/752/2322 357/1239/2323 360/2338/2324
f 360/2338/2325 365/2072/2326 282/2672/2327 276/2040/2328
f 283/1977/2329 282/2672/2330 365/2072/2331 368/22/2332
f 368/22/2333 473/983/2334 470/355/2335 283/1977/2336
f 291/3205/2337 290/2349/2338 381/2957/2339 384/1844/2340
f 297/3043/2341 291/3205/2342 384/1844/2343 373/2560/2344
f 373/2560/2345 376/1181/2346 298/3125/2347 297/3043/2348
f 327/358/2349 298/3125/2350 376/1181/2351 392/1329/2352
f 391/2303/2353 328/3145/2354 327/358/2355 392/1329/2356
f 398/2633/2357 307/571/2358 328/3145/2359 391/2303/2360
f 308/1669/2361 307/571/2362 398/2633/2363 397/2733/2364
f 397/2733/2365 403/2117/2366 314/306/2367 308/1669/2368
f 315/735/2369 314/306/2370 403/2117/2371 406/2054/2372
f 409/3169/2373 322/3080/2374 315/735/2375 406/2054/2376
f 226/2119/2377 322/3080/2378 409/3169/2379 229/3190/2380
f 89/900/2381 226/2119/2382 229/3190/2383 85/1427/2384
f 90/2490/2385 89/1341/2386 85/2216/2387 80/110/2388
f 196/2764/2389 90/2490/2390 80/110/2391 78/1244/2392
f 665/2566/2393 196/2764/2394 78/1244/2395 76/896/2396
f 669/745/2397 665/2566/2398 76/896/2399 74/781/2400
f 673/2599/2401 669/745/2402 74/781/2403 72/3042/2404
f 677/616/2405 673/2599/2406 72/3042/2407 70/1426/2408
f 662/99/2409 677/616/2410 70/1426/2411 67/2101/2412
f 158/2921/2413 662/99/2414 67/2101/2415 160/2264/2416
f 132/770/2417 158/2921/2418 160/2264/2419 143/72/2420
f 142/1225/2421 133/2550/2422 132/770/2423 143/72/2424
f 496/2403/2425 133/2550/2426 142/1225/2427 500/962/2428
f 134/1592/2429 496/2403/2430 500/962/2431 145/2172/2432
f 135/2300/2433 134/1592/2434 145/2172/2435 144/1188/2436
f 163/2947/2437 159/2902/2438 135/2300/2439 144/1188/2440
f 663/1593/2441 159/2902/2442 163/2947/2443 69/2389/2444
f 679/3161/2445 663/1593/2446 69/2389/2447 68/2250/2448
f 675/656/2449 679/3161/2450 68/2250/2451 71/313/2452
f 671/1224/2453 675/656/2454 71/313/2455 73/2319/2456
f 667/2965/2457 671/1224/2458 73/2319/2459 75/980/2460
f 198/2351/2461 667/2965/2462 75/980/2463 77/2685/2464
f 92/3036/2465 198/2351/2466 77/2685/2467 79/2838/2468
f 2421/2531/2469 93/1117/2470 92/3036/2471 79/2838/2472
f 231/575/2473 227/1004/2474 93/1197/2475 2421/930/2476
f 411/1453/2477 325/698/2478 227/1004/2479 231/575/2480
f 326/1173/2481 325/698/2482 411/1453/2483 414/106/2484
f 414/106/2485 407/796/2486 318/2723/2487 326/1173/2488
f 319/1162/2489 318/2723/2490 407/796/2491 401/2322/2492
f 396/1100/2493 309/1325/2494 319/1162/2495 401/2322/2496
f 395/2361/2497 310/2049/2498 309/1325/2499 396/1100/2500
f 301/1018/2501 310/2049/2502 395/2361/2503 379/3183/2504
f 379/3183/2505 378/2673/2506 302/1897/2507 301/1018/2508
f 475/715/2509 302/1897/2510 378/2673/2511 482/1798/2512
f 482/1798/2513 481/883/2514 476/2826/2515 475/715/2516
f 647/3147/2517 476/2826/2518 481/883/2519 646/2297/2520
f 295/12/2521 294/2408/2522 385/754/2523 388/3074/2524
f 388/3074/2525 369/1825/2526 286/1760/2527 295/12/2528
f 287/615/2529 286/1760/2530 369/1825/2531 372/2655/2532
f 361/1713/2533 279/1557/2534 287/615/2535 372/2655/2536
f 280/14/2537 279/1557/2538 361/1713/2539 364/2662/2540
f 355/649/2541 272/1660/2542 280/14/2543 364/2662/2544
f 265/2169/2545 272/1660/2546 355/649/2547 349/639/2548
f 349/639/2549 344/2105/2550 257/2981/2551 265/2169/2552
f 344/2105/2553 343/2702/2554 258/2064/2555 257/2981/2556
f 249/48/2557 258/2064/2558 343/2702/2559 336/463/2560
f 336/463/2561 335/191/2562 250/2763/2563 249/48/2564
f 244/1736/2565 250/2763/2566 335/191/2567 241/260/2568
f 105/633/2569 244/1736/2570 241/260/2571 111/1229/2572
f 111/2087/2573 114/1907/2574 106/1413/2575 105/3133/2576
f 758/2209/2577 187/3053/2578 188/448/2579 737/3107/2580
f 189/869/2581 759/193/2582 740/882/2583 190/370/2584
f 760/2309/2585 761/2127/2586 187/3053/2587 758/2209/2588
f 761/2127/2589 760/2309/2590 759/193/2591 189/869/2592
f 762/789/2593 763/1962/2594 764/1624/2595 765/3186/2596
f 766/1352/2597 767/1970/2598 768/1675/2599 769/428/2600
f 765/3186/2601 770/2971/2602 771/2938/2603 762/789/2604
f 772/34/2605 768/1675/2606 767/1970/2607 773/559/2608
f 774/417/2609 775/2011/2610 771/2938/2611 770/2971/2612
f 776/779/2613 777/1002/2614 772/34/2615 773/559/2616
f 778/814/2617 779/465/2618 764/1624/2619 763/1962/2620
f 780/1193/2621 781/1048/2622 766/1352/2623 769/428/2624
f 782/2494/2625 783/19/2626 784/461/2627 785/65/2628
f 786/2030/2629 787/2806/2630 788/824/2631 789/216/2632
f 790/543/2633 785/65/2634 784/461/2635 791/1321/2636
f 789/216/2637 792/81/2638 793/753/2639 786/2030/2640
f 794/2996/2641 795/2071/2642 796/439/2643 797/2624/2644
f 792/81/2645 798/63/2646 799/524/2647 793/753/2648
f 800/305/2649 801/1971/2650 794/2996/2651 797/2624/2652
f 802/1466/2653 803/1420/2654 804/1887/2655 805/1340/2656
f 806/1867/2657 807/1753/2658 808/595/2659 809/294/2660
f 810/2822/2661 811/1317/2662 803/1420/2663 802/1466/2664
f 812/512/2665 813/1330/2666 775/2011/2667 774/417/2668
f 777/1002/2669 776/779/2670 814/2910/2671 815/2986/2672
f 816/2962/2673 758/2209/2674 737/3107/2675 733/2637/2676
f 759/193/2677 817/1265/2678 741/1843/2679 740/882/2680
f 816/2962/2681 818/1136/2682 760/2309/2683 758/2209/2684
f 818/1136/2685 817/1265/2686 759/193/2687 760/2309/2688
f 765/725/2689 764/2358/2690 819/532/2691 820/2785/2692
f 769/1668/2693 768/708/2694 821/315/2695 822/1595/2696
f 770/922/2697 765/725/2698 820/2785/2699 823/457/2700
f 768/708/2701 772/1711/2702 824/1808/2703 821/315/2704
f 774/1957/2705 770/922/2706 823/457/2707 825/2/2708
f 772/1711/2709 777/2802/2710 826/1545/2711 824/1808/2712
f 774/1957/2713 825/2/2714 827/1069/2715 828/2703/2716
f 829/253/2717 826/1545/2718 777/2802/2719 830/2068/2720
f 827/1069/2721 831/2305/2722 832/3002/2723 828/2703/2724
f 832/330/2725 831/2911/2726 829/253/2727 830/2068/2728
f 774/1957/2729 828/2703/2730 833/2833/2731 812/90/2732
f 830/2068/2733 777/2802/2734 815/918/2735 834/1320/2736
f 828/2703/2737 832/3002/2738 835/1109/2739 833/2833/2740
f 832/330/2741 830/2068/2742 834/1320/2743 835/761/2744
f 764/2358/2745 779/309/2746 836/2964/2747 819/532/2748
f 780/2855/2749 769/1668/2750 822/1595/2751 837/2564/2752
f 838/1704/2753 839/2160/2754 840/1362/2755 841/1434/2756
f 842/356/2757 843/2842/2758 838/1704/2759 841/1434/2760
f 840/1362/2761 839/2160/2762 836/2964/2763 779/309/2764
f 837/2564/2765 843/2842/2766 842/356/2767 780/2855/2768
f 844/970/2769 845/2210/2770 846/2545/2771 847/3108/2772
f 848/116/2773 845/2210/2774 844/970/2775 849/488/2776
f 846/2545/2777 782/1039/2778 785/1972/2779 847/3108/2780
f 789/1390/2781 788/74/2782 848/116/2783 849/488/2784
f 785/1972/2785 790/1289/2786 850/2507/2787 847/3108/2788
f 792/1430/2789 789/1390/2790 849/488/2791 851/1810/2792
f 847/3108/2793 850/2507/2794 852/2435/2795 844/970/2796
f 851/1810/2797 849/488/2798 844/970/2799 852/2435/2800
f 852/2435/2801 853/2814/2802 854/3082/2803 851/1810/2804
f 853/2814/2805 852/2435/2806 850/2507/2807 855/1509/2808
f 799/524/2809 798/63/2810 856/818/2811 857/1949/2812
f 796/439/2813 795/2071/2814 790/543/2815 791/1321/2816
f 798/2214/2817 792/1430/2818 851/1810/2819 854/3082/2820
f 790/1289/2821 795/650/2822 855/1509/2823 850/2507/2824
f 858/1113/2825 859/1625/2826 860/2466/2827 861/2594/2828
f 859/295/2829 858/557/2830 862/2310/2831 863/727/2832
f 864/56/2833 742/2912/2834 744/139/2835 865/1144/2836
f 743/2047/2837 866/662/2838 867/3167/2839 745/2492/2840
f 742/2912/2841 864/56/2842 868/2437/2843 736/394/2844
f 866/662/2845 743/2047/2846 739/1292/2847 869/763/2848
f 736/394/2849 868/2437/2850 870/923/2851 730/247/2852
f 869/763/2853 739/1292/2854 738/2409/2855 871/2180/2856
f 870/923/2857 872/1793/2858 731/163/2859 730/247/2860
f 873/164/2861 871/2180/2862 738/2409/2863 734/552/2864
f 874/147/2865 865/1144/2866 744/139/2867 746/2010/2868
f 867/3167/2869 875/2383/2870 747/1347/2871 745/2492/2872
f 876/2631/2873 874/147/2874 746/2010/2875 748/3140/2876
f 875/2383/2877 877/1043/2878 749/703/2879 747/1347/2880
f 878/1423/2881 876/2631/2882 748/3140/2883 750/1991/2884
f 877/1043/2885 879/2887/2886 751/2337/2887 749/703/2888
f 880/1585/2889 878/1423/2890 750/1991/2891 716/467/2892
f 879/2887/2893 881/2277/2894 721/2669/2895 751/2337/2896
f 882/2012/2897 880/1585/2898 716/467/2899 715/3039/2900
f 718/1927/2901 721/2669/2902 881/2277/2903 883/3084/2904
f 884/717/2905 882/2459/2906 715/803/2907 723/2399/2908
f 883/565/2909 885/3055/2910 725/2118/2911 718/1083/2912
f 886/2454/2913 884/717/2914 723/2399/2915 726/1587/2916
f 885/3055/2917 887/2858/2918 728/1157/2919 725/2118/2920
f 726/1587/2921 731/163/2922 872/1793/2923 886/2454/2924
f 734/552/2925 728/1157/2926 887/2858/2927 873/164/2928
f 888/2753/2929 889/3059/2930 890/1922/2931 891/1903/2932
f 892/2233/2933 893/2752/2934 877/1043/2935 875/2383/2936
f 894/1666/2937 888/2753/2938 891/1903/2939 895/2280/2940
f 893/2752/2941 896/2575/2942 879/2887/2943 877/1043/2944
f 897/1503/2945 894/1666/2946 895/2280/2947 898/2638/2948
f 896/2575/2949 899/2843/2950 881/2277/2951 879/2887/2952
f 900/57/2953 897/1503/2954 898/2638/2955 901/470/2956
f 899/2843/2957 902/125/2958 883/3084/2959 881/2277/2960
f 903/747/2961 900/1508/2962 901/367/2963 904/1067/2964
f 902/2446/2965 905/574/2966 885/3055/2967 883/565/2968
f 906/668/2969 907/1954/2970 890/1922/2971 889/3059/2972
f 867/3167/2973 908/3025/2974 892/2233/2975 875/2383/2976
f 909/568/2977 910/1183/2978 907/1954/2979 906/668/2980
f 866/662/2981 911/530/2982 908/3025/2983 867/3167/2984
f 912/890/2985 910/1183/2986 909/568/2987 913/1010/2988
f 914/663/2989 911/530/2990 866/662/2991 869/763/2992
f 915/759/2993 912/890/2994 913/1010/2995 916/2955/2996
f 917/2709/2997 914/663/2998 869/763/2999 871/2180/3000
f 918/1446/3001 919/1577/3002 915/759/3003 916/2955/3004
f 873/164/3005 920/2028/3006 917/2709/3007 871/2180/3008
f 921/1310/3009 919/1577/3010 918/1446/3011 922/1058/3012
f 873/164/3013 887/2858/3014 923/636/3015 920/2028/3016
f 904/1067/3017 921/1310/3018 922/1058/3019 903/747/3020
f 887/2858/3021 885/3055/3022 905/574/3023 923/636/3024
f 924/1189/3025 925/404/3026 926/2924/3027 927/758/3028
f 928/1063/3029 929/1941/3030 930/2354/3031 931/2323/3032
f 932/1130/3033 924/1189/3034 927/758/3035 933/145/3036
f 929/1941/3037 934/50/3038 935/2879/3039 930/2354/3040
f 936/1133/3041 932/1130/3042 933/145/3043 937/35/3044
f 938/2730/3045 935/2879/3046 934/50/3047 939/2732/3048
f 940/521/3049 936/1133/3050 937/35/3051 941/1152/3052
f 942/2244/3053 943/3179/3054 938/2730/3055 939/2732/3056
f 944/1600/3057 945/502/3058 940/521/3059 941/1152/3060
f 946/1348/3061 943/3179/3062 942/2244/3063 947/626/3064
f 948/1044/3065 945/502/3066 944/1600/3067 949/694/3068
f 950/333/3069 951/1819/3070 948/1044/3071 949/694/3072
f 952/236/3073 953/2158/3074 954/223/3075 955/429/3076
f 956/2350/3077 957/454/3078 951/1819/3079 950/333/3080
f 953/2158/3081 958/3006/3082 959/1220/3083 954/223/3084
f 960/101/3085 961/3098/3086 957/454/3087 956/2350/3088
f 958/3006/3089 962/261/3090 963/1297/3091 959/1220/3092
f 964/2959/3093 961/3098/3094 960/101/3095 965/2154/3096
f 962/261/3097 966/3012/3098 967/1663/3099 963/1297/3100
f 968/201/3101 964/2959/3102 965/2154/3103 969/947/3104
f 966/1811/3105 970/2940/3106 971/2820/3107 967/2541/3108
f 925/404/3109 968/652/3110 969/943/3111 926/2924/3112
f 91/299/3113 195/3079/3114 199/1676/3115 97/613/3116
f 686/2890/3117 199/1676/3118 195/3079/3119 664/2759/3120
f 691/1720/3121 686/2890/3122 664/2759/3123 688/249/3124
f 701/2966/3125 691/1720/3126 688/249/3127 684/283/3128
f 703/767/3129 701/2966/3130 684/283/3131 682/1202/3132
f 707/726/3133 711/177/3134 703/767/3135 682/1202/3136
f 712/479/3137 711/177/3138 707/726/3139 710/3178/3140
f 713/2726/3141 712/2513/3142 710/1333/3143 708/1315/3144
f 704/1765/3145 713/2726/3146 708/1315/3147 683/3200/3148
f 702/888/3149 704/1765/3150 683/3200/3151 685/496/3152
f 693/1196/3153 702/888/3154 685/496/3155 689/3027/3156
f 687/2308/3157 693/1196/3158 689/3027/3159 666/2088/3160
f 200/981/3161 687/2308/3162 666/2088/3163 197/1020/3164
f 197/1020/3165 95/1628/3166 101/1488/3167 200/981/3168
f 102/2396/3169 101/1488/3170 95/1628/3171 94/2122/3172
f 605/304/3173 608/335/3174 102/328/3175 94/2422/3176
f 605/304/3177 625/2273/3178 615/755/3179 608/335/3180
f 643/2421/3181 615/755/3182 625/2273/3183 659/2687/3184
f 641/3034/3185 643/2421/3186 659/2687/3187 658/2700/3188
f 637/645/3189 641/3034/3190 658/2700/3191 657/174/3192
f 638/2086/3193 637/645/3194 657/174/3195 656/1086/3196
f 655/73/3197 597/1337/3198 638/2086/3199 656/1086/3200
f 598/827/3201 597/1337/3202 655/73/3203 654/2868/3204
f 600/2278/3205 598/827/3206 654/2868/3207 653/1006/3208
f 652/2069/3209 601/2985/3210 600/2278/3211 653/1006/3212
f 650/2102/3213 562/246/3214 601/2985/3215 652/2069/3216
f 651/2646/3217 563/600/3218 562/246/3219 650/2102/3220
f 515/2415/3221 563/600/3222 651/2646/3223 649/1968/3224
f 648/1143/3225 293/209/3226 515/2415/3227 649/1968/3228
f 648/2265/3229 647/3147/3230 294/2408/3231 293/2004/3232
f 385/754/3233 294/2408/3234 647/3147/3235 646/2297/3236
f 646/2297/3237 645/2708/3238 386/400/3239 385/754/3240
f 439/62/3241 386/400/3242 645/2708/3243 644/1874/3244
f 490/591/3245 439/62/3246 644/1874/3247 483/2667/3248
f 491/2850/3249 490/591/3250 483/2667/3251 484/2488/3252
f 443/2336/3253 487/1598/3254 491/2850/3255 484/2488/3256
f 442/1107/3257 488/1471/3258 487/1598/3259 443/2336/3260
f 447/359/3261 469/1103/3262 488/1471/3263 442/1107/3264
f 466/1237/3265 469/1103/3266 447/359/3267 446/2146/3268
f 462/231/3269 466/1237/3270 446/2146/3271 450/2692/3272
f 450/2692/3273 453/204/3274 463/2881/3275 462/231/3276
f 458/1923/3277 463/2881/3278 453/204/3279 456/2656/3280
f 456/2656/3281 455/2453/3282 459/190/3283 458/1923/3284
f 235/2630/3285 459/190/3286 455/2453/3287 233/614/3288
f 124/1952/3289 120/948/3290 235/2630/3291 233/614/3292
f 121/1925/3293 120/1673/3294 124/178/3295 125/1667/3296
f 185/2411/3297 184/1373/3298 121/1925/3299 125/1667/3300
f 118/1491/3301 184/1373/3302 185/2411/3303 123/3102/3304
f 119/399/3305 118/1491/3306 123/3102/3307 122/2443/3308
f 237/1192/3309 119/666/3310 122/784/3311 234/2565/3312
f 234/2565/3313 454/751/3314 457/131/3315 237/1192/3316
f 460/1783/3317 457/131/3318 454/751/3319 452/1381/3320
f 452/1381/3321 451/360/3322 461/1934/3323 460/1783/3324
f 464/2469/3325 461/1934/3326 451/360/3327 449/2257/3328
f 465/1549/3329 464/2469/3330 449/2257/3331 448/2145/3332
f 445/910/3333 467/1863/3334 465/1549/3335 448/2145/3336
f 468/1963/3337 467/1863/3338 445/910/3339 444/2434/3340
f 485/200/3341 468/1963/3342 444/2434/3343 440/2770/3344
f 486/252/3345 485/200/3346 440/2770/3347 441/2258/3348
f 437/2213/3349 489/2299/3350 486/252/3351 441/2258/3352
f 436/2430/3353 474/1141/3354 489/2299/3355 437/2213/3356
f 472/804/3357 474/1141/3358 436/2430/3359 382/3068/3360
f 473/983/3361 472/804/3362 382/3068/3363 381/2957/3364
f 470/355/3365 473/983/3366 381/2957/3367 290/2349/3368
f 471/3030/3369 470/355/3370 290/2349/3371 289/1574/3372
f 517/774/3373 471/281/3374 289/2442/3375 521/111/3376
f 570/1777/3377 560/1889/3378 517/774/3379 521/111/3380
f 582/1629/3381 560/1889/3382 570/1777/3383 558/381/3384
f 583/103/3385 582/1629/3386 558/381/3387 557/2083/3388
f 577/15/3389 583/103/3390 557/2083/3391 553/2070/3392
f 553/2070/3393 552/607/3394 578/1483/3395 577/15/3396
f 552/607/3397 545/1476/3398 574/239/3399 578/1483/3400
f 575/868/3401 574/239/3402 545/1476/3403 544/446/3404
f 634/324/3405 575/868/3406 544/446/3407 629/2869/3408
f 639/837/3409 634/324/3410 629/2869/3411 623/2393/3412
f 622/1059/3413 611/3194/3414 639/837/3415 623/2393/3416
f 622/1059/3417 621/2689/3418 612/2846/3419 611/3194/3420
f 607/1282/3421 612/2846/3422 621/2689/3423 603/569/3424
f 96/1305/3425 607/1282/3426 603/569/3427 88/586/3428
f 91/299/3429 97/613/3430 96/132/3431 88/1688/3432
f 971/2820/3433 931/2323/3434 972/1915/3435 973/1252/3436
f 967/2541/3437 971/2820/3438 973/1252/3439 974/120/3440
f 963/1297/3441 967/1663/3442 974/227/3443 975/1528/3444
f 959/1220/3445 963/1297/3446 975/1528/3447 976/2573/3448
f 954/223/3449 959/1220/3450 976/2573/3451 977/45/3452
f 955/429/3453 954/223/3454 977/45/3455 978/3111/3456
f 946/1348/3457 955/429/3458 978/3111/3459 979/2290/3460
f 979/2290/3461 980/2636/3462 943/3179/3463 946/1348/3464
f 938/2730/3465 943/3179/3466 980/2636/3467 981/58/3468
f 981/58/3469 982/1049/3470 935/2879/3471 938/2730/3472
f 930/2354/3473 935/2879/3474 982/1049/3475 983/1643/3476
f 931/2323/3477 930/2354/3478 983/1643/3479 972/1915/3480
f 984/1721/3481 985/254/3482 986/2279/3483 987/1205/3484
f 985/2262/3485 988/3136/3486 989/240/3487 986/1182/3488
f 988/3136/3489 990/2889/3490 991/2856/3491 989/240/3492
f 992/3156/3493 991/2856/3494 990/2889/3495 993/119/3496
f 994/641/3497 992/3156/3498 993/119/3499 995/1890/3500
f 996/95/3501 997/1081/3502 998/3154/3503 995/1890/3504
f 999/1661/3505 997/1081/3506 996/95/3507 1000/3174/3508
f 1001/2906/3509 1002/278/3510 999/1661/3511 1000/3174/3512
f 1001/2906/3513 1003/2979/3514 1004/2178/3515 1002/278/3516
f 1003/2979/3517 984/1721/3518 1005/1590/3519 1004/2178/3520
f 1006/1853/3521 953/2158/3522 952/236/3523 947/626/3524
f 1007/464/3525 958/3006/3526 953/2158/3527 1006/1853/3528
f 1007/464/3529 1008/1338/3530 962/261/3531 958/3006/3532
f 1008/1338/3533 1009/1837/3534 966/3012/3535 962/261/3536
f 1009/3192/3537 928/1063/3538 970/2940/3539 966/1811/3540
f 1010/1834/3541 1011/1883/3542 992/3156/3543 994/641/3544
f 1011/1883/3545 1012/1531/3546 991/2856/3547 992/3156/3548
f 989/240/3549 991/2856/3550 1012/1531/3551 1013/3118/3552
f 986/1182/3553 989/240/3554 1013/3118/3555 1014/501/3556
f 987/1205/3557 986/2279/3558 1014/2585/3559 1015/1770/3560
f 952/236/3561 955/429/3562 946/1348/3563 947/626/3564
f 1010/1834/3565 994/641/3566 995/1890/3567 998/3154/3568
f 970/2940/3569 928/1063/3570 931/2323/3571 971/2820/3572
f 984/1721/3573 987/1205/3574 1015/1770/3575 1005/1590/3576
f 1016/3184/3577 1017/671/3578 1018/2051/3579 1019/1801/3580
f 984/1721/3581 1003/2979/3582 1020/2909/3583 1021/1870/3584
f 1022/2754/3585 1016/3184/3586 1019/1801/3587 1023/1176/3588
f 1003/2979/3589 1001/2906/3590 1024/949/3591 1020/2909/3592
f 1025/115/3593 1022/2754/3594 1023/1176/3595 1026/2473/3596
f 1001/2906/3597 1000/3174/3598 1027/2866/3599 1024/949/3600
f 1028/1958/3601 1025/115/3602 1026/2473/3603 1029/819/3604
f 1000/3174/3605 996/95/3606 1030/3077/3607 1027/2866/3608
f 1031/801/3609 1028/1958/3610 1029/819/3611 1032/716/3612
f 996/95/3613 995/1890/3614 1033/2097/3615 1030/3077/3616
f 1034/838/3617 1031/801/3618 1032/716/3619 1035/3127/3620
f 995/1890/3621 993/119/3622 1036/2999/3623 1033/2097/3624
f 1037/1260/3625 1034/838/3626 1035/3127/3627 1038/628/3628
f 993/119/3629 990/2889/3630 1039/471/3631 1036/2999/3632
f 1040/932/3633 1037/1260/3634 1038/628/3635 1041/2427/3636
f 990/2889/3637 988/3136/3638 1042/538/3639 1039/471/3640
f 1043/1799/3641 1040/932/3642 1041/2427/3643 1044/409/3644
f 988/3136/3645 985/2262/3646 1045/2861/3647 1042/538/3648
f 1017/671/3649 1043/6/3650 1044/3045/3651 1018/2051/3652
f 985/254/3653 984/1721/3654 1021/1870/3655 1045/2864/3656
f 1046/2447/3657 1047/128/3658 1048/1262/3659 1049/1484/3660
f 1050/2998/3661 1051/3035/3662 1052/1334/3663 1053/2675/3664
f 1049/1484/3665 1054/2005/3666 1055/1454/3667 1046/2447/3668
f 1056/1254/3669 1057/195/3670 1052/1334/3671 1051/3035/3672
f 1054/576/3673 1058/192/3674 1059/42/3675 1055/2559/3676
f 1060/245/3677 1061/845/3678 1062/1361/3679 1063/1455/3680
f 1064/1539/3681 1048/1262/3682 1047/128/3683 1065/2895/3684
f 1066/2089/3685 1067/2124/3686 1060/2382/3687 1063/1316/3688
f 1068/1050/3689 1069/3085/3690 1065/2895/3691 1047/128/3692
f 1070/117/3693 1071/2388/3694 1055/2559/3695 1059/42/3696
f 1046/2447/3697 1055/1454/3698 1071/772/3699 1072/2251/3700
f 1072/2251/3701 1068/1050/3702 1047/128/3703 1046/2447/3704
f 1073/1733/3705 1074/1726/3706 1075/336/3707 1076/2558/3708
f 1077/2883/3709 1078/2115/3710 1073/1534/3711 1076/1155/3712
f 1079/1510/3713 1080/2654/3714 1081/3197/3715 1082/810/3716
f 1083/1336/3717 1079/1510/3718 1082/810/3719 1084/1051/3720
f 1085/1116/3721 1065/2895/3722 1069/3085/3723 1086/2623/3724
f 1087/2132/3725 1064/1539/3726 1065/2895/3727 1085/1116/3728
f 1050/2998/3729 1053/2675/3730 1067/2124/3731 1066/2089/3732
f 1075/336/3733 1074/1726/3734 1083/1336/3735 1084/1051/3736
f 1085/1569/3737 1059/42/3738 1058/192/3739 1087/2474/3740
f 1086/1758/3741 1070/117/3742 1059/42/3743 1085/1569/3744
f 1081/138/3745 1080/546/3746 1078/2115/3747 1077/2883/3748
f 1062/1361/3749 1061/845/3750 1057/840/3751 1056/401/3752
f 1088/847/3753 1054/2005/3754 1049/1484/3755 1089/3007/3756
f 1090/2698/3757 1058/192/3758 1054/576/3759 1088/2941/3760
f 1087/2474/3761 1058/192/3762 1090/2698/3763 1091/221/3764
f 1092/232/3765 1064/1539/3766 1087/2132/3767 1091/2385/3768
f 1093/2439/3769 1048/1262/3770 1064/1539/3771 1092/232/3772
f 1048/1262/3773 1093/2439/3774 1089/3007/3775 1049/1484/3776
f 1094/2332/3777 1095/1122/3778 1080/2654/3779 1079/1510/3780
f 1078/2115/3781 1080/546/3782 1095/1965/3783 1096/1588/3784
f 1073/1534/3785 1078/2115/3786 1096/1588/3787 1097/2315/3788
f 1097/146/3789 1098/2595/3790 1074/1726/3791 1073/1733/3792
f 1083/1336/3793 1074/1726/3794 1098/2595/3795 1099/1518/3796
f 1094/2332/3797 1079/1510/3798 1083/1336/3799 1099/1518/3800
f 1100/2359/3801 1101/2522/3802 1102/419/3803 1103/1308/3804
f 1104/950/3805 1105/1909/3806 1106/1256/3807 1107/536/3808
f 1108/334/3809 1109/1794/3810 1110/1744/3811 1111/230/3812
f 1112/1828/3813 1113/2805/3814 1104/2018/3815 1107/279/3816
f 1114/3110/3817 1115/2419/3818 1109/1794/3819 1108/334/3820
f 1116/787/3821 1117/2266/3822 1113/2805/3823 1112/1828/3824
f 1118/625/3825 1117/771/3826 1116/2603/3827 1119/84/3828
f 1110/1604/3829 1100/2359/3830 1103/1308/3831 1111/2295/3832
f 1105/1909/3833 1118/625/3834 1119/84/3835 1106/1256/3836
f 1101/2522/3837 1115/1773/3838 1114/2046/3839 1102/419/3840
f 1120/1175/3841 1121/1226/3842 1122/2198/3843 1123/760/3844
f 1124/893/3845 1125/2042/3846 1126/822/3847 1127/1023/3848
f 1128/87/3849 1129/1802/3850 1130/1263/3851 1131/1108/3852
f 1125/183/3853 1132/1011/3854 1133/332/3855 1126/136/3856
f 1134/49/3857 1128/87/3858 1131/1108/3859 1135/2021/3860
f 1132/1011/3861 1136/1916/3862 1137/1787/3863 1133/332/3864
f 1129/3109/3865 1120/1175/3866 1123/760/3867 1130/143/3868
f 1138/936/3869 1124/893/3870 1127/1023/3871 1139/199/3872
f 1121/1226/3873 1134/537/3874 1135/1132/3875 1122/2198/3876
f 1136/3075/3877 1138/936/3878 1139/199/3879 1137/1692/3880
f 1140/2618/3881 1141/1461/3882 1142/1217/3883 1143/631/3884
f 1144/2960/3885 1145/2128/3886 1146/673/3887 1147/180/3888
f 1148/423/3889 1149/2157/3890 1150/1785/3891 1151/1742/3892
f 1152/1401/3893 1153/2505/3894 1154/1524/3895 1155/1551/3896
f 1156/1847/3897 1157/1644/3898 1158/1988/3899 1159/599/3900
f 1155/3166/3901 1154/144/3902 1160/3010/3903 1161/1105/3904
f 1159/599/3905 1158/1988/3906 1162/1094/3907 1163/1633/3908
f 1161/1105/3909 1160/3010/3910 1164/2767/3911 1165/587/3912
f 1163/1279/3913 1162/1845/3914 1141/1461/3915 1140/2618/3916
f 1165/806/3917 1164/769/3918 1145/2128/3919 1144/2960/3920
f 1151/1742/3921 1150/1785/3922 1157/26/3923 1156/2334/3924
f 1147/180/3925 1146/673/3926 1166/2825/3927 1167/1363/3928
f 1168/1795/3929 1169/2183/3930 1170/1835/3931 1171/2928/3932
f 1144/2960/3933 1147/180/3934 1172/2425/3935 1173/3187/3936
f 1174/2179/3937 1175/1788/3938 1176/2487/3939 1177/243/3940
f 1147/180/3941 1167/1363/3942 1178/647/3943 1172/2425/3944
f 1179/2187/3945 1180/3129/3946 1181/316/3947 1182/1789/3948
f 1155/3166/3949 1161/1105/3950 1183/405/3951 1184/228/3952
f 1185/828/3953 1179/2187/3954 1182/1789/3955 1186/2834/3956
f 1161/1105/3957 1165/587/3958 1187/376/3959 1183/405/3960
f 1169/2183/3961 1185/2211/3962 1186/2367/3963 1170/1835/3964
f 1165/806/3965 1144/2960/3966 1173/3187/3967 1187/1040/3968
f 1180/2458/3969 1174/2179/3970 1177/243/3971 1181/1374/3972
f 1152/1401/3973 1155/1551/3974 1184/697/3975 1188/426/3976
f 1141/1461/3977 1162/1845/3978 1189/2950/3979 1190/196/3980
f 1162/1094/3981 1158/1988/3982 1191/1994/3983 1189/1473/3984
f 1158/1988/3985 1157/1644/3986 1192/271/3987 1191/1994/3988
f 1157/26/3989 1150/1785/3990 1193/627/3991 1192/1295/3992
f 1150/1785/3993 1149/2157/3994 1194/901/3995 1193/627/3996
f 1142/1217/3997 1141/1461/3998 1190/196/3999 1195/3061/4000
f 1187/1040/4001 1173/3187/4002 1196/2341/4003 1197/2666/4004
f 1183/405/4005 1187/376/4006 1197/1324/4007 1198/2942/4008
f 1184/228/4009 1183/405/4010 1198/2942/4011 1199/1241/4012
f 1188/426/4013 1184/697/4014 1199/2519/4015 1200/1153/4016
f 1172/2425/4017 1178/647/4018 1201/714/4019 1202/2330/4020
f 1173/3187/4021 1172/2425/4022 1202/2330/4023 1196/2341/4024
f 1203/1437/4025 1204/2705/4026 1205/1687/4027 1206/573/4028
f 1207/902/4029 1208/3022/4030 1209/2710/4031 1210/3159/4032
f 1205/1687/4033 1204/2705/4034 1211/3101/4035 1212/1281/4036
f 1213/2991/4037 1214/913/4038 1215/2223/4039 1216/1944/4040
f 1217/1433/4041 1212/293/4042 1211/2219/4043 1218/2748/4044
f 1215/1822/4045 1219/2653/4046 1220/1478/4047 1216/1679/4048
f 1221/1937/4049 1203/1437/4050 1206/573/4051 1222/2357/4052
f 1208/3022/4053 1214/913/4054 1213/2991/4055 1209/2710/4056
f 1217/1433/4057 1218/2748/4058 1223/2204/4059 1224/1089/4060
f 1220/1478/4061 1219/2653/4062 1225/1724/4063 1226/1497/4064
f 1223/1839/4065 1221/1937/4066 1222/2357/4067 1224/1727/4068
f 1225/933/4069 1207/902/4070 1210/3159/4071 1226/2053/4072
f 1227/1854/4073 1228/1848/4074 1177/243/4075 1229/1474/4076
f 1209/2710/4077 1213/2991/4078 1230/149/4079 1231/290/4080
f 1232/2615/4081 1233/225/4082 1234/2240/4083 1235/2933/4084
f 1213/2991/4085 1216/1944/4086 1236/2137/4087 1230/149/4088
f 1237/482/4089 1232/1034/4090 1235/2100/4091 1238/757/4092
f 1216/1679/4093 1220/1478/4094 1239/825/4095 1236/2917/4096
f 1233/225/4097 1227/1854/4098 1229/1474/4099 1234/2240/4100
f 1210/3159/4101 1209/2710/4102 1231/290/4103 1240/3148/4104
f 1241/1792/4105 1237/482/4106 1238/757/4107 1181/316/4108
f 1220/1478/4109 1226/1497/4110 1242/2056/4111 1239/825/4112
f 1228/1848/4113 1241/2778/4114 1181/1374/4115 1177/243/4116
f 1226/2053/4117 1210/3159/4118 1240/3148/4119 1242/2314/4120
f 1243/108/4121 1244/2716/4122 1245/713/4123 1246/2920/4124
f 1244/1158/4125 1247/2395/4126 1248/1596/4127 1245/2078/4128
f 1247/2395/4129 1249/1973/4130 1250/2837/4131 1248/1596/4132
f 1249/1973/4133 1251/1950/4134 1252/938/4135 1250/2837/4136
f 1251/1950/4137 1253/2371/4138 1254/2563/4139 1252/938/4140
f 1253/2371/4141 1255/2533/4142 1256/452/4143 1254/2563/4144
f 1255/2533/4145 1257/593/4146 1258/122/4147 1256/452/4148
f 1257/593/4149 1259/2134/4150 1260/2629/4151 1258/122/4152
f 1259/2134/4153 1261/2428/4154 1262/2724/4155 1260/2629/4156
f 1261/2428/4157 1243/108/4158 1246/2920/4159 1262/2724/4160
f 1263/2841/4161 1264/1163/4162 1265/2199/4163 1266/2691/4164
f 1267/850/4165 1263/3066/4166 1266/352/4167 1268/602/4168
f 1269/2098/4169 1267/850/4170 1268/602/4171 1270/3016/4172
f 1271/1138/4173 1269/2098/4174 1270/3016/4175 1272/2619/4176
f 1273/1335/4177 1271/1138/4178 1272/2619/4179 1274/1425/4180
f 1275/1804/4181 1273/1335/4182 1274/1425/4183 1276/3095/4184
f 1277/1382/4185 1275/1804/4186 1276/3095/4187 1278/659/4188
f 1279/456/4189 1277/1382/4190 1278/659/4191 1280/1552/4192
f 1281/1567/4193 1279/456/4194 1280/1552/4195 1282/510/4196
f 1264/1163/4197 1281/1567/4198 1282/510/4199 1265/2199/4200
f 1122/2198/4201 1283/3070/4202 1284/2246/4203 1123/760/4204
f 1285/823/4205 1286/1816/4206 1051/3035/4207 1287/2274/4208
f 1283/3070/4209 1288/1001/4210 1289/1612/4211 1284/2246/4212
f 1290/560/4213 1285/823/4214 1287/2274/4215 1291/1505/4216
f 1283/3070/4217 1122/2198/4218 1135/1132/4219 1288/1001/4220
f 1286/1816/4221 1285/823/4222 1290/560/4223 1292/197/4224
f 1284/2246/4225 1293/748/4226 1294/2405/4227 1123/760/4228
f 1295/2121/4229 1287/2274/4230 1051/3035/4231 1050/2998/4232
f 1296/3157/4233 1170/1835/4234 1294/2405/4235 1293/748/4236
f 1066/2089/4237 1297/2524/4238 1295/2121/4239 1050/2998/4240
f 1293/748/4241 1284/2246/4242 1289/1612/4243 1296/3157/4244
f 1287/2274/4245 1295/2121/4246 1297/2524/4247 1291/1505/4248
f 1289/1612/4249 1298/1346/4250 1299/2582/4251 1296/3157/4252
f 1300/553/4253 1291/1505/4254 1297/2524/4255 1301/2678/4256
f 1298/1346/4257 1289/1612/4258 1288/1001/4259 1302/431/4260
f 1291/1505/4261 1300/553/4262 1303/2026/4263 1290/560/4264
f 1296/3157/4265 1304/2467/4266 1171/2928/4267 1170/1835/4268
f 1305/1558/4269 1297/2524/4270 1066/2089/4271 1306/2412/4272
f 1296/3157/4273 1299/2582/4274 1307/793/4275 1304/2467/4276
f 1301/2678/4277 1297/2524/4278 1305/1558/4279 1308/881/4280
f 1309/1886/4281 1310/1896/4282 1229/1474/4283 1177/243/4284
f 1311/2365/4285 1312/3198/4286 1313/852/4287 1314/2067/4288
f 1229/1474/4289 1310/1896/4290 1315/3096/4291 1234/2240/4292
f 1311/2365/4293 1314/2067/4294 1316/1219/4295 1317/1813/4296
f 1315/3096/4297 1310/1896/4298 1309/1886/4299 1318/2461/4300
f 1311/2365/4301 1317/1813/4302 1319/1270/4303 1312/3198/4304
f 1320/3046/4305 1315/3096/4306 1318/2461/4307 1321/2374/4308
f 1317/1813/4309 1322/777/4310 1323/476/4311 1319/1270/4312
f 1143/631/4313 1142/1217/4314 1149/2157/4315 1148/423/4316
f 1194/901/4317 1149/2157/4318 1142/1217/4319 1195/3061/4320
f 1176/2487/4321 1175/1788/4322 1168/1795/4323 1171/2928/4324
f 1167/1363/4325 1166/2825/4326 1153/2505/4327 1152/1401/4328
f 1178/647/4329 1167/1363/4330 1152/1401/4331 1188/426/4332
f 1200/1153/4333 1201/714/4334 1178/647/4335 1188/426/4336
f 1324/2597/4337 1309/1886/4338 1177/243/4339 1176/2487/4340
f 1312/3198/4341 1325/1691/4342 1326/2776/4343 1313/852/4344
f 1304/2467/4345 1324/2597/4346 1176/2487/4347 1171/2928/4348
f 1325/1691/4349 1305/1558/4350 1306/2412/4351 1326/2776/4352
f 1304/2467/4353 1318/2461/4354 1309/1886/4355 1324/2597/4356
f 1319/1270/4357 1305/1558/4358 1325/1691/4359 1312/3198/4360
f 1321/2374/4361 1318/2461/4362 1304/2467/4363 1307/793/4364
f 1319/1270/4365 1323/476/4366 1308/881/4367 1305/1558/4368
f 1327/579/4369 1182/1789/4370 1181/316/4371 1328/1438/4372
f 1329/3083/4373 1330/1376/4374 1331/472/4375 1332/2041/4376
f 1333/1820/4377 1328/1438/4378 1181/316/4379 1238/757/4380
f 1331/472/4381 1334/1199/4382 1335/2094/4383 1332/2041/4384
f 1238/757/4385 1235/2100/4386 1336/2272/4387 1333/1820/4388
f 1337/2987/4389 1335/2094/4390 1334/1199/4391 1338/2927/4392
f 1336/1165/4393 1235/2933/4394 1234/2240/4395 1315/3096/4396
f 1337/1722/4397 1338/1563/4398 1317/1813/4399 1316/1219/4400
f 1130/1263/4401 1339/2693/4402 1340/920/4403 1131/1108/4404
f 1341/2900/4405 1056/401/4406 1342/1571/4407 1343/541/4408
f 1344/712/4409 1339/2693/4410 1130/1263/4411 1345/2621/4412
f 1341/2900/4413 1346/2742/4414 1062/1361/4415 1056/401/4416
f 1131/1108/4417 1340/920/4418 1288/3008/4419 1135/2021/4420
f 1343/541/4421 1342/1571/4422 1292/2166/4423 1290/3202/4424
f 1315/3096/4425 1320/3046/4426 1347/999/4427 1336/1165/4428
f 1322/777/4429 1317/1813/4430 1338/1563/4431 1348/1951/4432
f 1327/579/4433 1349/577/4434 1186/2834/4435 1182/1789/4436
f 1350/1755/4437 1330/1376/4438 1329/3083/4439 1063/1455/4440
f 1349/577/4441 1344/712/4442 1345/2621/4443 1186/2834/4444
f 1346/2742/4445 1350/1755/4446 1063/1455/4447 1062/1361/4448
f 1302/2306/4449 1288/3008/4450 1340/920/4451 1351/746/4452
f 1290/3202/4453 1303/1781/4454 1352/2263/4455 1343/541/4456
f 1351/746/4457 1340/920/4458 1339/2693/4459 1353/1418/4460
f 1343/541/4461 1352/2263/4462 1354/2650/4463 1341/2900/4464
f 1353/1418/4465 1339/2693/4466 1344/712/4467 1349/577/4468
f 1341/2900/4469 1354/2650/4470 1350/1755/4471 1346/2742/4472
f 1327/579/4473 1355/17/4474 1353/1418/4475 1349/577/4476
f 1356/2348/4477 1330/1376/4478 1350/1755/4479 1354/2650/4480
f 1333/1820/4481 1357/396/4482 1327/579/4483 1328/1438/4484
f 1358/509/4485 1334/1199/4486 1331/472/4487 1330/1376/4488
f 1357/396/4489 1333/1820/4490 1336/2272/4491 1347/3203/4492
f 1334/1199/4493 1358/509/4494 1348/734/4495 1338/2927/4496
f 1355/17/4497 1327/579/4498 1357/396/4499 1347/3203/4500
f 1330/1376/4501 1356/2348/4502 1348/734/4503 1358/509/4504
f 1102/419/4505 1114/2046/4506 1134/537/4507 1121/1226/4508
f 1114/3110/4509 1108/334/4510 1128/87/4511 1134/49/4512
f 1108/334/4513 1111/230/4514 1129/1802/4515 1128/87/4516
f 1111/2295/4517 1103/1308/4518 1120/1175/4519 1129/3109/4520
f 1103/1308/4521 1102/419/4522 1121/1226/4523 1120/1175/4524
f 1137/1692/4525 1139/199/4526 1286/1816/4527 1292/197/4528
f 1133/332/4529 1137/1787/4530 1292/2166/4531 1342/1571/4532
f 1126/136/4533 1133/332/4534 1342/1571/4535 1056/401/4536
f 1127/1023/4537 1126/822/4538 1056/1254/4539 1051/3035/4540
f 1139/199/4541 1127/1023/4542 1051/3035/4543 1286/1816/4544
f 1359/1240/4545 1360/1568/4546 1361/2324/4547 1362/2191/4548
f 1360/3193/4549 1363/1530/4550 1364/2643/4551 1361/1763/4552
f 1363/1530/4553 1365/1485/4554 1366/812/4555 1364/2643/4556
f 1365/1485/4557 1367/1411/4558 1368/2249/4559 1366/812/4560
f 1367/1411/4561 1369/1779/4562 1370/1492/4563 1368/2249/4564
f 1369/1779/4565 1371/873/4566 1372/685/4567 1370/1492/4568
f 1371/873/4569 1373/67/4570 1374/256/4571 1372/685/4572
f 1373/67/4573 1375/1945/4574 1376/1097/4575 1374/256/4576
f 1375/1945/4577 1377/555/4578 1378/1862/4579 1376/1097/4580
f 1377/555/4581 1359/1240/4582 1362/2191/4583 1378/1862/4584
f 1379/2114/4585 1380/744/4586 1322/1065/4587 1348/3168/4588
f 1381/96/4589 1379/270/4590 1348/937/4591 1356/478/4592
f 1382/911/4593 1381/96/4594 1356/478/4595 1354/1536/4596
f 1383/554/4597 1382/911/4598 1354/1536/4599 1352/1747/4600
f 1384/2045/4601 1383/554/4602 1352/1747/4603 1303/1674/4604
f 1385/1242/4605 1384/2045/4606 1303/1674/4607 1300/3009/4608
f 1386/2540/4609 1385/1242/4610 1300/3009/4611 1301/1614/4612
f 1387/1091/4613 1386/2540/4614 1301/1614/4615 1308/1866/4616
f 1388/982/4617 1387/1091/4618 1308/1866/4619 1323/898/4620
f 1380/744/4621 1388/982/4622 1323/898/4623 1322/1065/4624
f 1206/573/4625 1205/1687/4626 1212/1281/4627 1389/2493/4628
f 1390/680/4629 1391/1775/4630 1392/2268/4631 1393/3115/4632
f 1019/1801/4633 1018/2051/4634 1394/2973/4635 1395/2978/4636
f 1023/1176/4637 1019/1801/4638 1395/2978/4639 1396/2598/4640
f 1026/2473/4641 1023/1176/4642 1396/2598/4643 1397/797/4644
f 1029/819/4645 1026/2473/4646 1397/797/4647 1398/1451/4648
f 1032/716/4649 1029/819/4650 1398/1451/4651 1399/1493/4652
f 1035/3127/4653 1032/716/4654 1399/1493/4655 1400/690/4656
f 1038/628/4657 1035/3127/4658 1400/690/4659 1401/1127/4660
f 1041/2427/4661 1038/628/4662 1401/1127/4663 1402/1246/4664
f 1044/409/4665 1041/2427/4666 1402/1246/4667 1403/927/4668
f 1018/2051/4669 1044/3045/4670 1403/1546/4671 1394/2973/4672
f 1404/2506/4673 1405/1003/4674 1406/498/4675 1407/1910/4676
f 1405/1003/4677 1408/3090/4678 1409/2800/4679 1406/498/4680
f 1408/3090/4681 1410/2997/4682 1411/10/4683 1409/2800/4684
f 1410/2997/4685 1412/2665/4686 1413/363/4687 1411/10/4688
f 1412/2665/4689 1414/134/4690 1415/4/4691 1413/363/4692
f 1414/134/4693 1416/1494/4694 1417/2949/4695 1415/4/4696
f 1416/1494/4697 1418/3128/4698 1419/2029/4699 1417/2949/4700
f 1418/3128/4701 1420/875/4702 1421/1498/4703 1419/2029/4704
f 1420/875/4705 1422/1178/4706 1423/2546/4707 1421/1498/4708
f 1422/3019/4709 1404/2506/4710 1407/1910/4711 1423/1301/4712
f 1222/2357/4713 1206/573/4714 1389/2493/4715 1224/1727/4716
f 1391/1775/4717 1424/1398/4718 1425/1706/4719 1392/2268/4720
f 1212/293/4721 1217/1433/4722 1224/1089/4723 1389/487/4724
f 1426/2740/4725 1393/811/4726 1392/859/4727 1425/2755/4728
f 1427/1033/4729 1156/1847/4730 1159/599/4731 1163/1633/4732
f 1154/144/4733 1428/973/4734 1164/2767/4735 1160/3010/4736
f 1151/1742/4737 1156/2334/4738 1427/2731/4739 1148/423/4740
f 1154/1524/4741 1153/2505/4742 1166/2825/4743 1428/1415/4744
f 1148/423/4745 1427/2731/4746 1140/2618/4747 1143/631/4748
f 1428/1415/4749 1166/2825/4750 1146/673/4751 1145/2128/4752
f 1427/2731/4753 1163/1279/4754 1140/2618/4755
f 1164/769/4756 1428/1415/4757 1145/2128/4758
f 1429/1548/4759 1093/2439/4760 1092/232/4761 1091/2385/4762
f 1084/1051/4763 1430/202/4764 1076/2558/4765 1075/336/4766
f 1089/3007/4767 1093/2439/4768 1429/1548/4769 1088/847/4770
f 1084/1051/4771 1082/810/4772 1081/3197/4773 1430/202/4774
f 1429/1257/4775 1091/221/4776 1090/2698/4777 1088/2941/4778
f 1076/1155/4779 1430/718/4780 1081/138/4781 1077/2883/4782
f 1431/2248/4783 1432/1024/4784 1433/484/4785 1434/1190/4786
f 1435/545/4787 1107/536/4788 1106/1256/4789 1119/84/4790
f 1433/484/4791 1432/1024/4792 1436/2476/4793 1437/563/4794
f 1435/545/4795 1119/84/4796 1116/2603/4797 1112/166/4798
f 1436/1367/4799 1432/2500/4800 1431/2325/4801
f 1435/1364/4802 1112/1828/4803 1107/279/4804
f 1438/2683/4805 1439/2095/4806 771/2938/4807 775/2011/4808
f 1440/40/4809 1441/2577/4810 776/779/4811 773/559/4812
f 1395/2978/4813 1394/2973/4814 1320/1326/4815 1321/1904/4816
f 1396/2598/4817 1395/2978/4818 1321/1904/4819 1307/2452/4820
f 1397/797/4821 1396/2598/4822 1307/2452/4823 1299/3106/4824
f 1398/1451/4825 1397/797/4826 1299/3106/4827 1298/988/4828
f 1399/1493/4829 1398/1451/4830 1298/988/4831 1302/171/4832
f 1400/690/4833 1399/1493/4834 1302/171/4835 1351/188/4836
f 1401/1127/4837 1400/690/4838 1351/188/4839 1353/1429/4840
f 1402/1246/4841 1401/1127/4842 1353/1429/4843 1355/719/4844
f 1403/927/4845 1402/1246/4846 1355/719/4847 1347/3063/4848
f 1394/2973/4849 1403/1546/4850 1347/2844/4851 1320/1326/4852
f 1442/3206/4853 1443/2682/4854 1388/982/4855 1380/744/4856
f 1443/2682/4857 1444/977/4858 1387/1091/4859 1388/982/4860
f 1444/977/4861 1445/321/4862 1386/2540/4863 1387/1091/4864
f 1445/321/4865 1446/1278/4866 1385/1242/4867 1386/2540/4868
f 1446/1278/4869 1447/1506/4870 1384/2045/4871 1385/1242/4872
f 1447/1506/4873 1448/2112/4874 1383/554/4875 1384/2045/4876
f 1448/2112/4877 1449/1460/4878 1382/911/4879 1383/554/4880
f 1449/1460/4881 1450/706/4882 1381/96/4883 1382/911/4884
f 1450/706/4885 1451/392/4886 1379/270/4887 1381/96/4888
f 1451/2259/4889 1442/3206/4890 1380/744/4891 1379/2114/4892
f 1439/2095/4893 1452/2783/4894 762/789/4895 771/2938/4896
f 1453/266/4897 1440/40/4898 773/559/4899 767/1970/4900
f 1452/2783/4901 1454/152/4902 763/1962/4903 762/789/4904
f 1455/2386/4905 1453/266/4906 767/1970/4907 766/1352/4908
f 1454/152/4909 1456/3038/4910 778/814/4911 763/1962/4912
f 1457/682/4913 1455/2386/4914 766/1352/4915 781/1048/4916
f 784/461/4917 783/19/4918 1458/3113/4919 1459/1516/4920
f 1460/1191/4921 787/2806/4922 786/2030/4923 1461/80/4924
f 1459/1516/4925 1462/2416/4926 791/1321/4927 784/461/4928
f 1463/653/4929 1461/80/4930 786/2030/4931 793/753/4932
f 1462/2416/4933 1464/1056/4934 796/439/4935 791/1321/4936
f 1465/1871/4937 1463/653/4938 793/753/4939 799/524/4940
f 1464/1056/4941 1466/3199/4942 797/2624/4943 796/439/4944
f 1467/737/4945 1465/1871/4946 799/524/4947 857/1949/4948
f 1466/3199/4949 1468/2044/4950 800/305/4951 797/2624/4952
f 1469/318/4953 1470/2808/4954 804/1887/4955 803/1420/4956
f 1471/54/4957 1472/1621/4958 806/1867/4959 809/294/4960
f 811/1317/4961 1473/2165/4962 1469/318/4963 803/1420/4964
f 775/2011/4965 813/1330/4966 1474/2031/4967 1438/2683/4968
f 1475/169/4969 814/2910/4970 776/779/4971 1441/2577/4972
f 1476/1137/4973 1477/841/4974 814/2910/4975 1475/169/4976
f 815/2986/4977 814/2910/4978 1477/841/4979 1478/2109/4980
f 834/1320/4981 815/918/4982 1478/2956/4983 1479/310/4984
f 835/761/4985 834/1320/4986 1479/310/4987 1480/1701/4988
f 833/2833/4989 835/1109/4990 1480/104/4991 1481/2333/4992
f 812/90/4993 833/2833/4994 1481/2333/4995 1482/382/4996
f 1482/3188/4997 1483/2037/4998 813/1330/4999 812/512/5000
f 1474/2031/5001 813/1330/5002 1483/2037/5003 1484/505/5004
f 1485/979/5005 1477/841/5006 1476/1137/5007 1486/1928/5008
f 1478/2109/5009 1477/841/5010 1485/979/5011 1487/2795/5012
f 1479/310/5013 1478/2956/5014 1487/2460/5015 860/2466/5016
f 1480/1701/5017 1479/310/5018 860/2466/5019 859/1625/5020
f 1481/2333/5021 1480/104/5022 859/295/5023 863/727/5024
f 1482/382/5025 1481/2333/5026 863/727/5027 1488/1472/5028
f 1489/1066/5029 1483/2037/5030 1482/3188/5031 1488/2555/5032
f 1484/505/5033 1483/2037/5034 1489/1066/5035 1490/853/5036
f 1491/700/5037 1492/289/5038 1493/361/5039 1494/1200/5040
f 1495/2208/5041 1496/2335/5042 1460/1191/5043 1461/80/5044
f 1497/2148/5045 1498/2777/5046 1499/3099/5047 1500/1519/5048
f 1501/1841/5049 1502/229/5050 1455/2386/5051 1457/682/5052
f 1498/2777/5053 1503/2138/5054 1504/1074/5055 1499/3099/5056
f 1453/266/5057 1455/2386/5058 1502/229/5059 1505/1391/5060
f 1493/361/5061 1506/891/5062 1507/2373/5063 1494/1200/5064
f 1508/2282/5065 1495/2208/5066 1461/80/5067 1463/653/5068
f 1509/692/5069 1510/1371/5070 1511/2729/5071 1512/300/5072
f 1513/2919/5073 1514/1605/5074 1470/2808/5075 1469/318/5076
f 1512/300/5077 1515/1500/5078 1516/2677/5079 1509/692/5080
f 1465/1871/5081 1467/737/5082 1517/2481/5083 1518/2378/5084
f 1506/891/5085 1516/2677/5086 1515/1500/5087 1507/2373/5088
f 1518/2378/5089 1508/2282/5090 1463/653/5091 1465/1871/5092
f 1519/2480/5093 1520/1639/5094 1521/303/5095 1522/368/5096
f 1473/2165/5097 1523/2220/5098 1513/2919/5099 1469/318/5100
f 1524/2766/5101 1525/638/5102 1526/1996/5103 1527/248/5104
f 1528/974/5105 1529/257/5106 1486/1928/5107 1476/1137/5108
f 1525/638/5109 1530/1800/5110 1531/492/5111 1526/1996/5112
f 1532/1216/5113 1528/974/5114 1476/1137/5115 1475/169/5116
f 1530/1800/5117 1533/1233/5118 1534/13/5119 1531/492/5120
f 1535/1095/5121 1532/1216/5122 1475/169/5123 1441/2577/5124
f 1503/2138/5125 1536/276/5126 1537/348/5127 1504/1074/5128
f 1440/40/5129 1453/266/5130 1505/1391/5131 1538/1526/5132
f 1533/1233/5133 1537/348/5134 1536/276/5135 1534/13/5136
f 1538/1526/5137 1535/1095/5138 1441/2577/5139 1440/40/5140
f 1458/3113/5141 1491/700/5142 1494/1200/5143 1459/1516/5144
f 1454/152/5145 1498/2777/5146 1497/2148/5147 1456/3038/5148
f 1454/152/5149 1452/2783/5150 1503/2138/5151 1498/2777/5152
f 1452/2783/5153 1439/2095/5154 1536/276/5155 1503/2138/5156
f 1534/13/5157 1536/276/5158 1439/2095/5159 1438/2683/5160
f 1531/492/5161 1534/13/5162 1438/2683/5163 1474/2031/5164
f 1526/1996/5165 1531/492/5166 1474/2031/5167 1484/505/5168
f 1527/248/5169 1526/1996/5170 1484/505/5171 1490/853/5172
f 1522/368/5173 1521/303/5174 1472/1621/5175 1471/54/5176
f 1512/300/5177 1511/2729/5178 1468/2044/5179 1466/3199/5180
f 1466/3199/5181 1464/1056/5182 1515/1500/5183 1512/300/5184
f 1507/2373/5185 1515/1500/5186 1464/1056/5187 1462/2416/5188
f 1494/1200/5189 1507/2373/5190 1462/2416/5191 1459/1516/5192
f 1539/889/5193 1540/2569/5194 1541/549/5195 1542/1000/5196
f 1543/2252/5197 1544/338/5198 1545/2969/5199 1546/1538/5200
f 1547/2936/5201 1544/338/5202 1543/2252/5203 1548/2491/5204
f 1549/648/5205 1547/2936/5206 1548/2491/5207 1550/319/5208
f 1550/319/5209 1551/2878/5210 1552/1579/5211 1549/648/5212
f 1551/2878/5213 1553/2356/5214 1554/186/5215 1552/1579/5216
f 1553/2356/5217 1555/2243/5218 1556/1160/5219 1554/186/5220
f 1555/2243/5221 1557/2501/5222 1558/1658/5223 1556/1160/5224
f 1559/2870/5225 1560/2860/5226 1561/233/5227 1562/168/5228
f 1562/168/5229 1563/2514/5230 1564/1699/5231 1559/2870/5232
f 1565/384/5233 1566/952/5234 1567/2017/5235 1568/3097/5236
f 1568/3097/5237 1569/879/5238 1570/2907/5239 1565/384/5240
f 1569/879/5241 1539/889/5242 1542/1000/5243 1570/2907/5244
f 1571/2552/5245 1572/535/5246 1506/891/5247 1493/361/5248
f 1572/535/5249 1573/669/5250 1516/2677/5251 1506/891/5252
f 1509/692/5253 1516/2677/5254 1573/669/5255 1574/2958/5256
f 1574/2958/5257 1575/1022/5258 1510/1371/5259 1509/692/5260
f 1576/2728/5261 1520/1639/5262 1519/2480/5263 1577/2549/5264
f 1578/1738/5265 1579/346/5266 1525/638/5267 1524/2766/5268
f 1579/346/5269 1580/1450/5270 1530/1800/5271 1525/638/5272
f 1580/1450/5273 1581/88/5274 1533/1233/5275 1530/1800/5276
f 1581/88/5277 1582/1719/5278 1537/348/5279 1533/1233/5280
f 1504/1074/5281 1537/348/5282 1582/1719/5283 1583/212/5284
f 1499/3099/5285 1504/1074/5286 1583/212/5287 1584/1584/5288
f 1500/1519/5289 1499/3099/5290 1584/1584/5291 1585/1275/5292
f 1492/289/5293 1586/1613/5294 1571/2552/5295 1493/361/5296
f 1570/2907/5297 1542/1000/5298 1495/2208/5299 1508/2282/5300
f 1565/384/5301 1570/2907/5302 1508/2282/5303 1518/2378/5304
f 1518/2378/5305 1517/2481/5306 1566/952/5307 1565/384/5308
f 1559/2870/5309 1564/1699/5310 1514/1605/5311 1513/2919/5312
f 1513/2919/5313 1523/2220/5314 1560/2860/5315 1559/2870/5316
f 1556/1160/5317 1558/1658/5318 1529/257/5319 1528/974/5320
f 1554/186/5321 1556/1160/5322 1528/974/5323 1532/1216/5324
f 1552/1579/5325 1554/186/5326 1532/1216/5327 1535/1095/5328
f 1549/648/5329 1552/1579/5330 1535/1095/5331 1538/1526/5332
f 1538/1526/5333 1505/1391/5334 1547/2936/5335 1549/648/5336
f 1505/1391/5337 1502/229/5338 1544/338/5339 1547/2936/5340
f 1545/2969/5341 1544/338/5342 1502/229/5343 1501/1841/5344
f 1542/1000/5345 1541/549/5346 1496/2335/5347 1495/2208/5348
f 1586/1613/5349 1587/912/5350 1588/1784/5351 1571/2552/5352
f 1589/2613/5353 1540/2569/5354 1539/889/5355 1590/3162/5356
f 1588/1784/5357 1591/2125/5358 1572/535/5359 1571/2552/5360
f 1592/2686/5361 1590/3162/5362 1539/889/5363 1569/879/5364
f 1587/912/5365 1593/491/5366 1591/2125/5367 1588/1784/5368
f 1594/2195/5369 1589/2613/5370 1590/3162/5371 1592/2686/5372
f 1572/535/5373 1591/2125/5374 1595/30/5375 1573/669/5376
f 1592/2686/5377 1569/879/5378 1568/3097/5379 1596/205/5380
f 1597/798/5381 1574/2958/5382 1573/669/5383 1595/30/5384
f 1567/2017/5385 1598/2038/5386 1596/205/5387 1568/3097/5388
f 1599/1431/5389 1600/2269/5390 1576/2728/5391 1577/2549/5392
f 1561/233/5393 1601/1407/5394 1602/1395/5395 1562/168/5396
f 1597/798/5397 1603/534/5398 1604/2786/5399 1605/1120/5400
f 1601/1407/5401 1606/1875/5402 1607/468/5403 1602/1395/5404
f 1591/2125/5405 1593/491/5406 1608/1285/5407 1595/30/5408
f 1609/2212/5409 1594/2195/5410 1592/2686/5411 1596/205/5412
f 1608/1285/5413 1603/534/5414 1597/798/5415 1595/30/5416
f 1598/2038/5417 1610/677/5418 1609/2212/5419 1596/205/5420
f 1605/1120/5421 1575/1022/5422 1574/2958/5423 1597/798/5424
f 1607/468/5425 1563/2514/5426 1562/168/5427 1602/1395/5428
f 1605/1120/5429 1604/2786/5430 1600/2269/5431 1599/1431/5432
f 1577/2549/5433 1575/1022/5434 1605/1120/5435 1599/1431/5436
f 1510/1371/5437 1575/1022/5438 1577/2549/5439 1519/2480/5440
f 1511/2729/5441 1510/1371/5442 1519/2480/5443 1522/368/5444
f 1468/2044/5445 1511/2729/5446 1522/368/5447 1471/54/5448
f 800/305/5449 1468/2044/5450 1471/54/5451 809/294/5452
f 809/294/5453 808/595/5454 801/1971/5455 800/305/5456
f 1606/1875/5457 1610/677/5458 1598/2038/5459 1607/468/5460
f 1567/2017/5461 1563/2514/5462 1607/468/5463 1598/2038/5464
f 1564/1699/5465 1563/2514/5466 1567/2017/5467 1566/952/5468
f 1514/1605/5469 1564/1699/5470 1566/952/5471 1517/2481/5472
f 1470/2808/5473 1514/1605/5474 1517/2481/5475 1467/737/5476
f 804/1887/5477 1470/2808/5478 1467/737/5479 857/1949/5480
f 805/1340/5481 804/1887/5482 857/1949/5483 856/818/5484
f 1487/1442/5485 1485/3021/5486 811/1317/5487 810/2822/5488
f 1486/958/5489 1473/2165/5490 811/1317/5491 1485/3021/5492
f 1486/958/5493 1529/349/5494 1523/2220/5495 1473/2165/5496
f 1560/2860/5497 1523/2220/5498 1529/349/5499 1558/2758/5500
f 1561/233/5501 1560/2860/5502 1558/2758/5503 1557/1114/5504
f 1555/386/5505 1601/1407/5506 1561/233/5507 1557/1114/5508
f 1611/3170/5509 1606/1875/5510 1601/1407/5511 1555/386/5512
f 1612/41/5513 1610/677/5514 1606/1875/5515 1611/3170/5516
f 1609/2212/5517 1610/677/5518 1612/41/5519 1613/1271/5520
f 1614/2339/5521 1594/2195/5522 1609/2212/5523 1613/1271/5524
f 1614/2339/5525 1543/2252/5526 1589/2613/5527 1594/2195/5528
f 1543/2252/5529 1546/1538/5530 1540/2569/5531 1589/2613/5532
f 1541/549/5533 1540/2569/5534 1546/1538/5535 1545/2969/5536
f 1496/2335/5537 1541/549/5538 1545/2969/5539 1501/1841/5540
f 1460/1191/5541 1496/2335/5542 1501/1841/5543 1457/682/5544
f 781/1048/5545 787/2806/5546 1460/1191/5547 1457/682/5548
f 788/824/5549 787/2806/5550 781/1048/5551 780/1193/5552
f 848/116/5553 788/74/5554 780/2855/5555 842/356/5556
f 841/1434/5557 845/2210/5558 848/116/5559 842/356/5560
f 846/2545/5561 845/2210/5562 841/1434/5563 840/1362/5564
f 779/309/5565 782/1039/5566 846/2545/5567 840/1362/5568
f 778/814/5569 783/19/5570 782/2494/5571 779/465/5572
f 1458/3113/5573 783/19/5574 778/814/5575 1456/3038/5576
f 1497/2148/5577 1491/700/5578 1458/3113/5579 1456/3038/5580
f 1500/1519/5581 1492/289/5582 1491/700/5583 1497/2148/5584
f 1585/1275/5585 1586/1613/5586 1492/289/5587 1500/1519/5588
f 1585/1275/5589 1584/1584/5590 1587/912/5591 1586/1613/5592
f 1584/1584/5593 1615/3017/5594 1593/491/5595 1587/912/5596
f 1608/1285/5597 1593/491/5598 1615/3017/5599 1616/3026/5600
f 1617/2027/5601 1603/534/5602 1608/1285/5603 1616/3026/5604
f 1604/2786/5605 1603/534/5606 1617/2027/5607 1618/1931/5608
f 1600/2269/5609 1604/2786/5610 1618/1931/5611 1579/2772/5612
f 1576/2728/5613 1600/2269/5614 1579/2772/5615 1578/2366/5616
f 1578/2366/5617 1524/1684/5618 1520/1639/5619 1576/2728/5620
f 1521/303/5621 1520/1639/5622 1524/1684/5623 1527/1906/5624
f 1472/1621/5625 1521/303/5626 1527/1906/5627 1490/2799/5628
f 806/1867/5629 1472/1621/5630 1490/2799/5631 1489/280/5632
f 1489/280/5633 1488/2768/5634 807/1753/5635 806/1867/5636
f 1619/1850/5637 1620/27/5638 1621/493/5639 1622/2587/5640
f 1548/2491/5641 1543/2252/5642 1623/826/5643 1624/2657/5644
f 1625/2464/5645 1626/3155/5646 1627/2897/5647 1628/151/5648
f 1555/2243/5649 1553/2356/5650 1629/693/5651 1630/2287/5652
f 1631/2073/5653 1625/2464/5654 1628/151/5655 1632/604/5656
f 1553/2356/5657 1551/2878/5658 1633/1/5659 1629/693/5660
f 1620/27/5661 1634/992/5662 1635/1550/5663 1621/493/5664
f 1550/319/5665 1548/2491/5666 1624/2657/5667 1636/2914/5668
f 1634/992/5669 1631/2073/5670 1632/604/5671 1635/1550/5672
f 1551/2878/5673 1550/319/5674 1636/2914/5675 1633/1/5676
f 1637/1088/5677 1619/1850/5678 1622/2587/5679 1638/480/5680
f 1543/2252/5681 1614/2339/5682 1639/3/5683 1623/826/5684
f 1640/3014/5685 1641/2111/5686 1642/967/5687 1643/1309/5688
f 1611/3170/5689 1555/386/5690 1630/2247/5691 1644/1213/5692
f 1645/1983/5693 1637/1088/5694 1638/480/5695 1646/1146/5696
f 1614/2339/5697 1613/1271/5698 1647/1273/5699 1639/3/5700
f 1641/2111/5701 1645/1983/5702 1646/1146/5703 1642/967/5704
f 1613/1271/5705 1612/41/5706 1648/64/5707 1647/1273/5708
f 1626/1061/5709 1640/3014/5710 1643/1309/5711 1627/1214/5712
f 1612/41/5713 1611/3170/5714 1644/1213/5715 1648/64/5716
f 1649/2496/5717 1650/2832/5718 1651/1980/5719 1652/2851/5720
f 1650/2832/5721 1653/2345/5722 1654/2062/5723 1651/1980/5724
f 1653/2345/5725 1655/7/5726 1656/2773/5727 1654/2062/5728
f 1655/7/5729 1657/2538/5730 1658/2596/5731 1656/2773/5732
f 1657/665/5733 1659/1180/5734 1660/2824/5735 1658/2815/5736
f 1659/1180/5737 1661/1836/5738 1662/2852/5739 1660/2824/5740
f 1661/1836/5741 1663/1449/5742 1664/3149/5743 1662/2852/5744
f 1663/1449/5745 1665/1630/5746 1666/729/5747 1664/3149/5748
f 1665/1630/5749 1667/794/5750 1668/1936/5751 1666/729/5752
f 1667/794/5753 1649/2496/5754 1652/2851/5755 1668/1936/5756
f 1669/1992/5757 1670/1110/5758 1671/1365/5759 1672/870/5760
f 1673/843/5761 1669/1992/5762 1672/870/5763 1674/2429/5764
f 1675/2781/5765 1673/843/5766 1674/2429/5767 1676/2009/5768
f 1677/2368/5769 1675/2781/5770 1676/2009/5771 1678/651/5772
f 1679/16/5773 1677/1392/5774 1678/608/5775 1680/2526/5776
f 1681/1358/5777 1679/16/5778 1680/2526/5779 1682/1267/5780
f 1683/2792/5781 1681/1358/5782 1682/1267/5783 1684/733/5784
f 1685/2479/5785 1683/2792/5786 1684/733/5787 1686/2090/5788
f 1687/2734/5789 1685/2479/5790 1686/2090/5791 1688/2925/5792
f 1670/1110/5793 1687/2734/5794 1688/2925/5795 1671/1365/5796
f 1652/2851/5797 1651/1980/5798 1689/1306/5799 1690/2230/5800
f 1651/1980/5801 1654/2062/5802 1691/1978/5803 1689/1306/5804
f 1654/2062/5805 1656/2773/5806 1692/609/5807 1691/1978/5808
f 1656/2773/5809 1658/2596/5810 1693/2579/5811 1692/609/5812
f 1658/2815/5813 1660/2824/5814 1694/730/5815 1693/124/5816
f 1660/2824/5817 1662/2852/5818 1695/1404/5819 1694/730/5820
f 1662/2852/5821 1664/3149/5822 1696/2926/5823 1695/1404/5824
f 1664/3149/5825 1666/729/5826 1697/1631/5827 1696/2926/5828
f 1666/729/5829 1668/1936/5830 1698/931/5831 1697/1631/5832
f 1668/1936/5833 1652/2851/5834 1690/2230/5835 1698/931/5836
f 1672/870/5837 1671/1365/5838 1699/2296/5839 1700/1129/5840
f 1674/2429/5841 1672/870/5842 1700/1129/5843 1701/1662/5844
f 1676/2009/5845 1674/2429/5846 1701/1662/5847 1702/3044/5848
f 1678/651/5849 1676/2009/5850 1702/3044/5851 1703/2020/5852
f 1680/2526/5853 1678/608/5854 1703/2311/5855 1704/2847/5856
f 1682/1267/5857 1680/2526/5858 1704/2847/5859 1705/2863/5860
f 1684/733/5861 1682/1267/5862 1705/2863/5863 1706/3048/5864
f 1686/2090/5865 1684/733/5866 1706/3048/5867 1707/218/5868
f 1688/2925/5869 1686/2090/5870 1707/218/5871 1708/1618/5872
f 1671/1365/5873 1688/2925/5874 1708/1618/5875 1699/2296/5876
f 1583/212/5877 1582/1719/5878 1650/2832/5879 1649/2496/5880
f 1582/1719/5881 1581/88/5882 1653/2345/5883 1650/2832/5884
f 1581/88/5885 1580/1450/5886 1655/7/5887 1653/2345/5888
f 1580/1450/5889 1579/346/5890 1657/2538/5891 1655/7/5892
f 1579/2772/5893 1618/1931/5894 1659/1180/5895 1657/665/5896
f 1618/1931/5897 1617/2027/5898 1661/1836/5899 1659/1180/5900
f 1617/2027/5901 1616/3026/5902 1663/1449/5903 1661/1836/5904
f 1616/3026/5905 1615/3017/5906 1665/1630/5907 1663/1449/5908
f 1615/3017/5909 1584/1584/5910 1667/794/5911 1665/1630/5912
f 1584/1584/5913 1583/212/5914 1649/2496/5915 1667/794/5916
f 1636/2914/5917 1624/2657/5918 1670/1110/5919 1669/1992/5920
f 1633/1/5921 1636/2914/5922 1669/1992/5923 1673/843/5924
f 1629/693/5925 1633/1/5926 1673/843/5927 1675/2781/5928
f 1630/2287/5929 1629/693/5930 1675/2781/5931 1677/2368/5932
f 1644/1213/5933 1630/2247/5934 1677/1392/5935 1679/16/5936
f 1648/64/5937 1644/1213/5938 1679/16/5939 1681/1358/5940
f 1647/1273/5941 1648/64/5942 1681/1358/5943 1683/2792/5944
f 1639/3/5945 1647/1273/5946 1683/2792/5947 1685/2479/5948
f 1623/826/5949 1639/3/5950 1685/2479/5951 1687/2734/5952
f 1624/2657/5953 1623/826/5954 1687/2734/5955 1670/1110/5956
f 1690/2230/5957 1689/1306/5958 1634/992/5959 1620/27/5960
f 1689/1306/5961 1691/1978/5962 1631/2073/5963 1634/992/5964
f 1691/1978/5965 1692/609/5966 1625/2464/5967 1631/2073/5968
f 1692/609/5969 1693/2579/5970 1626/3155/5971 1625/2464/5972
f 1693/124/5973 1694/730/5974 1640/3014/5975 1626/1061/5976
f 1694/730/5977 1695/1404/5978 1641/2111/5979 1640/3014/5980
f 1695/1404/5981 1696/2926/5982 1645/1983/5983 1641/2111/5984
f 1696/2926/5985 1697/1631/5986 1637/1088/5987 1645/1983/5988
f 1697/1631/5989 1698/931/5990 1619/1850/5991 1637/1088/5992
f 1698/931/5993 1690/2230/5994 1620/27/5995 1619/1850/5996
f 1700/1129/5997 1699/2296/5998 1709/2096/5999 1710/1096/6000
f 1701/1662/6001 1700/1129/6002 1710/1096/6003 1711/2828/6004
f 1702/3044/6005 1701/1662/6006 1711/2828/6007 1712/2611/6008
f 1703/2020/6009 1702/3044/6010 1712/2611/6011 1713/3029/6012
f 1704/2847/6013 1703/2311/6014 1713/2984/6015 1714/402/6016
f 1705/2863/6017 1704/2847/6018 1714/402/6019 1715/3195/6020
f 1706/3048/6021 1705/2863/6022 1715/3195/6023 1716/362/6024
f 1707/218/6025 1706/3048/6026 1716/362/6027 1717/2433/6028
f 1708/1618/6029 1707/218/6030 1717/2433/6031 1718/2397/6032
f 1699/2296/6033 1708/1618/6034 1718/2397/6035 1709/2096/6036
f 1719/1617/6037 1720/778/6038 1721/1728/6039 1722/1572/6040
f 1723/1823/6041 1724/162/6042 1725/1620/6043 1726/329/6044
f 1727/343/6045 1728/1990/6046 1719/1617/6047 1722/1572/6048
f 1729/234/6049 1730/1360/6050 1723/1823/6051 1726/329/6052
f 1720/1702/6053 1731/2830/6054 1732/2193/6055 1721/2990/6056
f 1724/1564/6057 1733/2658/6058 1734/596/6059 1725/1232/6060
f 1731/2830/6061 1735/2659/6062 1736/2835/6063 1732/2193/6064
f 1737/907/6065 1738/2932/6066 1739/1402/6067 1740/856/6068
f 1741/1397/6069 1742/683/6070 1728/1990/6071 1727/343/6072
f 1737/964/6073 1740/2463/6074 1730/1360/6075 1729/234/6076
f 1736/2835/6077 1735/2659/6078 1742/515/6079 1741/430/6080
f 1733/2658/6081 1739/1402/6082 1738/2932/6083 1734/596/6084
f 1743/660/6085 1744/2695/6086 1745/1547/6087 1746/2344/6088
f 1747/2375/6089 1748/433/6090 1749/2024/6091 1750/1529/6092
f 1751/1768/6093 1731/2830/6094 1720/1702/6095 1752/462/6096
f 1751/1768/6097 1753/2281/6098 1735/2659/6099 1731/2830/6100
f 1742/515/6101 1735/2659/6102 1753/2281/6103 1754/961/6104
f 1728/1990/6105 1742/683/6106 1754/507/6107 1755/986/6108
f 1719/1617/6109 1728/1990/6110 1755/986/6111 1756/1566/6112
f 1752/1537/6113 1720/778/6114 1719/1617/6115 1756/1566/6116
f 1750/1529/6117 1733/2658/6118 1724/1564/6119 1757/2600/6120
f 1749/2024/6121 1739/1402/6122 1733/2658/6123 1750/1529/6124
f 1740/856/6125 1739/1402/6126 1749/2024/6127 1758/2674/6128
f 1730/1360/6129 1740/2463/6130 1758/449/6131 1759/1318/6132
f 1723/1823/6133 1730/1360/6134 1759/1318/6135 1760/2302/6136
f 1757/1121/6137 1724/162/6138 1723/1823/6139 1760/2302/6140
f 1761/1495/6141 1743/660/6142 1746/2344/6143 1762/1293/6144
f 1763/1865/6145 1747/2375/6146 1750/1529/6147 1757/2600/6148
f 1764/695/6149 1761/855/6150 1762/1894/6151 1765/2894/6152
f 1766/2194/6153 1763/723/6154 1757/1121/6155 1760/2302/6156
f 1744/2695/6157 1767/1319/6158 1768/1496/6159 1745/1547/6160
f 1748/433/6161 1769/2231/6162 1758/2674/6163 1749/2024/6164
f 1768/863/6165 1767/2456/6166 1770/489/6167 1771/2614/6168
f 1758/449/6169 1769/425/6170 1772/1924/6171 1759/1318/6172
f 1770/489/6173 1764/695/6174 1765/2894/6175 1771/2614/6176
f 1772/1924/6177 1766/2194/6178 1760/2302/6179 1759/1318/6180
f 1752/1537/6181 1756/1566/6182 1773/412/6183 1774/976/6184
f 1726/329/6185 1725/1620/6186 1775/3177/6187 1776/499/6188
f 1756/1566/6189 1755/986/6190 1777/2561/6191 1773/412/6192
f 1729/234/6193 1726/329/6194 1776/499/6195 1778/2974/6196
f 1751/1768/6197 1752/462/6198 1774/605/6199 1779/2377/6200
f 1725/1232/6201 1734/596/6202 1780/2149/6203 1775/2253/6204
f 1753/2281/6205 1751/1768/6206 1779/2377/6207 1781/1993/6208
f 1738/2932/6209 1737/907/6210 1782/1164/6211 1783/46/6212
f 1755/986/6213 1754/507/6214 1784/2108/6215 1777/2561/6216
f 1737/964/6217 1729/234/6218 1778/2974/6219 1782/1648/6220
f 1754/961/6221 1753/2281/6222 1781/1993/6223 1784/1299/6224
f 1734/596/6225 1738/2932/6226 1783/46/6227 1780/2149/6228
f 1170/1835/6229 1069/3085/6230 1068/1050/6231 1294/2405/6232
f 1086/2623/6233 1069/3085/6234 1170/1835/6235 1186/2367/6236
f 1345/2621/6237 1070/117/6238 1086/1758/6239 1186/2834/6240
f 1130/1263/6241 1071/2388/6242 1070/117/6243 1345/2621/6244
f 1072/2251/6245 1071/772/6246 1130/143/6247 1123/760/6248
f 1123/760/6249 1294/2405/6250 1068/1050/6251 1072/2251/6252
f 1067/2124/6253 1053/2675/6254 1099/1518/6255 1098/2595/6256
f 1060/2382/6257 1067/2124/6258 1098/2595/6259 1097/146/6260
f 1097/2315/6261 1096/1588/6262 1061/845/6263 1060/245/6264
f 1057/840/6265 1061/845/6266 1096/1588/6267 1095/1965/6268
f 1052/1334/6269 1057/195/6270 1095/1122/6271 1094/2332/6272
f 1053/2675/6273 1052/1334/6274 1094/2332/6275 1099/1518/6276
f 1190/196/6277 1189/2950/6278 1185/2211/6279 1169/2183/6280
f 1189/1473/6281 1191/1994/6282 1179/2187/6283 1185/828/6284
f 1191/1994/6285 1192/271/6286 1180/3129/6287 1179/2187/6288
f 1192/1295/6289 1193/627/6290 1174/2179/6291 1180/2458/6292
f 1193/627/6293 1194/901/6294 1175/1788/6295 1174/2179/6296
f 1168/1795/6297 1175/1788/6298 1194/901/6299 1195/3061/6300
f 1195/3061/6301 1190/196/6302 1169/2183/6303 1168/1795/6304
f 1197/2666/6305 1196/2341/6306 1066/2089/6307 1063/1316/6308
f 1198/2942/6309 1197/1324/6310 1063/1455/6311 1329/3083/6312
f 1199/1241/6313 1198/2942/6314 1329/3083/6315 1332/2041/6316
f 1200/1153/6317 1199/2519/6318 1332/1327/6319 1313/852/6320
f 1326/2776/6321 1201/714/6322 1200/1153/6323 1313/852/6324
f 1202/2330/6325 1201/714/6326 1326/2776/6327 1306/2412/6328
f 1196/2341/6329 1202/2330/6330 1306/2412/6331 1066/2089/6332
f 1785/1602/6333 1786/2007/6334 1241/2778/6335 1228/1848/6336
f 1786/1286/6337 1787/995/6338 1237/482/6339 1241/1792/6340
f 1787/995/6341 1788/1989/6342 1232/1034/6343 1237/482/6344
f 1788/2639/6345 1789/996/6346 1233/225/6347 1232/2615/6348
f 1789/996/6349 1790/2931/6350 1227/1854/6351 1233/225/6352
f 1790/2931/6353 1785/1602/6354 1228/1848/6355 1227/1854/6356
f 1242/2314/6357 1240/3148/6358 1313/852/6359 1332/1327/6360
f 1239/825/6361 1242/2056/6362 1332/2041/6363 1335/2094/6364
f 1236/2917/6365 1239/825/6366 1335/2094/6367 1337/2987/6368
f 1230/149/6369 1236/2137/6370 1337/1722/6371 1316/1219/6372
f 1231/290/6373 1230/149/6374 1316/1219/6375 1314/2067/6376
f 1240/3148/6377 1231/290/6378 1314/2067/6379 1313/852/6380
f 1437/563/6381 1115/1773/6382 1101/2522/6383 1433/484/6384
f 1109/1794/6385 1115/2419/6386 1437/542/6387 1436/1367/6388
f 1110/1744/6389 1109/1794/6390 1436/1367/6391 1431/2325/6392
f 1434/1190/6393 1100/2359/6394 1110/1604/6395 1431/2248/6396
f 1433/484/6397 1101/2522/6398 1100/2359/6399 1434/1190/6400
f 1136/3075/6401 1117/771/6402 1118/625/6403 1138/936/6404
f 1113/2805/6405 1117/2266/6406 1136/1916/6407 1132/1011/6408
f 1104/2018/6409 1113/2805/6410 1132/1011/6411 1125/183/6412
f 1124/893/6413 1105/1909/6414 1104/950/6415 1125/2042/6416
f 1138/936/6417 1118/625/6418 1105/1909/6419 1124/893/6420
f 1211/3101/6421 1204/2705/6422 1789/996/6423 1788/2639/6424
f 1218/2748/6425 1211/2219/6426 1788/1989/6427 1787/995/6428
f 1223/2204/6429 1218/2748/6430 1787/995/6431 1786/1286/6432
f 1785/1602/6433 1221/1937/6434 1223/1839/6435 1786/2007/6436
f 1790/2931/6437 1203/1437/6438 1221/1937/6439 1785/1602/6440
f 1789/996/6441 1204/2705/6442 1203/1437/6443 1790/2931/6444
f 1215/2223/6445 1214/913/6446 1390/680/6447 1393/3115/6448
f 1393/811/6449 1426/2740/6450 1219/2653/6451 1215/1822/6452
f 1225/1724/6453 1219/2653/6454 1426/2740/6455 1425/2755/6456
f 1424/1398/6457 1207/902/6458 1225/933/6459 1425/1706/6460
f 1391/1775/6461 1208/3022/6462 1207/902/6463 1424/1398/6464
f 1390/680/6465 1214/913/6466 1208/3022/6467 1391/1775/6468
f 1779/2377/6469 1791/2485/6470 1784/1299/6471 1781/1993/6472
f 1792/2609/6473 1780/2149/6474 1783/46/6475 1782/1164/6476
f 1774/976/6477 1773/412/6478 1791/550/6479 1779/1842/6480
f 1776/499/6481 1775/3177/6482 1780/397/6483 1792/2515/6484
f 1773/412/6485 1777/2561/6486 1784/2108/6487 1791/550/6488
f 1778/2974/6489 1776/499/6490 1792/2515/6491 1782/1648/6492
f 1793/2284/6493 1794/2779/6494 1795/1035/6495 1796/1603/6496
f 1797/215/6497 1798/2370/6498 1799/2817/6499 1800/2152/6500
f 1794/2779/6501 1801/1638/6502 1802/1388/6503 1795/1035/6504
f 1798/2370/6505 1803/1507/6506 1804/2093/6507 1799/2817/6508
f 1802/1948/6509 1801/213/6510 1805/1166/6511 1806/1234/6512
f 1804/2293/6513 1803/2706/6514 1807/86/6515 1808/1940/6516
f 1805/1166/6517 1809/2066/6518 1810/424/6519 1806/1234/6520
f 1807/86/6521 1811/1939/6522 1812/2331/6523 1808/1940/6524
f 1810/43/6525 1809/2120/6526 1813/102/6527 1814/1626/6528
f 1812/1177/6529 1811/1740/6530 1815/2113/6531 1816/2174/6532
f 1796/1603/6533 1814/1626/6534 1813/102/6535 1793/2284/6536
f 1815/2113/6537 1797/215/6538 1800/2152/6539 1816/2174/6540
f 1817/2632/6541 1801/1638/6542 1794/2779/6543 1818/2074/6544
f 1805/1166/6545 1801/213/6546 1817/1697/6547 1819/2617/6548
f 1820/2893/6549 1809/2066/6550 1805/1166/6551 1819/2617/6552
f 1813/102/6553 1809/2120/6554 1820/1698/6555 1821/709/6556
f 1793/2284/6557 1813/102/6558 1821/709/6559 1822/189/6560
f 1818/2074/6561 1794/2779/6562 1793/2284/6563 1822/189/6564
f 1823/984/6565 1803/1507/6566 1798/2370/6567 1824/899/6568
f 1807/86/6569 1803/2706/6570 1823/1432/6571 1825/2679/6572
f 1826/2943/6573 1811/1939/6574 1807/86/6575 1825/2679/6576
f 1815/2113/6577 1811/1740/6578 1826/2896/6579 1827/1264/6580
f 1827/1264/6581 1828/2735/6582 1797/215/6583 1815/2113/6584
f 1824/899/6585 1798/2370/6586 1797/215/6587 1828/2735/6588
f 1829/3052/6589 1830/2142/6590 1831/3150/6591 1832/1447/6592
f 1833/1717/6593 1834/940/6594 1800/2152/6595 1799/2817/6596
f 1830/2142/6597 1835/2048/6598 1836/1482/6599 1831/3150/6600
f 1816/2174/6601 1800/2152/6602 1834/940/6603 1837/2291/6604
f 1836/1482/6605 1835/2048/6606 1838/1824/6607 1839/455/6608
f 1816/2174/6609 1837/2291/6610 1840/2144/6611 1812/1177/6612
f 1839/2033/6613 1838/3067/6614 1841/2076/6615 1842/1556/6616
f 1812/2331/6617 1840/2525/6618 1843/3013/6619 1808/1940/6620
f 1844/3047/6621 1842/1556/6622 1841/2076/6623 1845/2392/6624
f 1843/3013/6625 1846/2288/6626 1804/2293/6627 1808/1940/6628
f 1844/854/6629 1845/3124/6630 1829/3052/6631 1832/1447/6632
f 1804/2093/6633 1846/473/6634 1833/1717/6635 1799/2817/6636
f 1832/1447/6637 1831/3150/6638 1847/85/6639 1848/210/6640
f 1849/161/6641 1850/2135/6642 1851/1606/6643 1852/2362/6644
f 1831/3150/6645 1836/1482/6646 1853/250/6647 1847/85/6648
f 1854/1387/6649 1849/161/6650 1852/2362/6651 1855/2626/6652
f 1836/1482/6653 1839/455/6654 1856/2592/6655 1853/250/6656
f 1857/2517/6657 1854/1387/6658 1855/2626/6659 1858/1707/6660
f 1839/2033/6661 1842/1556/6662 1859/2604/6663 1856/1221/6664
f 1860/2612/6665 1857/1743/6666 1858/1657/6667 1861/150/6668
f 1842/1556/6669 1844/3047/6670 1862/2989/6671 1859/2604/6672
f 1863/1521/6673 1860/2612/6674 1861/150/6675 1864/2381/6676
f 1844/854/6677 1832/1447/6678 1848/210/6679 1862/2699/6680
f 1850/2135/6681 1863/2254/6682 1864/2787/6683 1851/1606/6684
f 1862/2699/6685 1848/210/6686 1865/322/6687 1859/1284/6688
f 1851/1606/6689 1864/2787/6690 1861/1998/6691 1866/815/6692
f 1856/2592/6693 1859/1284/6694 1865/322/6695 1853/250/6696
f 1861/1998/6697 1858/1707/6698 1855/2626/6699 1866/815/6700
f 1865/322/6701 1848/210/6702 1847/85/6703 1853/250/6704
f 1851/1606/6705 1866/815/6706 1855/2626/6707 1852/2362/6708
f 1822/189/6709 1821/709/6710 1835/2048/6711 1830/2142/6712
f 1838/1824/6713 1835/2048/6714 1821/709/6715 1820/1698/6716
f 1841/2076/6717 1838/3067/6718 1820/2893/6719 1819/2617/6720
f 1845/2392/6721 1841/2076/6722 1819/2617/6723 1817/1697/6724
f 1829/3052/6725 1845/3124/6726 1817/2632/6727 1818/2074/6728
f 1822/189/6729 1830/2142/6730 1829/3052/6731 1818/2074/6732
f 1837/2291/6733 1834/940/6734 1849/161/6735 1854/1387/6736
f 1840/2144/6737 1837/2291/6738 1854/1387/6739 1857/2517/6740
f 1843/3013/6741 1840/2525/6742 1857/1743/6743 1860/2612/6744
f 1860/2612/6745 1863/1521/6746 1846/2288/6747 1843/3013/6748
f 1833/1717/6749 1846/473/6750 1863/2254/6751 1850/2135/6752
f 1849/161/6753 1834/940/6754 1833/1717/6755 1850/2135/6756
f 1741/430/6757 1767/1319/6758 1744/2695/6759 1736/2835/6760
f 1770/489/6761 1767/2456/6762 1741/1397/6763 1727/343/6764
f 1722/1572/6765 1764/695/6766 1770/489/6767 1727/343/6768
f 1721/1728/6769 1761/855/6770 1764/695/6771 1722/1572/6772
f 1732/2193/6773 1743/660/6774 1761/1495/6775 1721/2990/6776
f 1736/2835/6777 1744/2695/6778 1743/660/6779 1732/2193/6780
f 1867/3160/6781 1769/2231/6782 1748/433/6783 1868/1443/6784
f 1772/1924/6785 1769/425/6786 1867/203/6787 1869/3146/6788
f 1870/2797/6789 1766/2194/6790 1772/1924/6791 1869/3146/6792
f 1871/1104/6793 1763/723/6794 1766/2194/6795 1870/2797/6796
f 1872/1935/6797 1747/2375/6798 1763/1865/6799 1871/1877/6800
f 1868/1443/6801 1748/433/6802 1747/2375/6803 1872/1935/6804
f 1873/2697/6805 1874/2406/6806 1875/2583/6807 1876/2164/6808
f 1877/1288/6809 1878/1513/6810 1879/274/6811 1880/2765/6812
f 1881/1379/6813 1875/2583/6814 1874/2406/6815 1882/791/6816
f 1878/1513/6817 1883/516/6818 1884/2798/6819 1879/274/6820
f 1882/1664/6821 1885/2450/6822 1886/1467/6823 1881/2983/6824
f 1883/1757/6825 1887/2168/6826 1888/36/6827 1884/1646/6828
f 1885/2450/6829 1889/2534/6830 1890/2769/6831 1886/1467/6832
f 1887/2168/6833 1891/630/6834 1892/3060/6835 1888/36/6836
f 1890/403/6837 1889/1064/6838 1893/2547/6839 1894/1930/6840
f 1892/1918/6841 1891/1838/6842 1895/2774/6843 1896/2543/6844
f 1894/1930/6845 1893/2547/6846 1873/2697/6847 1876/2164/6848
f 1896/2543/6849 1895/2774/6850 1877/1288/6851 1880/2765/6852
f 1897/2236/6853 1898/2809/6854 1899/2418/6855 1900/2502/6856
f 1880/2765/6857 1879/274/6858 1901/2929/6859 1902/244/6860
f 1903/3023/6861 1897/2236/6862 1900/2502/6863 1904/924/6864
f 1879/274/6865 1884/2798/6866 1905/2548/6867 1901/2929/6868
f 1906/1477/6869 1903/2660/6870 1904/3018/6871 1907/567/6872
f 1884/1646/6873 1888/36/6874 1908/1206/6875 1905/2498/6876
f 1909/2321/6877 1906/1477/6878 1907/567/6879 1910/1780/6880
f 1888/36/6881 1892/3060/6882 1911/2032/6883 1908/1206/6884
f 1912/1637/6885 1909/805/6886 1910/1739/6887 1913/1690/6888
f 1892/1918/6889 1896/2543/6890 1914/578/6891 1911/1235/6892
f 1898/2809/6893 1912/1637/6894 1913/1690/6895 1899/2418/6896
f 1896/2543/6897 1880/2765/6898 1902/244/6899 1914/578/6900
f 1915/657/6901 1916/1869/6902 1912/1637/6903 1898/2809/6904
f 1916/1869/6905 1917/1236/6906 1909/805/6907 1912/1637/6908
f 1917/1892/6909 1918/3093/6910 1906/1477/6911 1909/2321/6912
f 1918/3093/6913 1919/160/6914 1903/2660/6915 1906/1477/6916
f 1919/1167/6917 1920/2077/6918 1897/2236/6919 1903/3023/6920
f 1920/2077/6921 1915/657/6922 1898/2809/6923 1897/2236/6924
f 1914/578/6925 1902/244/6926 1921/420/6927 1922/968/6928
f 1911/1235/6929 1914/578/6930 1922/968/6931 1923/2131/6932
f 1908/1206/6933 1911/2032/6934 1923/1098/6935 1924/1964/6936
f 1905/2498/6937 1908/1206/6938 1924/1964/6939 1925/1654/6940
f 1901/2929/6941 1905/2548/6942 1925/2079/6943 1926/3122/6944
f 1902/244/6945 1901/2929/6946 1926/3122/6947 1921/420/6948
f 1882/791/6949 1874/2406/6950 1920/2077/6951 1919/1167/6952
f 1918/3093/6953 1885/2450/6954 1882/1664/6955 1919/160/6956
f 1917/1892/6957 1889/2534/6958 1885/2450/6959 1918/3093/6960
f 1893/2547/6961 1889/1064/6962 1917/1236/6963 1916/1869/6964
f 1873/2697/6965 1893/2547/6966 1916/1869/6967 1915/657/6968
f 1920/2077/6969 1874/2406/6970 1873/2697/6971 1915/657/6972
f 1927/2554/6973 1928/2153/6974 1883/516/6975 1878/1513/6976
f 1929/2276/6977 1887/2168/6978 1883/1757/6979 1928/2426/6980
f 1930/1383/6981 1891/630/6982 1887/2168/6983 1929/2276/6984
f 1895/2774/6985 1891/1838/6986 1930/1421/6987 1931/1756/6988
f 1877/1288/6989 1895/2774/6990 1931/1756/6991 1932/2232/6992
f 1927/2554/6993 1878/1513/6994 1877/1288/6995 1932/2232/6996
f 1900/2502/6997 1899/2418/6998 1933/2156/6999 1934/2620/7000
f 1921/420/7001 1926/3122/7002 1935/2013/7003 1936/2993/7004
f 1904/924/7005 1900/2502/7006 1934/2620/7007 1937/2741/7008
f 1926/3122/7009 1925/2079/7010 1938/3003/7011 1935/2013/7012
f 1907/567/7013 1904/3018/7014 1937/670/7015 1939/2780/7016
f 1925/1654/7017 1924/1964/7018 1940/2743/7019 1938/1759/7020
f 1910/1780/7021 1907/567/7022 1939/2780/7023 1941/3158/7024
f 1924/1964/7025 1923/1098/7026 1942/959/7027 1940/2743/7028
f 1913/1690/7029 1910/1739/7030 1941/441/7031 1943/1038/7032
f 1923/2131/7033 1922/968/7034 1944/704/7035 1942/165/7036
f 1899/2418/7037 1913/1690/7038 1943/1038/7039 1933/2156/7040
f 1922/968/7041 1921/420/7042 1936/2993/7043 1944/704/7044
f 1937/670/7045 1945/2468/7046 1941/3158/7047 1939/2780/7048
f 1946/1555/7049 1938/1759/7050 1940/2743/7051 1942/959/7052
f 1937/2741/7053 1934/2620/7054 1933/2156/7055 1945/483/7056
f 1935/2013/7057 1938/3003/7058 1946/155/7059 1936/2993/7060
f 1933/2156/7061 1943/1038/7062 1941/441/7063 1945/483/7064
f 1944/704/7065 1936/2993/7066 1946/155/7067 1942/165/7068
f 1947/3171/7069 1948/2790/7070 1949/2091/7071 1950/601/7072
f 1951/140/7073 1952/1731/7074 1953/393/7075 1954/3164/7076
f 1955/91/7077 1947/3171/7078 1950/601/7079 1956/453/7080
f 1957/903/7081 1953/393/7082 1952/1731/7083 1958/2085/7084
f 1959/592/7085 1955/91/7086 1956/453/7087 1960/921/7088
f 1958/2085/7089 1961/500/7090 1962/517/7091 1957/903/7092
f 1963/2704/7093 1959/3114/7094 1960/1734/7095 1964/2757/7096
f 1965/2891/7097 1962/406/7098 1961/1486/7099 1966/1504/7100
f 1967/1458/7101 1968/2827/7102 1963/2704/7103 1964/2757/7104
f 1969/2384/7105 1970/76/7106 1965/2891/7107 1966/1504/7108
f 1948/82/7109 1968/2827/7110 1967/1458/7111 1949/1540/7112
f 1954/263/7113 1970/76/7114 1969/2384/7115 1951/1345/7116
f 1971/1328/7117 1968/2827/7118 1948/82/7119 1972/724/7120
f 1963/2704/7121 1968/2827/7122 1971/1328/7123 1973/2133/7124
f 1974/526/7125 1959/3114/7126 1963/2704/7127 1973/2133/7128
f 1974/3182/7129 1975/1123/7130 1955/91/7131 1959/592/7132
f 1976/28/7133 1947/3171/7134 1955/91/7135 1975/1123/7136
f 1976/28/7137 1972/696/7138 1948/2790/7139 1947/3171/7140
f 1977/2228/7141 1970/76/7142 1954/263/7143 1978/2188/7144
f 1965/2891/7145 1970/76/7146 1977/2228/7147 1979/862/7148
f 1980/258/7149 1962/406/7150 1965/2891/7151 1979/862/7152
f 1957/903/7153 1962/517/7154 1980/1017/7155 1981/2796/7156
f 1982/622/7157 1953/393/7158 1957/903/7159 1981/2796/7160
f 1954/3164/7161 1953/393/7162 1982/622/7163 1978/632/7164
f 1983/1979/7165 1984/1982/7166 1985/1099/7167 1986/235/7168
f 1978/632/7169 1982/622/7170 1987/1087/7171 1988/2572/7172
f 1989/1868/7173 1983/1979/7174 1986/235/7175 1990/443/7176
f 1982/622/7177 1981/2796/7178 1991/1882/7179 1987/1087/7180
f 1992/3139/7181 1989/1868/7182 1990/443/7183 1993/871/7184
f 1981/2796/7185 1980/1017/7186 1994/2580/7187 1991/1882/7188
f 1995/2478/7189 1992/635/7190 1993/2570/7191 1996/807/7192
f 1980/258/7193 1979/862/7194 1997/1266/7195 1994/3181/7196
f 1998/77/7197 1995/2478/7198 1996/807/7199 1999/1230/7200
f 1979/862/7201 1977/2228/7202 2000/2143/7203 1997/1266/7204
f 1984/1514/7205 1998/77/7206 1999/1230/7207 1985/2823/7208
f 1977/2228/7209 1978/2188/7210 1988/1150/7211 2000/2143/7212
f 1949/1540/7213 1967/1458/7214 1998/77/7215 1984/1514/7216
f 1967/1458/7217 1964/2757/7218 1995/2478/7219 1998/77/7220
f 1964/2757/7221 1960/1734/7222 1992/635/7223 1995/2478/7224
f 1960/921/7225 1956/453/7226 1989/1868/7227 1992/3139/7228
f 1956/453/7229 1950/601/7230 1983/1979/7231 1989/1868/7232
f 1950/601/7233 1949/2091/7234 1984/1982/7235 1983/1979/7236
f 2000/2143/7237 1988/1150/7238 2001/878/7239 2002/2099/7240
f 1997/1266/7241 2000/2143/7242 2002/2099/7243 2003/2739/7244
f 1994/3181/7245 1997/1266/7246 2003/2739/7247 2004/3180/7248
f 1991/1882/7249 1994/2580/7250 2004/2495/7251 2005/975/7252
f 1987/1087/7253 1991/1882/7254 2005/975/7255 2006/701/7256
f 1988/2572/7257 1987/1087/7258 2006/701/7259 2001/156/7260
f 1993/871/7261 2007/1974/7262 1999/5/7263 1996/1045/7264
f 2008/3064/7265 2004/3180/7266 2003/2739/7267 2002/2099/7268
f 2007/1974/7269 1993/871/7270 1990/443/7271 1986/235/7272
f 2004/2495/7273 2008/1938/7274 2006/701/7275 2005/975/7276
f 2007/1974/7277 1986/235/7278 1985/1099/7279 1999/5/7280
f 2006/701/7281 2008/1938/7282 2002/664/7283 2001/156/7284
f 1890/403/7285 1894/1930/7286 1975/1123/7287 1974/3182/7288
f 1931/1756/7289 1930/1421/7290 1961/500/7291 1958/2085/7292
f 1875/2583/7293 1881/1379/7294 1810/43/7295 1814/1626/7296
f 1928/2153/7297 1927/2554/7298 1827/1264/7299 1826/2896/7300
f 1795/1035/7301 1802/1388/7302 1768/863/7303 1771/2614/7304
f 1823/984/7305 1824/899/7306 1869/3146/7307 1867/203/7308
f 1795/1035/7309 1771/2614/7310 1765/2894/7311 1796/1603/7312
f 1869/3146/7313 1824/899/7314 1828/2735/7315 1870/2797/7316
f 1875/2583/7317 1814/1626/7318 1796/1603/7319 1876/2164/7320
f 1827/1264/7321 1927/2554/7322 1932/2232/7323 1828/2735/7324
f 1975/1123/7325 1894/1930/7326 1876/2164/7327 1976/28/7328
f 1931/1756/7329 1958/2085/7330 1952/1731/7331 1932/2232/7332
f 2009/3051/7333 2010/25/7334 2011/2483/7335 2012/2448/7336
f 1870/2797/7337 2013/581/7338 2014/2701/7339 1871/1104/7340
f 2015/1694/7341 2011/2483/7342 2010/25/7343 2016/1062/7344
f 1870/2797/7345 1828/2735/7346 2017/2818/7347 2013/581/7348
f 2016/1062/7349 2018/2130/7350 2019/2080/7351 2015/1694/7352
f 2020/2528/7353 2017/2818/7354 1828/2735/7355 1932/2232/7356
f 2018/2130/7357 2021/2590/7358 2022/1068/7359 2019/2080/7360
f 2023/1131/7361 2020/2528/7362 1932/2232/7363 1952/1731/7364
f 2024/518/7365 2022/1068/7366 2021/2590/7367 2025/2610/7368
f 1952/1731/7369 1951/140/7370 2026/1187/7371 2023/1131/7372
f 1890/2769/7373 1974/526/7374 1973/2133/7375 1886/1467/7376
f 1961/1486/7377 1930/1383/7378 1929/2276/7379 1966/1504/7380
f 1810/424/7381 1881/2983/7382 1886/1467/7383 1806/1234/7384
f 1928/2426/7385 1826/2943/7386 1825/2679/7387 1929/2276/7388
f 1768/1496/7389 1802/1948/7390 1806/1234/7391 1745/1547/7392
f 1823/1432/7393 1867/3160/7394 1868/1443/7395 1825/2679/7396
f 2027/2853/7397 2028/1771/7398 2029/2948/7399 2030/2353/7400
f 2031/1255/7401 2032/1269/7402 1969/2384/7403 1966/1504/7404
f 2033/1570/7405 2027/2853/7406 2030/2353/7407 2034/1608/7408
f 2035/1339/7409 2031/1255/7410 1966/1504/7411 1929/2276/7412
f 2034/1608/7413 2036/1272/7414 2037/1342/7415 2033/1570/7416
f 1825/2679/7417 2038/1864/7418 2035/1339/7419 1929/2276/7420
f 2028/1771/7421 2024/551/7422 2025/2688/7423 2029/2948/7424
f 2032/1269/7425 2026/2886/7426 1951/1345/7427 1969/2384/7428
f 2033/1570/7429 2037/1342/7430 1806/1234/7431 1886/1467/7432
f 1973/2133/7433 2027/2853/7434 2033/1570/7435 1886/1467/7436
f 1971/1328/7437 2028/1771/7438 2027/2853/7439 1973/2133/7440
f 1972/724/7441 2024/551/7442 2028/1771/7443 1971/1328/7444
f 1972/696/7445 1976/28/7446 2022/1068/7447 2024/518/7448
f 2019/2080/7449 2022/1068/7450 1976/28/7451 1876/2164/7452
f 2015/1694/7453 2019/2080/7454 1876/2164/7455 1796/1603/7456
f 1796/1603/7457 1765/2894/7458 2011/2483/7459 2015/1694/7460
f 2012/2448/7461 2011/2483/7462 1765/2894/7463 1762/1894/7464
f 2039/142/7465 2040/1678/7466 1717/2433/7467 1716/362/7468
f 1715/3195/7469 2041/1403/7470 2039/142/7471 1716/362/7472
f 1714/402/7473 2042/2875/7474 2041/1403/7475 1715/3195/7476
f 1713/2984/7477 2043/2057/7478 2042/2875/7479 1714/402/7480
f 2044/2992/7481 2043/1796/7482 1713/3029/7483 1712/2611/7484
f 1712/2611/7485 1711/2828/7486 2045/2939/7487 2044/2992/7488
f 1711/2828/7489 1710/1096/7490 2046/2542/7491 2045/2939/7492
f 2047/2215/7493 2046/2542/7494 1710/1096/7495 1709/2096/7496
f 2048/556/7497 2047/2215/7498 1709/2096/7499 1718/2397/7500
f 2036/1272/7501 2009/2417/7502 2012/1405/7503 2037/1342/7504
f 1718/2397/7505 1717/2433/7506 2040/1678/7507 2048/556/7508
f 1806/1234/7509 2037/1342/7510 1746/2344/7511 1745/1547/7512
f 2038/1864/7513 1825/2679/7514 1868/1443/7515 1872/1935/7516
f 2037/1342/7517 2012/1405/7518 1762/1293/7519 1746/2344/7520
f 2014/2782/7521 2038/1864/7522 1872/1935/7523 1871/1877/7524
f 2016/2235/7525 2010/1686/7526 1621/493/7527 1635/1550/7528
f 1635/1550/7529 1632/604/7530 2018/2170/7531 2016/2235/7532
f 1632/604/7533 1628/151/7534 2021/237/7535 2018/2170/7536
f 2025/277/7537 2021/237/7538 1628/151/7539 1627/2897/7540
f 2029/990/7541 2025/1581/7542 1627/1214/7543 1643/1309/7544
f 2030/756/7545 2029/990/7546 1643/1309/7547 1642/967/7548
f 2034/1750/7549 2030/756/7550 1642/967/7551 1646/1146/7552
f 1638/480/7553 2036/795/7554 2034/1750/7555 1646/1146/7556
f 1638/480/7557 1622/2587/7558 2009/3204/7559 2036/795/7560
f 1621/493/7561 2010/1686/7562 2009/3204/7563 1622/2587/7564
f 2013/581/7565 2017/2818/7566 2046/1456/7567 2047/2197/7568
f 2045/1012/7569 2046/1456/7570 2017/2818/7571 2020/2528/7572
f 2044/1046/7573 2045/1012/7574 2020/2528/7575 2023/1131/7576
f 2023/1131/7577 2026/1187/7578 2043/1616/7579 2044/1046/7580
f 2042/3071/7581 2043/1480/7582 2026/2886/7583 2032/1269/7584
f 2041/749/7585 2042/3071/7586 2032/1269/7587 2031/1255/7588
f 2039/372/7589 2041/749/7590 2031/1255/7591 2035/1339/7592
f 2035/1339/7593 2038/1864/7594 2040/2744/7595 2039/372/7596
f 2048/1414/7597 2040/2744/7598 2038/1864/7599 2014/2782/7600
f 2014/2701/7601 2013/581/7602 2047/2197/7603 2048/1833/7604
f 2049/934/7605 2050/1681/7606 2051/629/7607 2052/3123/7608
f 2053/2961/7609 2054/354/7610 2055/1296/7611 2056/1858/7612
f 2052/3123/7613 2057/1054/7614 2058/172/7615 2049/934/7616
f 2058/1683/7617 2057/1124/7618 2055/1296/7619 2054/354/7620
f 2050/1681/7621 2059/2885/7622 2060/1210/7623 2051/629/7624
f 2061/584/7625 2053/2961/7626 2056/1858/7627 2062/182/7628
f 2059/2885/7629 2063/1790/7630 2064/2052/7631 2060/1210/7632
f 2063/1790/7633 2061/584/7634 2062/182/7635 2064/2052/7636
f 2064/129/7637 2062/2352/7638 854/3082/7639 853/2814/7640
f 2060/2151/7641 2064/129/7642 853/2814/7643 855/1509/7644
f 2049/934/7645 2058/172/7646 2065/2761/7647 2066/1057/7648
f 2058/1683/7649 2054/354/7650 2067/511/7651 2065/2190/7652
f 2054/354/7653 2053/2961/7654 2068/2420/7655 2067/511/7656
f 2053/2961/7657 2061/584/7658 2069/2510/7659 2068/2420/7660
f 2061/584/7661 2063/1790/7662 2070/2791/7663 2069/2510/7664
f 2063/1790/7665 2059/2885/7666 2071/1878/7667 2070/2791/7668
f 2059/2885/7669 2050/1681/7670 2072/2945/7671 2071/1878/7672
f 2050/1681/7673 2049/934/7674 2066/1057/7675 2072/2945/7676
f 2066/1057/7677 2065/2761/7678 2073/451/7679 2074/2092/7680
f 2065/2190/7681 2067/511/7682 2075/1881/7683 2073/3028/7684
f 2067/511/7685 2068/2420/7686 2076/105/7687 2075/1881/7688
f 2068/2420/7689 2069/2510/7690 2077/1055/7691 2076/105/7692
f 2069/2510/7693 2070/2791/7694 2078/1647/7695 2077/1055/7696
f 2070/2791/7697 2071/1878/7698 2079/2652/7699 2078/1647/7700
f 2071/1878/7701 2072/2945/7702 2080/1156/7703 2079/2652/7704
f 2072/2945/7705 2066/1057/7706 2074/2092/7707 2080/1156/7708
f 2074/2092/7709 2073/451/7710 2081/951/7711 2082/1394/7712
f 2073/3028/7713 2075/1881/7714 2083/1898/7715 2081/533/7716
f 2075/1881/7717 2076/105/7718 2084/792/7719 2083/1898/7720
f 2076/105/7721 2077/1055/7722 2085/364/7723 2084/792/7724
f 2077/1055/7725 2078/1647/7726 2086/2340/7727 2085/364/7728
f 2078/1647/7729 2079/2652/7730 2087/1475/7731 2086/2340/7732
f 2079/2652/7733 2080/1156/7734 2088/610/7735 2087/1475/7736
f 2080/1156/7737 2074/2092/7738 2082/1394/7739 2088/610/7740
f 858/557/7741 2057/1047/7742 2052/1901/7743 862/2310/7744
f 2057/395/7745 858/1113/7746 861/2594/7747 2055/3172/7748
f 863/727/7749 862/2310/7750 807/1708/7751 1488/1472/7752
f 861/2594/7753 860/2466/7754 1487/2460/7755 810/1764/7756
f 807/1708/7757 862/2310/7758 2089/1344/7759 808/302/7760
f 861/2594/7761 810/1764/7762 802/3173/7763 2090/2192/7764
f 862/2310/7765 2052/1901/7766 2051/1849/7767 2089/1344/7768
f 2055/3172/7769 861/2594/7770 2090/2192/7771 2056/2255/7772
f 855/1509/7773 795/650/7774 794/2663/7775 2060/2151/7776
f 798/2214/7777 854/3082/7778 2062/2352/7779 856/2884/7780
f 808/302/7781 2089/1344/7782 2051/1849/7783 801/1238/7784
f 2090/2192/7785 802/3173/7786 805/1249/7787 2056/2255/7788
f 801/1238/7789 2051/1849/7790 2060/2151/7791 794/2663/7792
f 2056/2255/7793 805/1249/7794 856/2884/7795 2062/2352/7796
f 2091/1251/7797 2092/71/7798 2093/1052/7799 2094/1168/7800
f 2092/2862/7801 2095/326/7802 2096/2901/7803 2093/1300/7804
f 2095/326/7805 2097/2516/7806 2098/2810/7807 2096/2901/7808
f 2097/2516/7809 2099/2189/7810 2100/799/7811 2098/2810/7812
f 2099/2189/7813 2101/965/7814 2102/130/7815 2100/799/7816
f 2101/965/7817 2103/764/7818 2104/2003/7819 2102/130/7820
f 2103/764/7821 2105/1778/7822 2106/1533/7823 2104/2003/7824
f 2105/1778/7825 2091/1251/7826 2094/1168/7827 2106/1533/7828
f 2082/1394/7829 2081/951/7830 2107/1198/7831 2108/2859/7832
f 2081/533/7833 2083/1898/7834 2109/2129/7835 2107/1672/7836
f 2083/1898/7837 2084/792/7838 2110/494/7839 2109/2129/7840
f 2084/792/7841 2085/364/7842 2111/1914/7843 2110/494/7844
f 2085/364/7845 2086/2340/7846 2112/2423/7847 2111/1914/7848
f 2086/2340/7849 2087/1475/7850 2113/2312/7851 2112/2423/7852
f 2087/1475/7853 2088/610/7854 2114/1019/7855 2113/2312/7856
f 2088/610/7857 2082/1394/7858 2108/2859/7859 2114/1019/7860
f 2108/2859/7861 2107/1198/7862 2115/259/7863 2116/416/7864
f 2107/1672/7865 2109/2129/7866 2117/2372/7867 2115/831/7868
f 2109/2129/7869 2110/494/7870 2118/2946/7871 2117/2372/7872
f 2110/494/7873 2111/1914/7874 2119/2873/7875 2118/2946/7876
f 2111/1914/7877 2112/2423/7878 2120/775/7879 2119/2873/7880
f 2112/2423/7881 2113/2312/7882 2121/418/7883 2120/775/7884
f 2113/2312/7885 2114/1019/7886 2122/2364/7887 2121/418/7888
f 2114/1019/7889 2108/2859/7890 2116/416/7891 2122/2364/7892
f 2116/416/7893 2115/259/7894 2123/2055/7895 2124/1776/7896
f 2115/831/7897 2117/2372/7898 2125/2607/7899 2123/2684/7900
f 2117/2372/7901 2118/2946/7902 2126/3185/7903 2125/2607/7904
f 2118/2946/7905 2119/2873/7906 2127/2326/7907 2126/3185/7908
f 2119/2873/7909 2120/775/7910 2128/2176/7911 2127/2326/7912
f 2120/775/7913 2121/418/7914 2129/97/7915 2128/2176/7916
f 2121/418/7917 2122/2364/7918 2130/2140/7919 2129/97/7920
f 2122/2364/7921 2116/416/7922 2124/1776/7923 2130/2140/7924
f 2124/1776/7925 2123/2055/7926 2131/892/7927 2132/2404/7928
f 2123/2684/7929 2125/2607/7930 2133/606/7931 2131/1961/7932
f 2125/2607/7933 2126/3185/7934 2134/2058/7935 2133/606/7936
f 2126/3185/7937 2127/2326/7938 2135/1464/7939 2134/2058/7940
f 2127/2326/7941 2128/2176/7942 2136/1247/7943 2135/1464/7944
f 2128/2176/7945 2129/97/7946 2137/2217/7947 2136/1247/7948
f 2129/97/7949 2130/2140/7950 2138/2975/7951 2137/2217/7952
f 2130/2140/7953 2124/1776/7954 2132/2404/7955 2138/2975/7956
f 2132/2404/7957 2131/892/7958 2139/2536/7959 2140/388/7960
f 2131/1961/7961 2133/606/7962 2141/1655/7963 2139/2414/7964
f 2133/606/7965 2134/2058/7966 2142/83/7967 2141/1655/7968
f 2134/2058/7969 2135/1464/7970 2143/2562/7971 2142/83/7972
f 2135/1464/7973 2136/1247/7974 2144/522/7975 2143/2562/7976
f 2136/1247/7977 2137/2217/7978 2145/2398/7979 2144/522/7980
f 2137/2217/7981 2138/2975/7982 2146/2627/7983 2145/2398/7984
f 2138/2975/7985 2132/2404/7986 2140/388/7987 2146/2627/7988
f 2140/388/7989 2139/2536/7990 2147/1703/7991 2148/1470/7992
f 2139/2414/7993 2141/1655/7994 2149/369/7995 2147/1893/7996
f 2141/1655/7997 2142/83/7998 2150/1730/7999 2149/369/8000
f 2142/83/8001 2143/2562/8002 2151/414/8003 2150/1730/8004
f 2143/2562/8005 2144/522/8006 2152/2839/8007 2151/414/8008
f 2144/522/8009 2145/2398/8010 2153/123/8011 2152/2839/8012
f 2145/2398/8013 2146/2627/8014 2154/2261/8015 2153/123/8016
f 2146/2627/8017 2140/388/8018 2148/1470/8019 2154/2261/8020
f 2148/1470/8021 2147/1703/8022 2155/2019/8023 2156/2226/8024
f 2147/1893/8025 2149/369/8026 2157/1805/8027 2155/1021/8028
f 2149/369/8029 2150/1730/8030 2158/2014/8031 2157/1805/8032
f 2150/1730/8033 2151/414/8034 2159/1302/8035 2158/2014/8036
f 2151/414/8037 2152/2839/8038 2160/2530/8039 2159/1302/8040
f 2152/2839/8041 2153/123/8042 2161/929/8043 2160/2530/8044
f 2153/123/8045 2154/2261/8046 2162/765/8047 2161/929/8048
f 2154/2261/8049 2148/1470/8050 2156/2226/8051 2162/765/8052
f 2156/2226/8053 2155/2019/8054 2163/1194/8055 2164/39/8056
f 2155/1021/8057 2157/1805/8058 2165/2760/8059 2163/945/8060
f 2157/1805/8061 2158/2014/8062 2166/2206/8063 2165/2760/8064
f 2158/2014/8065 2159/1302/8066 2167/1737/8067 2166/2206/8068
f 2159/1302/8069 2160/2530/8070 2168/1919/8071 2167/1737/8072
f 2160/2530/8073 2161/929/8074 2169/1444/8075 2168/1919/8076
f 2161/929/8077 2162/765/8078 2170/320/8079 2169/1444/8080
f 2162/765/8081 2156/2226/8082 2164/39/8083 2170/320/8084
f 2164/39/8085 2163/1194/8086 2171/175/8087 2172/1248/8088
f 2163/945/8089 2165/2760/8090 2173/966/8091 2171/1766/8092
f 2165/2760/8093 2166/2206/8094 2174/113/8095 2173/966/8096
f 2166/2206/8097 2167/1737/8098 2175/1917/8099 2174/113/8100
f 2167/1737/8101 2168/1919/8102 2176/3191/8103 2175/1917/8104
f 2168/1919/8105 2169/1444/8106 2177/2520/8107 2176/3191/8108
f 2169/1444/8109 2170/320/8110 2178/2788/8111 2177/2520/8112
f 2170/320/8113 2164/39/8114 2172/1248/8115 2178/2788/8116
f 2172/1248/8117 2171/175/8118 2179/1576/8119 2180/1277/8120
f 2171/1766/8121 2173/966/8122 2181/1920/8123 2179/3069/8124
f 2173/966/8125 2174/113/8126 2182/118/8127 2181/1920/8128
f 2174/113/8129 2175/1917/8130 2183/109/8131 2182/118/8132
f 2175/1917/8133 2176/3191/8134 2184/31/8135 2183/109/8136
f 2176/3191/8137 2177/2520/8138 2185/2320/8139 2184/31/8140
f 2177/2520/8141 2178/2788/8142 2186/387/8143 2185/2320/8144
f 2178/2788/8145 2172/1248/8146 2180/1277/8147 2186/387/8148
f 2187/2342/8149 2188/1439/8150 2189/378/8151 2190/2313/8152
f 2188/675/8153 2191/2747/8154 2192/2084/8155 2189/688/8156
f 2191/2747/8157 2193/159/8158 2194/687/8159 2192/2084/8160
f 2193/159/8161 2195/2000/8162 2196/2081/8163 2194/687/8164
f 2195/2000/8165 2197/2301/8166 2198/2908/8167 2196/2081/8168
f 2197/2301/8169 2199/379/8170 2200/78/8171 2198/2908/8172
f 2199/379/8173 2201/1294/8174 2202/9/8175 2200/78/8176
f 2201/1294/8177 2187/2342/8178 2190/2313/8179 2202/9/8180
f 2180/1277/8181 2179/1576/8182 2188/1439/8183 2187/2342/8184
f 2179/3069/8185 2181/1920/8186 2191/2747/8187 2188/675/8188
f 2181/1920/8189 2182/118/8190 2193/159/8191 2191/2747/8192
f 2182/118/8193 2183/109/8194 2195/2000/8195 2193/159/8196
f 2183/109/8197 2184/31/8198 2197/2301/8199 2195/2000/8200
f 2184/31/8201 2185/2320/8202 2199/379/8203 2197/2301/8204
f 2185/2320/8205 2186/387/8206 2201/1294/8207 2199/379/8208
f 2186/387/8209 2180/1277/8210 2187/2342/8211 2201/1294/8212
f 2190/2313/8213 2189/378/8214 2203/1623/8215 2204/1408/8216
f 2189/688/8217 2192/2084/8218 2205/226/8219 2203/1377/8220
f 2192/2084/8221 2194/687/8222 2206/2537/8223 2205/226/8224
f 2194/687/8225 2196/2081/8226 2207/808/8227 2206/2537/8228
f 2196/2081/8229 2198/2908/8230 2208/2521/8231 2207/808/8232
f 2198/2908/8233 2200/78/8234 2209/312/8235 2208/2521/8236
f 2200/78/8237 2202/9/8238 2210/865/8239 2209/312/8240
f 2202/9/8241 2190/2313/8242 2204/1408/8243 2210/865/8244
f 2204/1408/8245 2203/1623/8246 2211/2713/8247 2212/993/8248
f 2203/1377/8249 2205/226/8250 2213/1399/8251 2211/1171/8252
f 2205/226/8253 2206/2537/8254 2214/1921/8255 2213/1399/8256
f 2206/2537/8257 2207/808/8258 2215/3078/8259 2214/1921/8260
f 2207/808/8261 2208/2521/8262 2216/849/8263 2215/3078/8264
f 2208/2521/8265 2209/312/8266 2217/2307/8267 2216/849/8268
f 2209/312/8269 2210/865/8270 2218/2746/8271 2217/2307/8272
f 2210/865/8273 2204/1408/8274 2212/993/8275 2218/2746/8276
f 2212/993/8277 2211/2713/8278 2219/588/8279 2220/339/8280
f 2211/1171/8281 2213/1399/8282 2221/2591/8283 2219/548/8284
f 2213/1399/8285 2214/1921/8286 2222/1386/8287 2221/2591/8288
f 2214/1921/8289 2215/3078/8290 2223/291/8291 2222/1386/8292
f 2215/3078/8293 2216/849/8294 2224/2848/8295 2223/291/8296
f 2216/849/8297 2217/2307/8298 2225/2737/8299 2224/2848/8300
f 2217/2307/8301 2218/2746/8302 2226/2905/8303 2225/2737/8304
f 2218/2746/8305 2212/993/8306 2220/339/8307 2226/2905/8308
f 2220/339/8309 2219/588/8310 2227/450/8311 2228/1715/8312
f 2219/548/8313 2221/2591/8314 2229/1125/8315 2227/991/8316
f 2221/2591/8317 2222/1386/8318 2230/323/8319 2229/1125/8320
f 2222/1386/8321 2223/291/8322 2231/2508/8323 2230/323/8324
f 2223/291/8325 2224/2848/8326 2232/2751/8327 2231/2508/8328
f 2224/2848/8329 2225/2737/8330 2233/2877/8331 2232/2751/8332
f 2225/2737/8333 2226/2905/8334 2234/844/8335 2233/2877/8336
f 2226/2905/8337 2220/339/8338 2228/1715/8339 2234/844/8340
f 2228/1715/8341 2227/450/8342 2235/2857/8343 2236/2036/8344
f 2227/991/8345 2229/1125/8346 2237/2484/8347 2235/1565/8348
f 2229/1125/8349 2230/323/8350 2238/444/8351 2237/2484/8352
f 2230/323/8353 2231/2508/8354 2239/1412/8355 2238/444/8356
f 2231/2508/8357 2232/2751/8358 2240/114/8359 2239/1412/8360
f 2232/2751/8361 2233/2877/8362 2241/1818/8363 2240/114/8364
f 2233/2877/8365 2234/844/8366 2242/2813/8367 2241/1818/8368
f 2234/844/8369 2228/1715/8370 2236/2036/8371 2242/2813/8372
f 2236/2036/8373 2235/2857/8374 2243/612/8375 2244/3103/8376
f 2235/1565/8377 2237/2484/8378 2245/1762/8379 2243/513/8380
f 2237/2484/8381 2238/444/8382 2246/2110/8383 2245/1762/8384
f 2238/444/8385 2239/1412/8386 2247/1111/8387 2246/2110/8388
f 2239/1412/8389 2240/114/8390 2248/1227/8391 2247/1111/8392
f 2240/114/8393 2241/1818/8394 2249/481/8395 2248/1227/8396
f 2241/1818/8397 2242/2813/8398 2250/1228/8399 2249/481/8400
f 2242/2813/8401 2236/2036/8402 2244/3103/8403 2250/1228/8404
f 2244/3103/8405 2243/612/8406 2251/1393/8407 2252/8/8408
f 2243/513/8409 2245/1762/8410 2253/2289/8411 2251/1372/8412
f 2245/1762/8413 2246/2110/8414 2254/1465/8415 2253/2289/8416
f 2246/2110/8417 2247/1111/8418 2255/3086/8419 2254/1465/8420
f 2247/1111/8421 2248/1227/8422 2256/989/8423 2255/3086/8424
f 2248/1227/8425 2249/481/8426 2257/721/8427 2256/989/8428
f 2249/481/8429 2250/1228/8430 2258/3105/8431 2257/721/8432
f 2250/1228/8433 2244/3103/8434 2252/8/8435 2258/3105/8436
f 2252/8/8437 2251/1393/8438 2092/71/8439 2091/1251/8440
f 2251/1372/8441 2253/2289/8442 2095/326/8443 2092/2862/8444
f 2253/2289/8445 2254/1465/8446 2097/2516/8447 2095/326/8448
f 2254/1465/8449 2255/3086/8450 2099/2189/8451 2097/2516/8452
f 2255/3086/8453 2256/989/8454 2101/965/8455 2099/2189/8456
f 2256/989/8457 2257/721/8458 2103/764/8459 2101/965/8460
f 2257/721/8461 2258/3105/8462 2105/1778/8463 2103/764/8464
f 2258/3105/8465 2252/8/8466 2091/1251/8467 2105/1778/8468
f 2259/217/8469 2260/301/8470 2261/407/8471 2262/222/8472
f 2260/1709/8473 2263/800/8474 2264/1359/8475 2261/357/8476
f 2263/800/8477 2265/2343/8478 2266/2203/8479 2264/1359/8480
f 2265/2343/8481 2267/2845/8482 2268/773/8483 2266/2203/8484
f 2267/2845/8485 2269/637/8486 2270/341/8487 2268/773/8488
f 2269/637/8489 2271/1912/8490 2272/2578/8491 2270/341/8492
f 2271/1912/8493 2273/458/8494 2274/1029/8495 2272/2578/8496
f 2273/458/8497 2259/217/8498 2262/222/8499 2274/1029/8500
f 2094/1168/8501 2093/1052/8502 2275/1406/8503 2276/1527/8504
f 2093/1300/8505 2096/2901/8506 2277/238/8507 2275/59/8508
f 2096/2901/8509 2098/2810/8510 2278/2436/8511 2277/238/8512
f 2098/2810/8513 2100/799/8514 2279/3119/8515 2278/2436/8516
f 2100/799/8517 2102/130/8518 2280/251/8519 2279/3119/8520
f 2102/130/8521 2104/2003/8522 2281/38/8523 2280/251/8524
f 2104/2003/8525 2106/1533/8526 2282/678/8527 2281/38/8528
f 2106/1533/8529 2094/1168/8530 2276/1527/8531 2282/678/8532
f 2276/1527/8533 2275/1406/8534 2283/686/8535 2284/66/8536
f 2275/59/8537 2277/238/8538 2285/2527/8539 2283/398/8540
f 2277/238/8541 2278/2436/8542 2286/1409/8543 2285/2527/8544
f 2278/2436/8545 2279/3119/8546 2287/766/8547 2286/1409/8548
f 2279/3119/8549 2280/251/8550 2288/750/8551 2287/766/8552
f 2280/251/8553 2281/38/8554 2289/2237/8555 2288/750/8556
f 2281/38/8557 2282/678/8558 2290/739/8559 2289/2237/8560
f 2282/678/8561 2276/1527/8562 2284/66/8563 2290/739/8564
f 2284/66/8565 2283/686/8566 2291/2318/8567 2292/1169/8568
f 2283/398/8569 2285/2527/8570 2293/2690/8571 2291/884/8572
f 2285/2527/8573 2286/1409/8574 2294/1891/8575 2293/2690/8576
f 2286/1409/8577 2287/766/8578 2295/617/8579 2294/1891/8580
f 2287/766/8581 2288/750/8582 2296/1469/8583 2295/617/8584
f 2288/750/8585 2289/2237/8586 2297/3088/8587 2296/1469/8588
f 2289/2237/8589 2290/739/8590 2298/3175/8591 2297/3088/8592
f 2290/739/8593 2284/66/8594 2292/1169/8595 2298/3175/8596
f 2292/1169/8597 2291/2318/8598 2299/2227/8599 2300/126/8600
f 2291/884/8601 2293/2690/8602 2301/857/8603 2299/2930/8604
f 2293/2690/8605 2294/1891/8606 2302/603/8607 2301/857/8608
f 2294/1891/8609 2295/617/8610 2303/802/8611 2302/603/8612
f 2295/617/8613 2296/1469/8614 2304/272/8615 2303/802/8616
f 2296/1469/8617 2297/3088/8618 2305/211/8619 2304/272/8620
f 2297/3088/8621 2298/3175/8622 2306/3144/8623 2305/211/8624
f 2298/3175/8625 2292/1169/8626 2300/126/8627 2306/3144/8628
f 2300/126/8629 2299/2227/8630 2260/301/8631 2259/217/8632
f 2299/2930/8633 2301/857/8634 2263/800/8635 2260/1709/8636
f 2301/857/8637 2302/603/8638 2265/2343/8639 2263/800/8640
f 2302/603/8641 2303/802/8642 2267/2845/8643 2265/2343/8644
f 2303/802/8645 2304/272/8646 2269/637/8647 2267/2845/8648
f 2304/272/8649 2305/211/8650 2271/1912/8651 2269/637/8652
f 2305/211/8653 2306/3144/8654 2273/458/8655 2271/1912/8656
f 2306/3144/8657 2300/126/8658 2259/217/8659 2273/458/8660
f 2262/2816/8661 2261/731/8662 2307/2222/8663 2308/3004/8664
f 2261/1092/8665 2264/580/8666 2309/1298/8667 2307/1541/8668
f 2264/580/8669 2266/2872/8670 2310/265/8671 2309/1298/8672
f 2266/2872/8673 2268/971/8674 2311/459/8675 2310/265/8676
f 2268/971/8677 2270/267/8678 2312/2994/8679 2311/459/8680
f 2270/267/8681 2272/1208/8682 2313/1353/8683 2312/2994/8684
f 2272/1208/8685 2274/2922/8686 2314/3065/8687 2313/1353/8688
f 2274/2922/8689 2262/2816/8690 2308/3004/8691 2314/3065/8692
f 2312/2994/8693 2313/1353/8694 2315/963/8695 2316/915/8696
f 2311/459/8697 2312/2994/8698 2316/915/8699 2317/1222/8700
f 2314/3065/8701 2318/2387/8702 2319/2271/8703 2313/1353/8704
f 2320/2006/8705 2310/265/8706 2311/459/8707 2321/1462/8708
f 2313/1353/8709 2319/2271/8710 2322/2745/8711 2315/963/8712
f 2321/1462/8713 2311/459/8714 2317/1222/8715 2323/121/8716
f 2322/2745/8717 2324/1900/8718 2316/915/8719 2315/963/8720
f 2324/1900/8721 2323/121/8722 2317/1222/8723 2316/915/8724
f 2308/3004/8725 2325/2696/8726 2318/2387/8727 2314/3065/8728
f 2326/1645/8729 2309/1298/8730 2310/265/8731 2320/2006/8732
f 2327/340/8733 2328/377/8734 2308/3004/8735 2307/2222/8736
f 2329/1591/8737 2327/1396/8738 2307/1541/8739 2309/1298/8740
f 2328/377/8741 2330/1586/8742 2325/2696/8743 2308/3004/8744
f 2331/2671/8745 2329/1591/8746 2309/1298/8747 2326/1645/8748
f 2328/377/8749 2327/340/8750 2332/1955/8751 2330/1586/8752
f 2327/1396/8753 2329/1591/8754 2331/2671/8755 2332/3163/8756
f 2333/594/8757 2334/956/8758 2335/157/8759 2336/1665/8760
f 2336/1665/8761 2337/1400/8762 2338/33/8763 2333/594/8764
f 2338/33/8765 2337/1400/8766 2339/100/8767 2340/1184/8768
f 2341/2812/8769 2340/1184/8770 2339/100/8771 2342/547/8772
f 2342/547/8773 2343/1995/8774 2344/1772/8775 2341/2812/8776
f 2345/317/8777 2346/3033/8778 2347/3201/8779 2348/1142/8780
f 2349/2551/8781 2350/667/8782 2345/317/8783 2348/1142/8784
f 2346/3033/8785 2351/1128/8786 2352/2581/8787 2347/3201/8788
f 2353/47/8789 2354/2035/8790 2350/667/8791 2349/2551/8792
f 2351/1128/8793 2355/2913/8794 2356/342/8795 2352/2581/8796
f 2357/1261/8797 2358/2904/8798 2354/2035/8799 2353/47/8800
f 2355/2913/8801 2359/1746/8802 2360/2903/8803 2356/342/8804
f 2361/421/8805 2362/1487/8806 2358/2904/8807 2357/1261/8808
f 2363/1170/8809 2364/2022/8810 2365/2059/8811 2366/1481/8812
f 2365/2059/8813 2367/705/8814 2368/92/8815 2366/1481/8816
f 2365/2059/8817 2364/2022/8818 2362/1487/8819 2361/421/8820
f 2367/705/8821 2365/2059/8822 2361/421/8823 2369/2915/8824
f 2369/2915/8825 2370/2854/8826 2371/742/8827 2367/705/8828
f 2353/47/8829 2369/2915/8830 2361/421/8831 2357/1261/8832
f 2353/47/8833 2372/241/8834 2370/2854/8835 2369/2915/8836
f 2349/2551/8837 2373/1748/8838 2372/241/8839 2353/47/8840
f 2348/1142/8841 2374/842/8842 2373/1748/8843 2349/2551/8844
f 2375/1876/8845 2376/960/8846 2373/1748/8847 2374/842/8848
f 2373/1748/8849 2376/960/8850 2377/2238/8851 2372/241/8852
f 2377/2238/8853 2371/742/8854 2370/2854/8855 2372/241/8856
f 2360/2903/8857 2378/1635/8858 2379/1101/8859 2356/342/8860
f 2380/1522/8861 2352/2581/8862 2356/342/8863 2379/1101/8864
f 2381/1274/8865 2347/3201/8866 2352/2581/8867 2380/1522/8868
f 2347/3201/8869 2381/1274/8870 2374/842/8871 2348/1142/8872
f 2382/2107/8873 2363/287/8874 2366/1053/8875 2383/1517/8876
f 2359/1746/8877 2382/2107/8878 2383/1517/8879 2360/2903/8880
f 2383/1517/8881 2384/3072/8882 2378/1635/8883 2360/2903/8884
f 2383/1517/8885 2366/1053/8886 2368/1231/8887 2384/3072/8888
f 2385/1999/8889 2351/1128/8890 2346/3033/8891 2386/3207/8892
f 2387/3041/8893 2355/2913/8894 2351/1128/8895 2385/1999/8896
f 2388/1827/8897 2359/1746/8898 2355/2913/8899 2387/3041/8900
f 2389/2270/8901 2382/2107/8902 2359/1746/8903 2388/1827/8904
f 2389/2270/8905 2390/1258/8906 2363/287/8907 2382/2107/8908
f 2334/956/8909 2364/2022/8910 2363/1170/8911 2390/782/8912
f 2362/1487/8913 2364/2022/8914 2334/956/8915 2333/594/8916
f 2358/2904/8917 2362/1487/8918 2333/594/8919 2338/33/8920
f 2354/2035/8921 2358/2904/8922 2338/33/8923 2340/1184/8924
f 2350/667/8925 2354/2035/8926 2340/1184/8927 2341/2812/8928
f 2345/317/8929 2350/667/8930 2341/2812/8931 2344/1772/8932
f 2386/3207/8933 2346/3033/8934 2345/317/8935 2344/1772/8936
f 2389/2270/8937 2388/1827/8938 2391/925/8939 2392/1693/8940
f 2390/1258/8941 2389/2270/8942 2392/1693/8943 2393/1573/8944
f 2336/1665/8945 2335/157/8946 2331/2671/8947 2326/1645/8948
f 2320/2006/8949 2337/1400/8950 2336/1665/8951 2326/1645/8952
f 2339/100/8953 2337/1400/8954 2320/2006/8955 2321/1462/8956
f 2342/547/8957 2339/100/8958 2321/1462/8959 2323/121/8960
f 2323/121/8961 2324/1900/8962 2343/1995/8963 2342/547/8964
f 2385/1999/8965 2386/3207/8966 2394/590/8967 2395/2200/8968
f 2395/2200/8969 2396/1511/8970 2387/3041/8971 2385/1999/8972
f 2388/1827/8973 2387/3041/8974 2396/1511/8975 2391/925/8976
f 2395/2200/8977 2394/590/8978 2322/2745/8979 2319/2271/8980
f 2318/2387/8981 2396/1511/8982 2395/2200/8983 2319/2271/8984
f 2391/925/8985 2396/1511/8986 2318/2387/8987 2325/2696/8988
f 2392/1693/8989 2391/925/8990 2325/2696/8991 2330/1586/8992
f 2393/1573/8993 2392/1693/8994 2330/1586/8995 2332/1955/8996
f 2393/2023/8997 2335/157/8998 2334/956/8999 2390/782/9000
f 2332/3163/9001 2331/2671/9002 2335/157/9003 2393/2023/9004
f 2324/1900/9005 2322/2745/9006 2394/590/9007 2343/1995/9008
f 2343/1995/9009 2394/590/9010 2386/3207/9011 2344/1772/9012
f 2397/408/9013 2375/1876/9014 2374/842/9015 2381/1274/9016
f 2380/1522/9017 2398/75/9018 2397/408/9019 2381/1274/9020
f 2380/1522/9021 2379/1101/9022 2399/2934/9023 2398/75/9024
f 2400/2750/9025 2368/92/9026 2367/705/9027 2371/742/9028
f 2371/742/9029 2377/2238/9030 2401/2060/9031 2400/2750/9032
f 2399/2934/9033 2379/1101/9034 2378/1635/9035 2402/1908/9036
f 2384/3072/9037 2403/1307/9038 2402/1908/9039 2378/1635/9040
f 2403/1307/9041 2384/3072/9042 2368/1231/9043 2400/2141/9044
f 109/3152/9045 2404/435/9046 183/624/9047 110/1559/9048
f 2404/435/9049 114/1907/9050 113/527/9051 183/624/9052
f 187/2944/9053 761/2649/9054 2405/1723/9055 2406/1075/9056
f 761/2649/9057 189/829/9058 2407/3024/9059 2405/1723/9060
f 2405/1723/9061 2407/3024/9062 114/1907/9063 2404/435/9064
f 2406/1075/9065 2405/1723/9066 2404/435/9067 109/3152/9068
f 189/829/9069 106/1413/9070 114/1907/9071 2407/3024/9072
f 103/1445/9073 187/2944/9074 2406/1075/9075 109/3152/9076
f 2377/2238/9077 2376/960/9078 2375/1876/9079 2401/2060/9080
f 2408/1532/9081 2397/408/9082 2398/75/9083 2399/2934/9084
f 2397/408/9085 2408/1532/9086 2401/2060/9087 2375/1876/9088
f 2402/1908/9089 2403/1307/9090 2408/1532/9091 2399/2934/9092
f 2403/1307/9093 2400/2141/9094 2401/2060/9095 2408/1532/9096
f 928/1063/9097 1009/3192/9098 1244/2716/9099 1243/108/9100
f 1009/1837/9101 1008/1338/9102 1247/2395/9103 1244/1158/9104
f 1008/1338/9105 1007/464/9106 1249/1973/9107 1247/2395/9108
f 1007/464/9109 1006/1853/9110 1251/1950/9111 1249/1973/9112
f 1006/1853/9113 947/626/9114 1253/2371/9115 1251/1950/9116
f 947/626/9117 942/2244/9118 1255/2533/9119 1253/2371/9120
f 942/2244/9121 939/2732/9122 1257/593/9123 1255/2533/9124
f 939/2732/9125 934/50/9126 1259/2134/9127 1257/593/9128
f 934/50/9129 929/1941/9130 1261/2428/9131 1259/2134/9132
f 929/1941/9133 928/1063/9134 1243/108/9135 1261/2428/9136
f 1045/2864/9137 1021/1870/9138 1264/1163/9139 1263/2841/9140
f 1042/538/9141 1045/2861/9142 1263/3066/9143 1267/850/9144
f 1039/471/9145 1042/538/9146 1267/850/9147 1269/2098/9148
f 1036/2999/9149 1039/471/9150 1269/2098/9151 1271/1138/9152
f 1033/2097/9153 1036/2999/9154 1271/1138/9155 1273/1335/9156
f 1030/3077/9157 1033/2097/9158 1273/1335/9159 1275/1804/9160
f 1027/2866/9161 1030/3077/9162 1275/1804/9163 1277/1382/9164
f 1024/949/9165 1027/2866/9166 1277/1382/9167 1279/456/9168
f 1020/2909/9169 1024/949/9170 1279/456/9171 1281/1567/9172
f 1021/1870/9173 1020/2909/9174 1281/1567/9175 1264/1163/9176
f 1246/2920/9177 1245/713/9178 1360/1568/9179 1359/1240/9180
f 1245/2078/9181 1248/1596/9182 1363/1530/9183 1360/3193/9184
f 1248/1596/9185 1250/2837/9186 1365/1485/9187 1363/1530/9188
f 1250/2837/9189 1252/938/9190 1367/1411/9191 1365/1485/9192
f 1252/938/9193 1254/2563/9194 1369/1779/9195 1367/1411/9196
f 1254/2563/9197 1256/452/9198 1371/873/9199 1369/1779/9200
f 1256/452/9201 1258/122/9202 1373/67/9203 1371/873/9204
f 1258/122/9205 1260/2629/9206 1375/1945/9207 1373/67/9208
f 1260/2629/9209 1262/2724/9210 1377/555/9211 1375/1945/9212
f 1262/2724/9213 1246/2920/9214 1359/1240/9215 1377/555/9216
f 1266/2691/9217 1265/2199/9218 1404/2506/9219 1422/3019/9220
f 1268/602/9221 1266/352/9222 1422/1178/9223 1420/875/9224
f 1270/3016/9225 1268/602/9226 1420/875/9227 1418/3128/9228
f 1272/2619/9229 1270/3016/9230 1418/3128/9231 1416/1494/9232
f 1274/1425/9233 1272/2619/9234 1416/1494/9235 1414/134/9236
f 1276/3095/9237 1274/1425/9238 1414/134/9239 1412/2665/9240
f 1278/659/9241 1276/3095/9242 1412/2665/9243 1410/2997/9244
f 1280/1552/9245 1278/659/9246 1410/2997/9247 1408/3090/9248
f 1282/510/9249 1280/1552/9250 1408/3090/9251 1405/1003/9252
f 1265/2199/9253 1282/510/9254 1405/1003/9255 1404/2506/9256
f 1362/2191/9257 1361/2324/9258 1043/6/9259 1017/671/9260
f 1361/1763/9261 1364/2643/9262 1040/932/9263 1043/1799/9264
f 1364/2643/9265 1366/812/9266 1037/1260/9267 1040/932/9268
f 1366/812/9269 1368/2249/9270 1034/838/9271 1037/1260/9272
f 1368/2249/9273 1370/1492/9274 1031/801/9275 1034/838/9276
f 1370/1492/9277 1372/685/9278 1028/1958/9279 1031/801/9280
f 1372/685/9281 1374/256/9282 1025/115/9283 1028/1958/9284
f 1374/256/9285 1376/1097/9286 1022/2754/9287 1025/115/9288
f 1376/1097/9289 1378/1862/9290 1016/3184/9291 1022/2754/9292
f 1378/1862/9293 1362/2191/9294 1017/671/9295 1016/3184/9296
f 1423/1301/9297 1407/1910/9298 1442/3206/9299 1451/2259/9300
f 1421/1498/9301 1423/2546/9302 1451/392/9303 1450/706/9304
f 1419/2029/9305 1421/1498/9306 1450/706/9307 1449/1460/9308
f 1417/2949/9309 1419/2029/9310 1449/1460/9311 1448/2112/9312
f 1415/4/9313 1417/2949/9314 1448/2112/9315 1447/1506/9316
f 1413/363/9317 1415/4/9318 1447/1506/9319 1446/1278/9320
f 1411/10/9321 1413/363/9322 1446/1278/9323 1445/321/9324
f 1409/2800/9325 1411/10/9326 1445/321/9327 1444/977/9328
f 1406/498/9329 1409/2800/9330 1444/977/9331 1443/2682/9332
f 1407/1910/9333 1406/498/9334 1443/2682/9335 1442/3206/9336
f 974/120/9337 973/1252/9338 897/1503/9339 900/57/9340
f 975/1528/9341 974/227/9342 900/1508/9343 903/747/9344
f 976/2573/9345 975/1528/9346 903/747/9347 922/1058/9348
f 977/45/9349 976/2573/9350 922/1058/9351 918/1446/9352
f 978/3111/9353 977/45/9354 918/1446/9355 916/2955/9356
f 979/2290/9357 978/3111/9358 916/2955/9359 913/1010/9360
f 909/568/9361 980/2636/9362 979/2290/9363 913/1010/9364
f 981/58/9365 980/2636/9366 909/568/9367 906/668/9368
f 889/3059/9369 982/1049/9370 981/58/9371 906/668/9372
f 983/1643/9373 982/1049/9374 889/3059/9375 888/2753/9376
f 972/1915/9377 983/1643/9378 888/2753/9379 894/1666/9380
f 973/1252/9381 972/1915/9382 894/1666/9383 897/1503/9384
f 1015/1770/9385 1014/2585/9386 968/652/9387 925/404/9388
f 1014/501/9389 1013/3118/9390 964/2959/9391 968/201/9392
f 1013/3118/9393 1012/1531/9394 961/3098/9395 964/2959/9396
f 957/454/9397 961/3098/9398 1012/1531/9399 1011/1883/9400
f 951/1819/9401 957/454/9402 1011/1883/9403 1010/1834/9404
f 948/1044/9405 951/1819/9406 1010/1834/9407 998/3154/9408
f 998/3154/9409 997/1081/9410 945/502/9411 948/1044/9412
f 940/521/9413 945/502/9414 997/1081/9415 999/1661/9416
f 999/1661/9417 1002/278/9418 936/1133/9419 940/521/9420
f 1002/278/9421 1004/2178/9422 932/1130/9423 936/1133/9424
f 1004/2178/9425 1005/1590/9426 924/1189/9427 932/1130/9428
f 1005/1590/9429 1015/1770/9430 925/404/9431 924/1189/9432
f 891/1903/9433 890/1922/9434 874/147/9435 876/2631/9436
f 895/2280/9437 891/1903/9438 876/2631/9439 878/1423/9440
f 898/2638/9441 895/2280/9442 878/1423/9443 880/1585/9444
f 901/470/9445 898/2638/9446 880/1585/9447 882/2012/9448
f 904/1067/9449 901/367/9450 882/2459/9451 884/717/9452
f 884/717/9453 886/2454/9454 921/1310/9455 904/1067/9456
f 886/2454/9457 872/1793/9458 919/1577/9459 921/1310/9460
f 915/759/9461 919/1577/9462 872/1793/9463 870/923/9464
f 868/2437/9465 912/890/9466 915/759/9467 870/923/9468
f 864/56/9469 910/1183/9470 912/890/9471 868/2437/9472
f 907/1954/9473 910/1183/9474 864/56/9475 865/1144/9476
f 890/1922/9477 907/1954/9478 865/1144/9479 874/147/9480
f 937/35/9481 933/145/9482 893/2752/9483 892/2233/9484
f 933/145/9485 927/758/9486 896/2575/9487 893/2752/9488
f 927/758/9489 926/2924/9490 899/2843/9491 896/2575/9492
f 926/2924/9493 969/943/9494 902/125/9495 899/2843/9496
f 969/947/9497 965/2154/9498 905/574/9499 902/2446/9500
f 923/636/9501 905/574/9502 965/2154/9503 960/101/9504
f 920/2028/9505 923/636/9506 960/101/9507 956/2350/9508
f 917/2709/9509 920/2028/9510 956/2350/9511 950/333/9512
f 949/694/9513 914/663/9514 917/2709/9515 950/333/9516
f 944/1600/9517 911/530/9518 914/663/9519 949/694/9520
f 908/3025/9521 911/530/9522 944/1600/9523 941/1152/9524
f 892/2233/9525 908/3025/9526 941/1152/9527 937/35/9528
f 820/2785/9529 819/532/9530 732/2008/9531 727/422/9532
f 823/457/9533 820/2785/9534 727/422/9535 722/1385/9536
f 825/2/9537 823/457/9538 722/1385/9539 714/1880/9540
f 827/1069/9541 825/2/9542 714/1880/9543 756/2982/9544
f 757/2400/9545 831/2305/9546 827/1069/9547 756/2982/9548
f 829/253/9549 831/2911/9550 757/1025/9551 755/1332/9552
f 719/1119/9553 826/1545/9554 829/253/9555 755/1332/9556
f 824/1808/9557 826/1545/9558 719/1119/9559 724/3089/9560
f 821/315/9561 824/1808/9562 724/3089/9563 729/1634/9564
f 822/1595/9565 821/315/9566 729/1634/9567 735/37/9568
f 837/2564/9569 822/1595/9570 735/37/9571 741/1843/9572
f 817/1265/9573 843/2842/9574 837/2564/9575 741/1843/9576
f 838/1704/9577 843/2842/9578 817/1265/9579 818/1136/9580
f 816/2962/9581 839/2160/9582 838/1704/9583 818/1136/9584
f 836/2964/9585 839/2160/9586 816/2962/9587 733/2637/9588
f 819/532/9589 836/2964/9590 733/2637/9591 732/2008/9592
f 2/2221/9593 1/2234/9594 2409/2529/9595 2410/1027/9596
f 2411/2511/9597 2412/1380/9598 51/1211/9599 27/3058/9600
f 2412/1380/9601 2413/1112/9602 48/2512/9603 51/1211/9604
f 31/1774/9605 2/2221/9606 2410/1027/9607 2414/1682/9608
f 2415/284/9609 2416/285/9610 19/219/9611 49/1280/9612
f 2417/1312/9613 2415/284/9614 49/1280/9615 46/2504/9616
f 2418/2819/9617 2419/640/9618 2412/1380/9619 2411/2511/9620
f 2419/640/9621 2420/1013/9622 2413/1112/9623 2412/1380/9624
f 2410/1027/9625 2409/2529/9626 2416/285/9627 2415/284/9628
f 2414/1682/9629 2410/1027/9630 2415/284/9631 2417/1312/9632
f 13/3094/9633 6/170/9634 2419/640/9635 2418/2819/9636
f 6/170/9637 5/1159/9638 2420/1013/9639 2419/640/9640
f 2409/2529/9641 9/2229/9642 17/60/9643 2416/285/9644
f 30/214/9645 2418/2819/9646 2411/2511/9647 23/1884/9648
f 54/570/9649 2414/1682/9650 2417/1312/9651 40/1147/9652
f 2420/1013/9653 35/2532/9654 38/2242/9655 2413/1112/9656
f 17/60/9657 20/383/9658 19/219/9659 2416/285/9660
f 24/1652/9661 23/1884/9662 2411/2511/9663 27/3058/9664
f 2409/2529/9665 1/2234/9666 10/2285/9667 9/2229/9668
f 13/3094/9669 2418/2819/9670 30/214/9671 14/262/9672
f 54/570/9673 32/208/9674 31/1774/9675 2414/1682/9676
f 55/623/9677 35/2532/9678 2420/1013/9679 5/1159/9680
f 41/224/9681 40/1147/9682 2417/1312/9683 46/2504/9684
f 38/2242/9685 44/1942/9686 48/2512/9687 2413/1112/9688
f 2468/337/9689 2469/1093/9690 2472/2720/9691 2471/2821/9692
f 2469/1093/9693 2470/2171/9694 2473/2015/9695 2472/2720/9696
f 2471/2821/9697 2472/2720/9698 2475/2967/9699 2474/2968/9700
f 2472/2720/9701 2473/2015/9702 2476/1215/9703 2475/2967/9704
f 2424/2292/9705 2435/503/9706 2468/337/9707 2434/1642/9708
f 2435/503/9709 2436/674/9710 2469/1093/9711 2468/337/9712
f 2436/674/9713 2437/1745/9714 2470/2171/9715 2469/1093/9716
f 2437/1745/9717 2425/298/9718 2438/2470/9719 2470/2171/9720
f 2470/2171/9721 2438/2470/9722 2439/2952/9723 2473/2015/9724
f 2473/2015/9725 2439/2952/9726 2440/1523/9727 2476/1215/9728
f 2476/1215/9729 2440/1523/9730 2427/1932/9731 2441/1594/9732
f 2475/2967/9733 2476/1215/9734 2441/1594/9735 2442/1846/9736
f 2474/2968/9737 2475/2967/9738 2442/1846/9739 2443/2794/9740
f 2432/2871/9741 2474/2968/9742 2443/2794/9743 2426/1946/9744
f 2433/1368/9745 2471/2821/9746 2474/2968/9747 2432/2871/9748
f 2434/1642/9749 2468/337/9750 2471/2821/9751 2433/1368/9752
f 2477/2256/9753 2478/2316/9754 2481/597/9755 2480/835/9756
f 2478/2316/9757 2479/864/9758 2482/107/9759 2481/597/9760
f 2480/835/9761 2481/597/9762 2484/790/9763 2483/582/9764
f 2481/597/9765 2482/107/9766 2485/1632/9767 2484/790/9768
f 2426/1946/9769 2443/2794/9770 2477/2256/9771 2446/1851/9772
f 2443/2794/9773 2442/1846/9774 2478/2316/9775 2477/2256/9776
f 2442/1846/9777 2441/1594/9778 2479/864/9779 2478/2316/9780
f 2441/1594/9781 2427/1932/9782 2447/1899/9783 2479/864/9784
f 2479/864/9785 2447/1899/9786 2448/2304/9787 2482/107/9788
f 2482/107/9789 2448/2304/9790 2449/344/9791 2485/1632/9792
f 2485/1632/9793 2449/344/9794 2431/2625/9795 2450/2245/9796
f 2484/790/9797 2485/1632/9798 2450/2245/9799 2451/887/9800
f 2483/582/9801 2484/790/9802 2451/887/9803 2452/2888/9804
f 2444/1322/9805 2483/582/9806 2452/2888/9807 2430/365/9808
f 2445/153/9809 2480/835/9810 2483/582/9811 2444/1322/9812
f 2446/1851/9813 2477/2256/9814 2480/835/9815 2445/153/9816
f 2486/2440/9817 2487/985/9818 2490/2218/9819 2489/434/9820
f 2487/985/9821 2488/24/9822 2491/1696/9823 2490/2218/9824
f 2489/434/9825 2490/2218/9826 2493/987/9827 2492/1417/9828
f 2490/2218/9829 2491/1696/9830 2494/1172/9831 2493/987/9832
f 2430/365/9833 2452/2888/9834 2486/2440/9835 2455/786/9836
f 2452/2888/9837 2451/887/9838 2487/985/9839 2486/2440/9840
f 2451/887/9841 2450/2245/9842 2488/24/9843 2487/985/9844
f 2450/2245/9845 2431/2625/9846 2456/350/9847 2488/24/9848
f 2488/24/9849 2456/350/9850 2457/1767/9851 2491/1696/9852
f 2491/1696/9853 2457/1767/9854 2458/176/9855 2494/1172/9856
f 2494/1172/9857 2458/176/9858 2429/11/9859 2459/1028/9860
f 2493/987/9861 2494/1172/9862 2459/1028/9863 2460/1014/9864
f 2492/1417/9865 2493/987/9866 2460/1014/9867 2461/3092/9868
f 2453/676/9869 2492/1417/9870 2461/3092/9871 2428/2449/9872
f 2454/1831/9873 2489/434/9874 2492/1417/9875 2453/676/9876
f 2455/786/9877 2486/2440/9878 2489/434/9879 2454/1831/9880
f 2495/2647/9881 2496/187/9882 2499/997/9883 2498/3138/9884
f 2496/187/9885 2497/3151/9886 2500/2177/9887 2499/997/9888
f 2498/3138/9889 2499/997/9890 2502/1856/9891 2501/2918/9892
f 2499/997/9893 2500/2177/9894 2503/539/9895 2502/1856/9896
f 2428/2449/9897 2461/3092/9898 2495/2647/9899 2464/2953/9900
f 2461/3092/9901 2460/1014/9902 2496/187/9903 2495/2647/9904
f 2460/1014/9905 2459/1028/9906 2497/3151/9907 2496/187/9908
f 2459/1028/9909 2429/11/9910 2465/1751/9911 2497/3151/9912
f 2497/3151/9913 2465/1751/9914 2466/2574/9915 2500/2177/9916
f 2500/2177/9917 2466/2574/9918 2467/506/9919 2503/539/9920
f 2503/539/9921 2467/506/9922 2425/79/9923 2437/3050/9924
f 2502/1856/9925 2503/539/9926 2437/3050/9927 2436/813/9928
f 2501/2918/9929 2502/1856/9930 2436/813/9931 2435/69/9932
f 2462/562/9933 2501/2918/9934 2435/69/9935 2424/2722/9936
f 2463/529/9937 2498/3138/9938 2501/2918/9939 2462/562/9940
f 2464/2953/9941 2495/2647/9942 2498/3138/9943 2463/529/9944
f 2504/2431/9945 2505/1276/9946 2508/2471/9947 2507/1030/9948
f 2505/1276/9949 2506/895/9950 2509/783/9951 2508/2471/9952
f 2507/1030/9953 2508/2471/9954 2511/141/9955 2510/1174/9956
f 2508/2471/9957 2509/783/9958 2512/436/9959 2511/141/9960
f 2426/2880/9961 2446/3081/9962 2504/2431/9963 2432/1457/9964
f 2446/3081/9965 2445/2082/9966 2505/1276/9967 2504/2431/9968
f 2445/2082/9969 2444/909/9970 2506/895/9971 2505/1276/9972
f 2444/909/9973 2430/365/9974 2455/786/9975 2506/895/9976
f 2506/895/9977 2455/786/9978 2454/1831/9979 2509/783/9980
f 2509/783/9981 2454/1831/9982 2453/676/9983 2512/436/9984
f 2512/436/9985 2453/676/9986 2428/2449/9987 2464/935/9988
f 2511/141/9989 2512/436/9990 2464/935/9991 2463/1580/9992
f 2510/1174/9993 2511/141/9994 2463/1580/9995 2462/2664/9996
f 2434/886/9997 2510/1174/9998 2462/2664/9999 2424/2061/10000
f 2433/2811/10001 2507/1030/10002 2510/1174/10003 2434/886/10004
f 2432/1457/10005 2504/2431/10006 2507/1030/10007 2433/2811/10008
f 2513/1754/10009 2514/905/10010 2517/23/10011 2516/3165/10012
f 2514/905/10013 2515/2376/10014 2518/2736/10015 2517/23/10016
f 2516/3165/10017 2517/23/10018 2520/1975/10019 2519/70/10020
f 2517/23/10021 2518/2736/10022 2521/1987/10023 2520/1975/10024
f 2431/2625/10025 2449/3076/10026 2513/1754/10027 2456/350/10028
f 2449/3076/10029 2448/572/10030 2514/905/10031 2513/1754/10032
f 2448/572/10033 2447/1960/10034 2515/2376/10035 2514/905/10036
f 2447/1960/10037 2427/1140/10038 2440/1561/10039 2515/2376/10040
f 2515/2376/10041 2440/1561/10042 2439/2762/10043 2518/2736/10044
f 2518/2736/10045 2439/2762/10046 2438/1490/10047 2521/1987/10048
f 2521/1987/10049 2438/1490/10050 2425/2181/10051 2467/2977/10052
f 2520/1975/10053 2521/1987/10054 2467/2977/10055 2466/2139/10056
f 2519/70/10057 2520/1975/10058 2466/2139/10059 2465/93/10060
f 2458/176/10061 2519/70/10062 2465/93/10063 2429/11/10064
f 2457/1767/10065 2516/3165/10066 2519/70/10067 2458/176/10068
f 2456/350/10069 2513/1754/10070 2516/3165/10071 2457/1767/10072
f 2566/2988/10073 2569/1134/10074 2570/353/10075 2567/2899/10076
f 2567/2899/10077 2570/353/10078 2571/2489/10079 2568/475/10080
f 2569/1134/10081 2572/44/10082 2573/2104/10083 2570/353/10084
f 2570/353/10085 2573/2104/10086 2574/1656/10087 2571/2489/10088
f 2522/1076/10089 2532/583/10090 2566/2988/10091 2533/135/10092
f 2533/135/10093 2566/2988/10094 2567/2899/10095 2534/1829/10096
f 2534/1829/10097 2567/2899/10098 2568/475/10099 2535/2472/10100
f 2535/2472/10101 2568/475/10102 2536/1369/10103 2523/3135/10104
f 2568/475/10105 2571/2489/10106 2537/566/10107 2536/1369/10108
f 2571/2489/10109 2574/1656/10110 2538/1953/10111 2537/566/10112
f 2574/1656/10113 2539/331/10114 2525/1905/10115 2538/1953/10116
f 2573/2104/10117 2540/2680/10118 2539/331/10119 2574/1656/10120
f 2572/44/10121 2541/2937/10122 2540/2680/10123 2573/2104/10124
f 2530/2588/10125 2524/2162/10126 2541/2937/10127 2572/44/10128
f 2531/1468/10129 2530/2588/10130 2572/44/10131 2569/1134/10132
f 2532/583/10133 2531/1468/10134 2569/1134/10135 2566/2988/10136
f 2575/1714/10137 2578/1448/10138 2579/490/10139 2576/2648/10140
f 2576/2648/10141 2579/490/10142 2580/1077/10143 2577/1378/10144
f 2578/1448/10145 2581/1370/10146 2582/2225/10147 2579/490/10148
f 2579/490/10149 2582/2225/10150 2583/836/10151 2580/1077/10152
f 2524/2162/10153 2544/525/10154 2575/1714/10155 2541/2937/10156
f 2541/2937/10157 2575/1714/10158 2576/2648/10159 2540/2680/10160
f 2540/2680/10161 2576/2648/10162 2577/1378/10163 2539/331/10164
f 2539/331/10165 2577/1378/10166 2545/1351/10167 2525/1905/10168
f 2577/1378/10169 2580/1077/10170 2546/780/10171 2545/1351/10172
f 2580/1077/10173 2583/836/10174 2547/2970/10175 2546/780/10176
f 2583/836/10177 2548/1840/10178 2529/621/10179 2547/2970/10180
f 2582/2225/10181 2549/2775/10182 2548/1840/10183 2583/836/10184
f 2581/1370/10185 2550/1535/10186 2549/2775/10187 2582/2225/10188
f 2542/707/10189 2528/1512/10190 2550/1535/10191 2581/1370/10192
f 2543/345/10193 2542/707/10194 2581/1370/10195 2578/1448/10196
f 2544/525/10197 2543/345/10198 2578/1448/10199 2575/1714/10200
f 2584/2482/10201 2587/858/10202 2588/3100/10203 2585/732/10204
f 2585/732/10205 2588/3100/10206 2589/908/10207 2586/740/10208
f 2587/858/10209 2590/1499/10210 2591/51/10211 2588/3100/10212
f 2588/3100/10213 2591/51/10214 2592/738/10215 2589/908/10216
f 2528/1512/10217 2553/2202/10218 2584/2482/10219 2550/1535/10220
f 2550/1535/10221 2584/2482/10222 2585/732/10223 2549/2775/10224
f 2549/2775/10225 2585/732/10226 2586/740/10227 2548/1840/10228
f 2548/1840/10229 2586/740/10230 2554/834/10231 2529/621/10232
f 2586/740/10233 2589/908/10234 2555/347/10235 2554/834/10236
f 2589/908/10237 2592/738/10238 2556/2644/10239 2555/347/10240
f 2592/738/10241 2557/1817/10242 2527/2317/10243 2556/2644/10244
f 2591/51/10245 2558/29/10246 2557/1817/10247 2592/738/10248
f 2590/1499/10249 2559/1597/10250 2558/29/10251 2591/51/10252
f 2551/2715/10253 2526/3176/10254 2559/1597/10255 2590/1499/10256
f 2552/2355/10257 2551/2715/10258 2590/1499/10259 2587/858/10260
f 2553/2202/10261 2552/2355/10262 2587/858/10263 2584/2482/10264
f 2593/1354/10265 2596/366/10266 2597/181/10267 2594/917/10268
f 2594/917/10269 2597/181/10270 2598/3137/10271 2595/2568/10272
f 2596/366/10273 2599/460/10274 2600/1610/10275 2597/181/10276
f 2597/181/10277 2600/1610/10278 2601/3121/10279 2598/3137/10280
f 2526/3176/10281 2562/1725/10282 2593/1354/10283 2559/1597/10284
f 2559/1597/10285 2593/1354/10286 2594/917/10287 2558/29/10288
f 2558/29/10289 2594/917/10290 2595/2568/10291 2557/1817/10292
f 2557/1817/10293 2595/2568/10294 2563/941/10295 2527/2317/10296
f 2595/2568/10297 2598/3137/10298 2564/445/10299 2563/941/10300
f 2598/3137/10301 2601/3121/10302 2565/477/10303 2564/445/10304
f 2601/3121/10305 2535/1126/10306 2523/2380/10307 2565/477/10308
f 2600/1610/10309 2534/618/10310 2535/1126/10311 2601/3121/10312
f 2599/460/10313 2533/2995/10314 2534/618/10315 2600/1610/10316
f 2560/1015/10317 2522/351/10318 2533/2995/10319 2599/460/10320
f 2561/944/10321 2560/1015/10322 2599/460/10323 2596/366/10324
f 2562/1725/10325 2561/944/10326 2596/366/10327 2593/1354/10328
f 2602/466/10329 2605/2196/10330 2606/2642/10331 2603/2954/10332
f 2603/2954/10333 2606/2642/10334 2607/133/10335 2604/389/10336
f 2605/2196/10337 2608/1710/10338 2609/2161/10339 2606/2642/10340
f 2606/2642/10341 2609/2161/10342 2610/198/10343 2607/133/10344
f 2524/1384/10345 2530/504/10346 2602/466/10347 2544/1515/10348
f 2544/1515/10349 2602/466/10350 2603/2954/10351 2543/942/10352
f 2543/942/10353 2603/2954/10354 2604/389/10355 2542/3037/10356
f 2542/3037/10357 2604/389/10358 2553/2202/10359 2528/1512/10360
f 2604/389/10361 2607/133/10362 2552/2355/10363 2553/2202/10364
f 2607/133/10365 2610/198/10366 2551/2715/10367 2552/2355/10368
f 2610/198/10369 2562/1852/10370 2526/3176/10371 2551/2715/10372
f 2609/2161/10373 2561/519/10374 2562/1852/10375 2610/198/10376
f 2608/1710/10377 2560/1641/10378 2561/519/10379 2609/2161/10380
f 2532/2756/10381 2522/1814/10382 2560/1641/10383 2608/1710/10384
f 2531/544/10385 2532/2756/10386 2608/1710/10387 2605/2196/10388
f 2530/504/10389 2531/544/10390 2605/2196/10391 2602/466/10392
f 2611/2224/10393 2614/1135/10394 2615/2239/10395 2612/1016/10396
f 2612/1016/10397 2615/2239/10398 2616/1071/10399 2613/2807/10400
f 2614/1135/10401 2617/2635/10402 2618/2106/10403 2615/2239/10404
f 2615/2239/10405 2618/2106/10406 2619/1615/10407 2616/1071/10408
f 2529/621/10409 2554/834/10410 2611/2224/10411 2547/1671/10412
f 2547/1671/10413 2611/2224/10414 2612/1016/10415 2546/1821/10416
f 2546/1821/10417 2612/1016/10418 2613/2807/10419 2545/2116/10420
f 2545/2116/10421 2613/2807/10422 2538/1797/10423 2525/2063/10424
f 2613/2807/10425 2616/1071/10426 2537/2441/10427 2538/1797/10428
f 2616/1071/10429 2619/1615/10430 2536/3049/10431 2537/2441/10432
f 2619/1615/10433 2565/872/10434 2523/3091/10435 2536/3049/10436
f 2618/2106/10437 2564/3142/10438 2565/872/10439 2619/1615/10440
f 2617/2635/10441 2563/2584/10442 2564/3142/10443 2618/2106/10444
f 2556/2644/10445 2527/2317/10446 2563/2584/10447 2617/2635/10448
f 2555/347/10449 2556/2644/10450 2617/2635/10451 2614/1135/10452
f 2554/834/10453 2555/347/10454 2614/1135/10455 2611/2224/10456
